year,season,area,ess,age,length
2006,4,1,0.693697684,11,102
2006,4,1,0.693697684,14,106
2006,4,1,0.693697684,11,112
2006,4,1,0.693697684,22,136
2011,3,1,0.693697684,9,92
2014,3,1,0.693697684,11,116
2016,4,1,0.693697684,13,118
2019,1,1,0.693697684,6,70
2019,1,1,0.693697684,7,70
2019,1,1,0.693697684,7,70
2019,1,1,0.693697684,6,76
2019,1,1,0.693697684,11,92
2019,1,1,0.693697684,9,94
2019,1,1,0.693697684,11,94
2019,1,1,0.693697684,11,94
2019,1,1,0.693697684,10,98
2019,1,1,0.693697684,11,98
2019,1,1,0.693697684,10,104
2019,1,1,0.693697684,15,120
2019,1,1,0.693697684,17,126
2019,1,1,0.693697684,22,146
2019,2,1,0.693697684,8,76
2019,2,1,0.693697684,8,80
2019,2,1,0.693697684,6,82
2019,2,1,0.693697684,10,100
2019,2,1,0.693697684,13,106
2019,2,1,0.693697684,12,108
2019,2,1,0.693697684,40,162
2019,4,1,0.693697684,10,92
2019,4,1,0.693697684,13,110
2019,4,1,0.693697684,14,120
2020,1,1,0.693697684,12,98
2020,1,1,0.693697684,25,158
2020,2,1,0.693697684,7,74
2020,2,1,0.693697684,7,82
2020,2,1,0.693697684,8,92
2020,2,1,0.693697684,8,94
2020,2,1,0.693697684,9,96
2020,2,1,0.693697684,9,98
2020,2,1,0.693697684,9,98
2020,2,1,0.693697684,11,98
2020,2,1,0.693697684,13,98
2020,2,1,0.693697684,10,102
2020,2,1,0.693697684,11,102
2020,2,1,0.693697684,12,102
2020,2,1,0.693697684,12,102
2020,2,1,0.693697684,12,102
2020,2,1,0.693697684,11,104
2020,2,1,0.693697684,12,104
2020,2,1,0.693697684,11,106
2020,2,1,0.693697684,12,106
2020,2,1,0.693697684,12,108
2020,2,1,0.693697684,15,118
2020,2,1,0.693697684,15,124
2020,2,1,0.693697684,16,128
2020,2,1,0.693697684,18,134
2020,2,1,0.693697684,40,158
2020,4,1,0.693697684,5,60
2020,4,1,0.693697684,7,72
2020,4,1,0.693697684,10,88
2020,4,1,0.693697684,9,90
2020,4,1,0.693697684,9,90
2020,4,1,0.693697684,11,98
2020,4,1,0.693697684,10,102
2020,4,1,0.693697684,10,102
2020,4,1,0.693697684,11,102
2020,4,1,0.693697684,11,102
2020,4,1,0.693697684,11,104
2020,4,1,0.693697684,9,106
2020,4,1,0.693697684,9,106
2020,4,1,0.693697684,11,106
2020,4,1,0.693697684,11,106
2020,4,1,0.693697684,11,110
2020,4,1,0.693697684,19,116
2020,4,1,0.693697684,15,120
2020,4,1,0.693697684,15,124
2020,4,1,0.693697684,20,138
2020,4,1,0.693697684,23,144
2021,1,1,0.693697684,7,72
2021,1,1,0.693697684,11,96
2021,1,1,0.693697684,11,104
2021,2,1,0.693697684,4,62
2021,2,1,0.693697684,5,64
2021,2,1,0.693697684,6,64
2021,2,1,0.693697684,7,72
2021,2,1,0.693697684,8,74
2021,2,1,0.693697684,9,84
2021,2,1,0.693697684,8,86
2021,2,1,0.693697684,11,112
2021,2,1,0.693697684,14,116
2021,2,1,0.693697684,19,118
2021,3,1,0.693697684,6,70
2021,4,1,0.693697684,5,60
2021,4,1,0.693697684,5,60
2021,4,1,0.693697684,5,60
2021,4,1,0.693697684,5,60
2021,4,1,0.693697684,5,62
2021,4,1,0.693697684,5,62
2021,4,1,0.693697684,5,62
2021,4,1,0.693697684,5,62
2021,4,1,0.693697684,5,64
2021,4,1,0.693697684,5,64
2021,4,1,0.693697684,6,64
2021,4,1,0.693697684,5,66
2021,4,1,0.693697684,6,66
2021,4,1,0.693697684,6,66
2021,4,1,0.693697684,7,66
2021,4,1,0.693697684,9,80
2021,4,1,0.693697684,18,144
2022,1,1,0.693697684,7,64
2022,1,1,0.693697684,5,68
2022,1,1,0.693697684,7,68
2022,1,1,0.693697684,7,70
2022,1,1,0.693697684,7,70
2022,1,1,0.693697684,5,72
2022,1,1,0.693697684,6,72
2022,1,1,0.693697684,7,72
2022,1,1,0.693697684,7,76
2022,1,1,0.693697684,9,82
2022,1,1,0.693697684,7,86
2022,1,1,0.693697684,8,86
2022,1,1,0.693697684,8,92
2022,1,1,0.693697684,12,100
2022,1,1,0.693697684,10,104
2022,1,1,0.693697684,13,116
2022,2,1,0.693697684,5,62
2022,2,1,0.693697684,6,64
2022,2,1,0.693697684,6,74
2022,2,1,0.693697684,23,134
2022,3,1,0.693697684,5,60
2022,4,1,0.693697684,9,106
2022,4,1,0.693697684,11,106
2022,4,1,0.693697684,14,106
2022,4,1,0.693697684,13,110
2022,4,1,0.693697684,24,132
2022,4,1,0.693697684,25,148
2023,1,1,0.693697684,5,64
2023,1,1,0.693697684,6,64
2023,1,1,0.693697684,6,64
2023,1,1,0.693697684,5,68
2023,1,1,0.693697684,5,68
2023,1,1,0.693697684,6,68
2023,1,1,0.693697684,6,68
2023,1,1,0.693697684,6,68
2023,1,1,0.693697684,6,70
2023,1,1,0.693697684,7,70
2023,1,1,0.693697684,7,74
2023,2,1,0.693697684,5,62
2023,2,1,0.693697684,5,66
2023,2,1,0.693697684,6,72
2023,2,1,0.693697684,6,74
2023,2,1,0.693697684,7,74
2023,3,1,0.693697684,10,86
2023,3,1,0.693697684,8,88
2023,3,1,0.693697684,8,90
2023,3,1,0.693697684,9,90
2023,3,1,0.693697684,9,90
2023,3,1,0.693697684,8,92
2023,3,1,0.693697684,9,92
2023,3,1,0.693697684,9,94
2023,3,1,0.693697684,10,94
2023,3,1,0.693697684,8,96
2023,3,1,0.693697684,9,96
2023,3,1,0.693697684,13,96
2023,3,1,0.693697684,9,98
2023,3,1,0.693697684,11,98
2023,3,1,0.693697684,9,104
2023,3,1,0.693697684,14,106
2023,3,1,0.693697684,10,108
2023,3,1,0.693697684,13,108
2023,3,1,0.693697684,15,108
2023,3,1,0.693697684,10,110
2023,3,1,0.693697684,11,110
2023,3,1,0.693697684,13,110
2023,3,1,0.693697684,13,110
2023,3,1,0.693697684,11,112
2023,3,1,0.693697684,12,112
2023,3,1,0.693697684,13,112
2023,3,1,0.693697684,15,114
2023,3,1,0.693697684,15,116
2023,3,1,0.693697684,18,116
2023,3,1,0.693697684,14,118
2023,3,1,0.693697684,18,120
2023,3,1,0.693697684,20,130
2023,4,1,0.693697684,6,68
2023,4,1,0.693697684,6,82
2023,4,1,0.693697684,6,84
2023,4,1,0.693697684,7,88
2023,4,1,0.693697684,14,120
2023,4,1,0.693697684,30,136
2024,1,1,0.693697684,18,136
2024,2,1,0.693697684,12,92
2006,4,1,0.693697684,9,94
2006,4,1,0.693697684,9,98
2006,4,1,0.693697684,10,98
2006,4,1,0.693697684,9,100
2006,4,1,0.693697684,10,100
2006,4,1,0.693697684,10,100
2006,4,1,0.693697684,10,100
2006,4,1,0.693697684,10,100
2006,4,1,0.693697684,10,100
2006,4,1,0.693697684,10,100
2006,4,1,0.693697684,10,100
2006,4,1,0.693697684,14,100
2006,4,1,0.693697684,9,102
2006,4,1,0.693697684,10,102
2006,4,1,0.693697684,10,102
2006,4,1,0.693697684,11,102
2006,4,1,0.693697684,12,102
2006,4,1,0.693697684,13,102
2006,4,1,0.693697684,9,104
2006,4,1,0.693697684,10,104
2006,4,1,0.693697684,11,104
2006,4,1,0.693697684,11,104
2006,4,1,0.693697684,12,104
2006,4,1,0.693697684,18,104
2006,4,1,0.693697684,10,106
2006,4,1,0.693697684,10,106
2006,4,1,0.693697684,11,106
2006,4,1,0.693697684,11,106
2006,4,1,0.693697684,15,106
2006,4,1,0.693697684,10,108
2006,4,1,0.693697684,11,108
2006,4,1,0.693697684,11,108
2006,4,1,0.693697684,15,108
2006,4,1,0.693697684,15,108
2006,4,1,0.693697684,15,108
2006,4,1,0.693697684,10,110
2006,4,1,0.693697684,13,110
2006,4,1,0.693697684,16,110
2006,4,1,0.693697684,10,112
2006,4,1,0.693697684,14,112
2006,4,1,0.693697684,18,112
2006,4,1,0.693697684,14,116
2006,4,1,0.693697684,15,134
2006,4,1,0.693697684,18,134
2006,4,1,0.693697684,15,136
2006,4,1,0.693697684,24,144
2006,4,1,0.693697684,31,150
2006,4,1,0.693697684,19,154
2006,4,1,0.693697684,28,158
2014,2,1,0.693697684,10,116
2014,2,1,0.693697684,26,130
2014,2,1,0.693697684,36,130
2014,2,1,0.693697684,22,134
2014,3,1,0.693697684,9,100
2014,3,1,0.693697684,11,102
2014,3,1,0.693697684,11,104
2014,3,1,0.693697684,10,106
2014,3,1,0.693697684,11,106
2014,3,1,0.693697684,16,106
2014,3,1,0.693697684,11,108
2014,3,1,0.693697684,10,110
2014,3,1,0.693697684,23,110
2014,3,1,0.693697684,14,114
2014,3,1,0.693697684,28,132
2015,1,1,0.693697684,8,96
2015,1,1,0.693697684,13,104
2015,1,1,0.693697684,10,110
2015,1,1,0.693697684,14,126
2015,2,1,0.693697684,7,86
2015,2,1,0.693697684,11,94
2015,2,1,0.693697684,10,102
2015,2,1,0.693697684,13,102
2015,2,1,0.693697684,10,108
2015,2,1,0.693697684,11,110
2015,2,1,0.693697684,14,110
2015,2,1,0.693697684,16,120
2015,2,1,0.693697684,18,122
2015,2,1,0.693697684,17,124
2015,2,1,0.693697684,22,136
2015,3,1,0.693697684,7,84
2015,3,1,0.693697684,8,86
2015,3,1,0.693697684,7,88
2015,3,1,0.693697684,8,92
2015,3,1,0.693697684,10,94
2015,3,1,0.693697684,8,96
2015,3,1,0.693697684,10,100
2015,3,1,0.693697684,9,102
2015,3,1,0.693697684,11,104
2015,3,1,0.693697684,12,110
2015,3,1,0.693697684,14,116
2015,3,1,0.693697684,15,116
2015,3,1,0.693697684,13,124
2015,3,1,0.693697684,18,124
2015,3,1,0.693697684,17,126
2015,3,1,0.693697684,18,128
2015,3,1,0.693697684,21,130
2015,3,1,0.693697684,22,132
2015,3,1,0.693697684,31,136
2016,3,1,0.693697684,14,112
2017,2,1,0.693697684,19,160
2017,2,1,0.693697684,34,160
2017,2,1,0.693697684,29,162
2017,2,1,0.693697684,32,162
2017,2,1,0.693697684,27,164
2017,2,1,0.693697684,35,164
2017,2,1,0.693697684,32,166
2017,2,1,0.693697684,29,168
2017,2,1,0.693697684,34,168
2017,2,1,0.693697684,31,170
2017,2,1,0.693697684,33,172
2017,2,1,0.693697684,39,174
2017,2,1,0.693697684,40,174
2017,2,1,0.693697684,40,176
2017,3,1,0.693697684,31,164
2017,3,1,0.693697684,32,166
2017,3,1,0.693697684,32,168
2018,1,1,0.693697684,19,150
2018,1,1,0.693697684,21,150
2018,1,1,0.693697684,22,150
2018,1,1,0.693697684,22,150
2018,1,1,0.693697684,23,150
2018,1,1,0.693697684,17,152
2018,1,1,0.693697684,18,152
2018,1,1,0.693697684,21,152
2018,1,1,0.693697684,21,152
2018,1,1,0.693697684,22,152
2018,1,1,0.693697684,30,152
2018,1,1,0.693697684,18,154
2018,1,1,0.693697684,19,154
2018,1,1,0.693697684,22,154
2018,1,1,0.693697684,23,154
2018,1,1,0.693697684,25,154
2018,1,1,0.693697684,25,154
2018,1,1,0.693697684,29,154
2018,1,1,0.693697684,22,158
2018,1,1,0.693697684,24,160
2018,1,1,0.693697684,27,160
2018,1,1,0.693697684,32,160
2018,1,1,0.693697684,23,162
2018,1,1,0.693697684,29,162
2018,1,1,0.693697684,30,162
2018,1,1,0.693697684,30,162
2018,1,1,0.693697684,31,162
2018,1,1,0.693697684,32,162
2018,1,1,0.693697684,23,164
2018,1,1,0.693697684,31,164
2018,1,1,0.693697684,24,166
2018,1,1,0.693697684,25,166
2018,1,1,0.693697684,30,166
2018,1,1,0.693697684,31,166
2018,1,1,0.693697684,26,168
2018,1,1,0.693697684,23,170
2018,2,1,0.693697684,19,154
2018,2,1,0.693697684,30,156
2018,3,1,0.693697684,24,152
2018,3,1,0.693697684,27,152
2018,3,1,0.693697684,25,154
2018,3,1,0.693697684,35,164
2018,4,1,0.693697684,17,126
2018,4,1,0.693697684,18,128
2018,4,1,0.693697684,22,152
2018,4,1,0.693697684,27,156
2019,1,1,0.693697684,21,126
2019,1,1,0.693697684,17,132
2019,1,1,0.693697684,16,134
2019,1,1,0.693697684,21,134
2019,1,1,0.693697684,34,136
2019,1,1,0.693697684,22,140
2019,1,1,0.693697684,27,140
2019,1,1,0.693697684,17,142
2019,1,1,0.693697684,21,150
2019,1,1,0.693697684,31,150
2019,1,1,0.693697684,23,152
2019,1,1,0.693697684,27,154
2019,1,1,0.693697684,27,156
2019,1,1,0.693697684,30,160
2019,1,1,0.693697684,27,162
2019,1,1,0.693697684,28,166
2019,1,1,0.693697684,35,168
2019,1,1,0.693697684,27,172
2019,1,1,0.693697684,39,176
2019,2,1,0.693697684,15,124
2019,2,1,0.693697684,23,138
2019,2,1,0.693697684,40,166
2019,3,1,0.693697684,13,112
2019,3,1,0.693697684,22,138
2019,3,1,0.693697684,23,140
2019,3,1,0.693697684,32,142
2019,3,1,0.693697684,22,148
2019,4,1,0.693697684,11,108
2019,4,1,0.693697684,13,110
2019,4,1,0.693697684,14,110
2019,4,1,0.693697684,15,110
2019,4,1,0.693697684,13,112
2019,4,1,0.693697684,15,118
2019,4,1,0.693697684,18,128
2019,4,1,0.693697684,19,132
2019,4,1,0.693697684,14,136
2019,4,1,0.693697684,17,136
2019,4,1,0.693697684,18,136
2019,4,1,0.693697684,22,136
2019,4,1,0.693697684,16,138
2019,4,1,0.693697684,17,138
2019,4,1,0.693697684,18,138
2019,4,1,0.693697684,20,138
2019,4,1,0.693697684,27,144
2019,4,1,0.693697684,19,148
2019,4,1,0.693697684,23,148
2019,4,1,0.693697684,22,150
2019,4,1,0.693697684,27,152
2019,4,1,0.693697684,31,154
2019,4,1,0.693697684,40,154
2019,4,1,0.693697684,30,156
2019,4,1,0.693697684,32,156
2019,4,1,0.693697684,36,156
2019,4,1,0.693697684,40,160
2019,4,1,0.693697684,40,174
2020,1,1,0.693697684,29,150
2020,1,1,0.693697684,20,152
2020,1,1,0.693697684,21,152
2020,1,1,0.693697684,24,152
2020,1,1,0.693697684,27,152
2020,1,1,0.693697684,20,154
2020,1,1,0.693697684,23,154
2020,1,1,0.693697684,23,154
2020,1,1,0.693697684,30,154
2020,1,1,0.693697684,23,156
2020,1,1,0.693697684,28,156
2020,1,1,0.693697684,24,158
2020,1,1,0.693697684,24,158
2020,1,1,0.693697684,33,158
2020,1,1,0.693697684,32,160
2020,1,1,0.693697684,22,162
2020,1,1,0.693697684,23,162
2020,1,1,0.693697684,33,162
2020,1,1,0.693697684,24,164
2020,1,1,0.693697684,26,166
2020,4,1,0.693697684,10,104
2020,4,1,0.693697684,9,108
2020,4,1,0.693697684,11,112
2020,4,1,0.693697684,15,116
2020,4,1,0.693697684,11,120
2020,4,1,0.693697684,14,124
2020,4,1,0.693697684,24,142
2020,4,1,0.693697684,23,144
2021,1,1,0.693697684,9,96
2021,1,1,0.693697684,10,96
2021,1,1,0.693697684,11,98
2021,1,1,0.693697684,11,98
2021,1,1,0.693697684,12,98
2021,1,1,0.693697684,11,104
2021,1,1,0.693697684,11,104
2021,1,1,0.693697684,13,116
2021,1,1,0.693697684,18,140
2021,2,1,0.693697684,12,98
2021,2,1,0.693697684,15,104
2021,2,1,0.693697684,11,112
2021,2,1,0.693697684,13,112
2021,2,1,0.693697684,17,122
2021,2,1,0.693697684,22,144
2021,4,1,0.693697684,11,88
2021,4,1,0.693697684,9,100
2021,4,1,0.693697684,9,100
2021,4,1,0.693697684,9,102
2021,4,1,0.693697684,10,102
2021,4,1,0.693697684,14,114
2021,4,1,0.693697684,16,114
2021,4,1,0.693697684,17,116
2021,4,1,0.693697684,18,140
2021,4,1,0.693697684,27,148
2021,4,1,0.693697684,17,152
2022,2,1,0.693697684,8,84
2022,2,1,0.693697684,8,86
2022,2,1,0.693697684,9,90
2022,2,1,0.693697684,8,92
2022,2,1,0.693697684,9,104
2022,2,1,0.693697684,25,154
2022,4,1,0.693697684,9,92
2022,4,1,0.693697684,9,92
2022,4,1,0.693697684,9,92
2022,4,1,0.693697684,11,98
2022,4,1,0.693697684,11,100
2022,4,1,0.693697684,15,102
2022,4,1,0.693697684,22,144
2022,4,1,0.693697684,23,146
2023,1,1,0.693697684,20,138
2023,4,1,0.693697684,6,70
2023,4,1,0.693697684,10,114
2023,4,1,0.693697684,11,114
2023,4,1,0.693697684,14,114
2023,4,1,0.693697684,26,164
2023,4,1,0.693697684,27,164
2024,2,1,0.693697684,14,98
2024,2,1,0.693697684,10,104
2024,2,1,0.693697684,11,104
2024,2,1,0.693697684,11,104
2024,2,1,0.693697684,18,114
2024,2,1,0.693697684,17,124
2024,2,1,0.693697684,19,128
2024,2,1,0.693697684,17,134
2020,3,1,0.693697684,1,40
2020,4,1,0.693697684,3,52
2020,4,1,0.693697684,7,70
2020,4,1,0.693697684,6,86
2020,4,1,0.693697684,11,92
2020,4,1,0.693697684,13,92
2020,4,1,0.693697684,16,92
2020,4,1,0.693697684,8,94
2020,4,1,0.693697684,9,94
2020,4,1,0.693697684,13,94
2020,4,1,0.693697684,18,94
2020,4,1,0.693697684,8,96
2020,4,1,0.693697684,9,96
2020,4,1,0.693697684,9,96
2020,4,1,0.693697684,11,96
2020,4,1,0.693697684,13,96
2020,4,1,0.693697684,13,96
2020,4,1,0.693697684,9,98
2020,4,1,0.693697684,9,98
2020,4,1,0.693697684,12,98
2020,4,1,0.693697684,12,98
2020,4,1,0.693697684,12,98
2020,4,1,0.693697684,12,100
2020,4,1,0.693697684,8,102
2020,4,1,0.693697684,10,102
2020,4,1,0.693697684,13,102
2020,4,1,0.693697684,14,114
2020,4,1,0.693697684,12,118
2020,4,1,0.693697684,12,118
2020,4,1,0.693697684,12,120
2020,4,1,0.693697684,16,120
2020,4,1,0.693697684,16,120
2020,4,1,0.693697684,17,124
2020,4,1,0.693697684,12,126
2020,4,1,0.693697684,16,126
2020,4,1,0.693697684,18,126
2020,4,1,0.693697684,20,126
2020,4,1,0.693697684,27,126
2020,4,1,0.693697684,14,128
2020,4,1,0.693697684,19,128
2020,4,1,0.693697684,15,132
2020,4,1,0.693697684,17,132
2020,4,1,0.693697684,17,132
2020,4,1,0.693697684,19,132
2020,4,1,0.693697684,21,132
2020,4,1,0.693697684,34,132
2020,4,1,0.693697684,19,136
2020,4,1,0.693697684,19,136
2020,4,1,0.693697684,18,138
2020,4,1,0.693697684,27,138
2020,4,1,0.693697684,15,140
2020,4,1,0.693697684,20,142
2020,4,1,0.693697684,21,142
2020,4,1,0.693697684,22,146
2020,4,1,0.693697684,23,150
2020,4,1,0.693697684,29,150
2020,4,1,0.693697684,33,154
2009,4,2,4.818916873,40,150
2011,1,2,4.818916873,25,144
2011,1,2,4.818916873,28,144
2011,1,2,4.818916873,20,148
2011,1,2,4.818916873,40,156
2014,1,2,4.818916873,7,96
2014,1,2,4.818916873,11,102
2014,1,2,4.818916873,14,112
2014,1,2,4.818916873,14,116
2014,1,2,4.818916873,15,118
2014,1,2,4.818916873,18,118
2014,1,2,4.818916873,19,124
2014,1,2,4.818916873,22,126
2014,1,2,4.818916873,15,130
2014,1,2,4.818916873,32,136
2014,1,2,4.818916873,20,138
2014,1,2,4.818916873,31,140
2014,1,2,4.818916873,35,160
2022,3,2,4.818916873,10,88
2023,2,2,4.818916873,9,104
2011,1,2,4.818916873,17,140
2011,1,2,4.818916873,22,140
2011,1,2,4.818916873,26,140
2011,1,2,4.818916873,28,140
2011,1,2,4.818916873,35,140
2011,1,2,4.818916873,39,140
2011,1,2,4.818916873,15,142
2011,1,2,4.818916873,23,142
2011,1,2,4.818916873,24,142
2011,1,2,4.818916873,20,144
2011,1,2,4.818916873,21,144
2011,1,2,4.818916873,22,144
2011,1,2,4.818916873,23,144
2011,1,2,4.818916873,40,144
2011,1,2,4.818916873,21,146
2011,1,2,4.818916873,33,146
2011,1,2,4.818916873,36,146
2011,1,2,4.818916873,40,148
2011,1,2,4.818916873,35,154
2011,1,2,4.818916873,29,162
2013,3,2,4.818916873,40,148
1997,1,3,0.533630841,4,46
2013,2,3,0.533630841,2,40
2009,4,3,0.533630841,26,144
2011,3,3,0.533630841,20,130
2011,3,3,0.533630841,31,134
2011,3,3,0.533630841,22,144
2011,4,3,0.533630841,18,130
2011,4,3,0.533630841,22,130
2011,4,3,0.533630841,26,130
2011,4,3,0.533630841,26,132
2011,4,3,0.533630841,19,134
2011,4,3,0.533630841,22,138
2011,4,3,0.533630841,22,140
2011,4,3,0.533630841,38,140
2011,4,3,0.533630841,26,142
2011,4,3,0.533630841,30,142
2011,4,3,0.533630841,31,144
2011,4,3,0.533630841,40,144
2011,4,3,0.533630841,22,146
2011,4,3,0.533630841,27,146
2011,4,3,0.533630841,34,146
2011,4,3,0.533630841,36,146
2011,4,3,0.533630841,33,148
2011,4,3,0.533630841,35,148
2011,4,3,0.533630841,37,148
2011,4,3,0.533630841,26,150
2011,4,3,0.533630841,38,150
2011,4,3,0.533630841,31,152
2011,4,3,0.533630841,35,152
2011,4,3,0.533630841,34,154
2011,4,3,0.533630841,34,160
2012,1,3,0.533630841,25,160
2012,1,3,0.533630841,29,162
2012,1,3,0.533630841,34,162
2012,1,3,0.533630841,36,172
2012,1,3,0.533630841,40,176
2012,3,3,0.533630841,17,130
2012,3,3,0.533630841,19,130
2012,3,3,0.533630841,18,132
2012,3,3,0.533630841,31,148
2012,3,3,0.533630841,32,172
2012,4,3,0.533630841,27,140
2012,4,3,0.533630841,30,146
2012,4,3,0.533630841,40,146
2012,4,3,0.533630841,40,148
2014,1,3,0.533630841,8,82
2014,1,3,0.533630841,8,82
2014,1,3,0.533630841,9,82
2014,1,3,0.533630841,11,100
2014,1,3,0.533630841,15,102
2014,1,3,0.533630841,12,106
2014,1,3,0.533630841,14,114
2014,1,3,0.533630841,16,120
2014,1,3,0.533630841,17,120
2014,1,3,0.533630841,22,146
2014,2,3,0.533630841,7,92
2014,2,3,0.533630841,11,94
2014,2,3,0.533630841,11,94
2014,2,3,0.533630841,8,96
2014,2,3,0.533630841,12,96
2014,2,3,0.533630841,12,96
2014,2,3,0.533630841,12,102
2014,2,3,0.533630841,10,104
2014,2,3,0.533630841,12,110
2014,2,3,0.533630841,14,112
2014,2,3,0.533630841,20,112
2014,2,3,0.533630841,14,114
2014,2,3,0.533630841,12,116
2014,2,3,0.533630841,16,116
2014,2,3,0.533630841,13,118
2014,2,3,0.533630841,13,118
2014,2,3,0.533630841,14,118
2014,2,3,0.533630841,14,122
2014,2,3,0.533630841,15,122
2014,2,3,0.533630841,15,124
2014,2,3,0.533630841,18,124
2014,2,3,0.533630841,18,124
2014,2,3,0.533630841,19,124
2014,2,3,0.533630841,15,126
2014,2,3,0.533630841,18,126
2014,2,3,0.533630841,19,126
2014,2,3,0.533630841,19,126
2014,2,3,0.533630841,18,128
2014,2,3,0.533630841,18,128
2014,2,3,0.533630841,22,128
2014,2,3,0.533630841,17,130
2014,2,3,0.533630841,18,130
2014,2,3,0.533630841,18,130
2014,2,3,0.533630841,33,130
2014,2,3,0.533630841,20,132
2014,2,3,0.533630841,16,134
2014,2,3,0.533630841,27,134
2014,2,3,0.533630841,27,134
2014,2,3,0.533630841,32,134
2014,2,3,0.533630841,31,136
2014,2,3,0.533630841,22,140
2014,2,3,0.533630841,22,140
2014,2,3,0.533630841,33,146
2014,2,3,0.533630841,35,148
2014,3,3,0.533630841,11,78
2014,3,3,0.533630841,7,80
2014,3,3,0.533630841,7,84
2014,3,3,0.533630841,7,90
2014,3,3,0.533630841,7,90
2014,3,3,0.533630841,11,90
2014,3,3,0.533630841,7,92
2014,3,3,0.533630841,8,92
2014,3,3,0.533630841,11,92
2014,3,3,0.533630841,8,94
2014,3,3,0.533630841,9,94
2014,3,3,0.533630841,9,94
2014,3,3,0.533630841,9,96
2014,3,3,0.533630841,10,96
2014,3,3,0.533630841,8,98
2014,3,3,0.533630841,9,98
2014,3,3,0.533630841,10,98
2014,3,3,0.533630841,10,98
2014,3,3,0.533630841,11,98
2014,3,3,0.533630841,11,98
2014,3,3,0.533630841,11,98
2014,3,3,0.533630841,8,100
2014,3,3,0.533630841,10,100
2014,3,3,0.533630841,11,100
2014,3,3,0.533630841,12,100
2014,3,3,0.533630841,9,102
2014,3,3,0.533630841,11,102
2014,3,3,0.533630841,12,102
2014,3,3,0.533630841,13,102
2014,3,3,0.533630841,10,104
2014,3,3,0.533630841,12,104
2014,3,3,0.533630841,10,106
2014,3,3,0.533630841,14,106
2014,3,3,0.533630841,10,108
2014,3,3,0.533630841,11,108
2014,3,3,0.533630841,11,108
2014,3,3,0.533630841,11,108
2014,3,3,0.533630841,12,108
2014,3,3,0.533630841,7,112
2014,3,3,0.533630841,10,112
2014,3,3,0.533630841,15,112
2014,3,3,0.533630841,15,112
2014,3,3,0.533630841,14,114
2014,3,3,0.533630841,16,116
2014,3,3,0.533630841,12,120
2014,3,3,0.533630841,15,122
2014,3,3,0.533630841,23,122
2014,3,3,0.533630841,15,124
2014,3,3,0.533630841,24,134
2014,3,3,0.533630841,23,136
2014,3,3,0.533630841,20,140
2014,3,3,0.533630841,33,150
2014,4,3,0.533630841,7,78
2014,4,3,0.533630841,8,80
2014,4,3,0.533630841,8,80
2014,4,3,0.533630841,7,82
2014,4,3,0.533630841,6,84
2014,4,3,0.533630841,7,84
2014,4,3,0.533630841,8,86
2014,4,3,0.533630841,10,86
2014,4,3,0.533630841,10,86
2014,4,3,0.533630841,9,90
2014,4,3,0.533630841,9,90
2014,4,3,0.533630841,10,94
2014,4,3,0.533630841,7,96
2014,4,3,0.533630841,10,96
2014,4,3,0.533630841,11,98
2014,4,3,0.533630841,9,100
2014,4,3,0.533630841,9,100
2014,4,3,0.533630841,10,100
2014,4,3,0.533630841,14,100
2014,4,3,0.533630841,15,100
2014,4,3,0.533630841,23,100
2014,4,3,0.533630841,10,102
2014,4,3,0.533630841,11,102
2014,4,3,0.533630841,11,102
2014,4,3,0.533630841,11,102
2014,4,3,0.533630841,10,104
2014,4,3,0.533630841,11,104
2014,4,3,0.533630841,11,104
2014,4,3,0.533630841,14,104
2014,4,3,0.533630841,12,106
2014,4,3,0.533630841,13,106
2014,4,3,0.533630841,11,108
2014,4,3,0.533630841,11,108
2014,4,3,0.533630841,13,108
2014,4,3,0.533630841,13,108
2014,4,3,0.533630841,17,108
2014,4,3,0.533630841,18,108
2014,4,3,0.533630841,27,108
2014,4,3,0.533630841,10,110
2014,4,3,0.533630841,11,110
2014,4,3,0.533630841,12,110
2014,4,3,0.533630841,12,110
2014,4,3,0.533630841,14,110
2014,4,3,0.533630841,16,110
2014,4,3,0.533630841,13,114
2014,4,3,0.533630841,14,114
2014,4,3,0.533630841,14,114
2014,4,3,0.533630841,15,114
2014,4,3,0.533630841,10,116
2014,4,3,0.533630841,13,116
2014,4,3,0.533630841,13,116
2014,4,3,0.533630841,15,116
2014,4,3,0.533630841,15,116
2014,4,3,0.533630841,17,116
2014,4,3,0.533630841,11,118
2014,4,3,0.533630841,14,118
2014,4,3,0.533630841,15,118
2014,4,3,0.533630841,14,120
2014,4,3,0.533630841,18,120
2014,4,3,0.533630841,19,120
2014,4,3,0.533630841,11,122
2014,4,3,0.533630841,15,122
2014,4,3,0.533630841,15,122
2014,4,3,0.533630841,18,122
2014,4,3,0.533630841,22,122
2014,4,3,0.533630841,14,124
2014,4,3,0.533630841,20,126
2014,4,3,0.533630841,20,126
2014,4,3,0.533630841,21,128
2014,4,3,0.533630841,18,130
2014,4,3,0.533630841,18,130
2014,4,3,0.533630841,18,130
2014,4,3,0.533630841,19,130
2014,4,3,0.533630841,22,130
2014,4,3,0.533630841,26,130
2014,4,3,0.533630841,17,132
2014,4,3,0.533630841,22,132
2014,4,3,0.533630841,22,136
2014,4,3,0.533630841,26,136
2014,4,3,0.533630841,29,138
2014,4,3,0.533630841,40,138
2014,4,3,0.533630841,31,140
2014,4,3,0.533630841,27,142
2014,4,3,0.533630841,30,144
2014,4,3,0.533630841,37,144
2014,4,3,0.533630841,39,144
2014,4,3,0.533630841,23,146
2014,4,3,0.533630841,39,150
2015,1,3,0.533630841,8,78
2015,1,3,0.533630841,6,80
2015,1,3,0.533630841,6,82
2015,1,3,0.533630841,7,82
2015,1,3,0.533630841,9,82
2015,1,3,0.533630841,10,82
2015,1,3,0.533630841,7,84
2015,1,3,0.533630841,8,84
2015,1,3,0.533630841,8,86
2015,1,3,0.533630841,7,88
2015,1,3,0.533630841,7,88
2015,1,3,0.533630841,8,88
2015,1,3,0.533630841,9,88
2015,1,3,0.533630841,9,88
2015,1,3,0.533630841,7,90
2015,1,3,0.533630841,7,90
2015,1,3,0.533630841,8,90
2015,1,3,0.533630841,8,90
2015,1,3,0.533630841,9,92
2015,1,3,0.533630841,10,92
2015,1,3,0.533630841,8,94
2015,1,3,0.533630841,8,96
2015,1,3,0.533630841,9,96
2015,1,3,0.533630841,10,96
2015,1,3,0.533630841,11,96
2015,1,3,0.533630841,8,98
2015,1,3,0.533630841,10,98
2015,1,3,0.533630841,10,100
2015,1,3,0.533630841,12,102
2015,1,3,0.533630841,11,104
2015,1,3,0.533630841,13,104
2015,1,3,0.533630841,14,104
2015,1,3,0.533630841,15,106
2015,1,3,0.533630841,15,106
2015,1,3,0.533630841,11,108
2015,1,3,0.533630841,11,108
2015,1,3,0.533630841,11,108
2015,1,3,0.533630841,12,108
2015,1,3,0.533630841,12,108
2015,1,3,0.533630841,14,108
2015,1,3,0.533630841,18,108
2015,1,3,0.533630841,11,110
2015,1,3,0.533630841,14,110
2015,1,3,0.533630841,15,110
2015,1,3,0.533630841,12,112
2015,1,3,0.533630841,13,112
2015,1,3,0.533630841,14,112
2015,1,3,0.533630841,19,112
2015,1,3,0.533630841,21,112
2015,1,3,0.533630841,8,114
2015,1,3,0.533630841,13,114
2015,1,3,0.533630841,15,114
2015,1,3,0.533630841,17,114
2015,1,3,0.533630841,14,116
2015,1,3,0.533630841,15,118
2015,1,3,0.533630841,19,118
2015,1,3,0.533630841,14,120
2015,1,3,0.533630841,17,120
2015,1,3,0.533630841,18,120
2015,1,3,0.533630841,18,120
2015,1,3,0.533630841,19,120
2015,1,3,0.533630841,17,122
2015,1,3,0.533630841,18,122
2015,1,3,0.533630841,18,122
2015,1,3,0.533630841,18,122
2015,1,3,0.533630841,19,122
2015,1,3,0.533630841,21,122
2015,1,3,0.533630841,14,124
2015,1,3,0.533630841,15,124
2015,1,3,0.533630841,18,124
2015,1,3,0.533630841,14,126
2015,1,3,0.533630841,18,128
2015,1,3,0.533630841,20,128
2015,1,3,0.533630841,30,128
2015,1,3,0.533630841,18,130
2015,1,3,0.533630841,22,130
2015,1,3,0.533630841,18,132
2015,1,3,0.533630841,24,132
2015,1,3,0.533630841,31,132
2015,1,3,0.533630841,32,134
2015,1,3,0.533630841,30,136
2015,1,3,0.533630841,21,138
2015,1,3,0.533630841,25,138
2015,1,3,0.533630841,27,140
2015,1,3,0.533630841,32,140
2015,1,3,0.533630841,22,142
2015,1,3,0.533630841,34,144
2015,1,3,0.533630841,38,144
2015,1,3,0.533630841,39,144
2015,1,3,0.533630841,22,146
2015,1,3,0.533630841,35,146
2015,1,3,0.533630841,40,146
2015,1,3,0.533630841,22,152
2015,1,3,0.533630841,27,156
2015,2,3,0.533630841,7,84
2015,2,3,0.533630841,7,84
2015,2,3,0.533630841,7,88
2015,2,3,0.533630841,7,88
2015,2,3,0.533630841,7,88
2015,2,3,0.533630841,8,88
2015,2,3,0.533630841,8,88
2015,2,3,0.533630841,8,88
2015,2,3,0.533630841,9,88
2015,2,3,0.533630841,9,88
2015,2,3,0.533630841,8,90
2015,2,3,0.533630841,8,90
2015,2,3,0.533630841,11,92
2015,2,3,0.533630841,10,94
2015,2,3,0.533630841,11,94
2015,2,3,0.533630841,8,96
2015,2,3,0.533630841,8,96
2015,2,3,0.533630841,8,98
2015,2,3,0.533630841,12,98
2015,2,3,0.533630841,13,98
2015,2,3,0.533630841,9,100
2015,2,3,0.533630841,10,100
2015,2,3,0.533630841,13,100
2015,2,3,0.533630841,10,102
2015,2,3,0.533630841,10,106
2015,2,3,0.533630841,10,106
2015,2,3,0.533630841,10,106
2015,2,3,0.533630841,10,110
2015,2,3,0.533630841,12,110
2015,2,3,0.533630841,13,110
2015,2,3,0.533630841,14,110
2015,2,3,0.533630841,10,112
2015,2,3,0.533630841,13,112
2015,2,3,0.533630841,13,112
2015,2,3,0.533630841,11,114
2015,2,3,0.533630841,13,114
2015,2,3,0.533630841,14,114
2015,2,3,0.533630841,14,114
2015,2,3,0.533630841,15,114
2015,2,3,0.533630841,18,114
2015,2,3,0.533630841,15,116
2015,2,3,0.533630841,13,118
2015,2,3,0.533630841,13,118
2015,2,3,0.533630841,14,118
2015,2,3,0.533630841,15,118
2015,2,3,0.533630841,16,118
2015,2,3,0.533630841,16,118
2015,2,3,0.533630841,19,118
2015,2,3,0.533630841,15,120
2015,2,3,0.533630841,18,120
2015,2,3,0.533630841,18,120
2015,2,3,0.533630841,19,120
2015,2,3,0.533630841,16,122
2015,2,3,0.533630841,17,122
2015,2,3,0.533630841,18,122
2015,2,3,0.533630841,18,122
2015,2,3,0.533630841,19,122
2015,2,3,0.533630841,18,124
2015,2,3,0.533630841,18,126
2015,2,3,0.533630841,19,126
2015,2,3,0.533630841,19,126
2015,2,3,0.533630841,23,126
2015,2,3,0.533630841,28,126
2015,2,3,0.533630841,14,128
2015,2,3,0.533630841,18,128
2015,2,3,0.533630841,17,130
2015,2,3,0.533630841,19,130
2015,2,3,0.533630841,19,130
2015,2,3,0.533630841,17,132
2015,2,3,0.533630841,19,132
2015,2,3,0.533630841,22,132
2015,2,3,0.533630841,27,132
2015,2,3,0.533630841,22,134
2015,2,3,0.533630841,23,136
2015,2,3,0.533630841,27,136
2015,2,3,0.533630841,35,136
2015,2,3,0.533630841,27,140
2015,2,3,0.533630841,39,140
2015,2,3,0.533630841,40,140
2015,2,3,0.533630841,34,142
2015,2,3,0.533630841,35,142
2015,2,3,0.533630841,31,146
2015,2,3,0.533630841,32,146
2015,2,3,0.533630841,40,148
2015,2,3,0.533630841,28,150
2015,3,3,0.533630841,6,84
2015,3,3,0.533630841,7,86
2015,3,3,0.533630841,7,86
2015,3,3,0.533630841,7,86
2015,3,3,0.533630841,8,86
2015,3,3,0.533630841,8,88
2015,3,3,0.533630841,8,88
2015,3,3,0.533630841,9,88
2015,3,3,0.533630841,10,88
2015,3,3,0.533630841,8,90
2015,3,3,0.533630841,11,90
2015,3,3,0.533630841,11,90
2015,3,3,0.533630841,8,92
2015,3,3,0.533630841,8,92
2015,3,3,0.533630841,9,92
2015,3,3,0.533630841,9,92
2015,3,3,0.533630841,9,92
2015,3,3,0.533630841,10,92
2015,3,3,0.533630841,14,92
2015,3,3,0.533630841,8,94
2015,3,3,0.533630841,8,94
2015,3,3,0.533630841,9,94
2015,3,3,0.533630841,9,94
2015,3,3,0.533630841,9,94
2015,3,3,0.533630841,11,94
2015,3,3,0.533630841,5,96
2015,3,3,0.533630841,7,96
2015,3,3,0.533630841,8,96
2015,3,3,0.533630841,11,96
2015,3,3,0.533630841,12,96
2015,3,3,0.533630841,16,96
2015,3,3,0.533630841,11,98
2015,3,3,0.533630841,14,100
2015,3,3,0.533630841,9,102
2015,3,3,0.533630841,10,102
2015,3,3,0.533630841,10,108
2015,3,3,0.533630841,11,108
2015,3,3,0.533630841,12,110
2015,3,3,0.533630841,10,112
2015,3,3,0.533630841,17,114
2015,3,3,0.533630841,14,116
2015,3,3,0.533630841,14,118
2015,3,3,0.533630841,18,128
2015,3,3,0.533630841,21,128
2015,3,3,0.533630841,20,130
2015,3,3,0.533630841,18,134
2015,3,3,0.533630841,23,140
2015,3,3,0.533630841,22,142
2015,3,3,0.533630841,28,144
2015,4,3,0.533630841,10,100
2015,4,3,0.533630841,11,100
2015,4,3,0.533630841,13,100
2015,4,3,0.533630841,10,104
2015,4,3,0.533630841,11,104
2015,4,3,0.533630841,13,104
2015,4,3,0.533630841,10,106
2015,4,3,0.533630841,11,108
2015,4,3,0.533630841,13,108
2015,4,3,0.533630841,13,108
2015,4,3,0.533630841,12,110
2015,4,3,0.533630841,14,110
2015,4,3,0.533630841,15,112
2015,4,3,0.533630841,12,114
2015,4,3,0.533630841,13,116
2015,4,3,0.533630841,17,118
2015,4,3,0.533630841,18,126
2015,4,3,0.533630841,22,130
2015,4,3,0.533630841,11,132
2015,4,3,0.533630841,27,142
2016,1,3,0.533630841,7,82
2016,1,3,0.533630841,10,96
2016,1,3,0.533630841,10,100
2016,1,3,0.533630841,11,100
2016,1,3,0.533630841,12,100
2016,1,3,0.533630841,11,102
2016,1,3,0.533630841,11,102
2016,1,3,0.533630841,16,102
2016,1,3,0.533630841,10,104
2016,1,3,0.533630841,12,104
2016,1,3,0.533630841,14,104
2016,1,3,0.533630841,10,106
2016,1,3,0.533630841,11,106
2016,1,3,0.533630841,11,106
2016,1,3,0.533630841,11,106
2016,1,3,0.533630841,12,106
2016,1,3,0.533630841,13,106
2016,1,3,0.533630841,13,106
2016,1,3,0.533630841,14,106
2016,1,3,0.533630841,14,106
2016,1,3,0.533630841,15,106
2016,1,3,0.533630841,16,106
2016,1,3,0.533630841,14,108
2016,1,3,0.533630841,14,116
2016,1,3,0.533630841,15,116
2016,1,3,0.533630841,16,120
2016,1,3,0.533630841,15,122
2016,1,3,0.533630841,14,126
2016,1,3,0.533630841,16,130
2016,1,3,0.533630841,24,130
2016,1,3,0.533630841,26,132
2016,1,3,0.533630841,27,132
2016,1,3,0.533630841,18,134
2016,1,3,0.533630841,22,134
2016,1,3,0.533630841,21,136
2016,1,3,0.533630841,34,160
2016,1,3,0.533630841,37,160
2016,2,3,0.533630841,17,128
2016,2,3,0.533630841,18,128
2016,2,3,0.533630841,20,128
2016,2,3,0.533630841,17,134
2016,2,3,0.533630841,22,134
2018,3,3,0.533630841,2,32
2018,3,3,0.533630841,2,34
2018,3,3,0.533630841,2,36
2018,3,3,0.533630841,2,38
2018,3,3,0.533630841,3,48
2018,3,3,0.533630841,2,58
2018,3,3,0.533630841,4,64
2018,3,3,0.533630841,5,68
2018,3,3,0.533630841,4,72
2018,3,3,0.533630841,11,74
2018,3,3,0.533630841,8,76
2018,3,3,0.533630841,8,82
2018,3,3,0.533630841,9,82
2015,2,4,0.533630841,13,114
2015,2,4,0.533630841,29,162
2015,3,4,0.533630841,17,122
2015,4,4,0.533630841,10,84
2015,4,4,0.533630841,8,96
2015,4,4,0.533630841,10,112
2015,4,4,0.533630841,30,142
2015,4,4,0.533630841,26,144
2015,4,4,0.533630841,40,168
2016,4,4,0.533630841,31,148
2016,4,4,0.533630841,32,148
2010,1,3,0.533630841,30,132
2010,1,3,0.533630841,19,140
2010,1,3,0.533630841,24,140
2010,1,3,0.533630841,25,140
2010,1,3,0.533630841,26,140
2010,1,3,0.533630841,40,140
2010,1,3,0.533630841,17,142
2010,1,3,0.533630841,24,142
2010,1,3,0.533630841,24,142
2010,1,3,0.533630841,26,142
2010,1,3,0.533630841,37,142
2010,1,3,0.533630841,23,144
2010,1,3,0.533630841,24,144
2010,1,3,0.533630841,25,144
2010,1,3,0.533630841,27,144
2010,1,3,0.533630841,30,144
2010,1,3,0.533630841,16,146
2010,1,3,0.533630841,23,146
2010,1,3,0.533630841,25,148
2010,1,3,0.533630841,29,148
2010,1,3,0.533630841,23,154
2010,1,3,0.533630841,39,170
2010,1,3,0.533630841,40,174
2010,3,3,0.533630841,25,130
2010,3,3,0.533630841,28,140
2010,3,3,0.533630841,37,144
2010,3,3,0.533630841,15,150
2010,3,3,0.533630841,21,150
2011,2,3,0.533630841,23,132
2011,2,3,0.533630841,30,142
2011,2,3,0.533630841,26,150
2011,2,3,0.533630841,17,156
2011,2,3,0.533630841,37,182
2013,4,3,0.533630841,4,68
2013,4,3,0.533630841,5,68
2013,4,3,0.533630841,14,120
2013,4,3,0.533630841,17,122
2014,1,3,0.533630841,8,88
2014,1,3,0.533630841,8,90
2014,1,3,0.533630841,10,98
2014,1,3,0.533630841,14,98
2014,1,3,0.533630841,10,104
2014,1,3,0.533630841,12,108
2014,1,3,0.533630841,12,108
2014,1,3,0.533630841,14,120
2014,1,3,0.533630841,14,120
2014,1,3,0.533630841,22,120
2014,1,3,0.533630841,16,124
2014,1,3,0.533630841,20,130
2014,1,3,0.533630841,40,132
2014,1,3,0.533630841,18,134
2014,1,3,0.533630841,28,136
2014,2,3,0.533630841,5,66
2014,2,3,0.533630841,8,90
2014,2,3,0.533630841,9,90
2014,2,3,0.533630841,8,94
2014,2,3,0.533630841,8,94
2014,2,3,0.533630841,8,94
2014,2,3,0.533630841,9,94
2014,2,3,0.533630841,8,96
2014,2,3,0.533630841,9,98
2014,2,3,0.533630841,10,98
2014,2,3,0.533630841,11,102
2014,2,3,0.533630841,11,102
2014,2,3,0.533630841,12,106
2014,2,3,0.533630841,16,112
2014,2,3,0.533630841,18,112
2014,2,3,0.533630841,9,114
2014,2,3,0.533630841,13,114
2014,2,3,0.533630841,13,114
2014,2,3,0.533630841,14,118
2014,2,3,0.533630841,19,118
2014,2,3,0.533630841,18,120
2014,2,3,0.533630841,23,122
2014,2,3,0.533630841,15,124
2014,2,3,0.533630841,16,124
2014,2,3,0.533630841,18,124
2014,2,3,0.533630841,19,124
2014,2,3,0.533630841,22,124
2014,2,3,0.533630841,19,126
2014,2,3,0.533630841,19,128
2014,2,3,0.533630841,23,128
2014,2,3,0.533630841,17,130
2014,2,3,0.533630841,19,130
2014,2,3,0.533630841,21,130
2014,2,3,0.533630841,23,130
2014,2,3,0.533630841,20,132
2014,2,3,0.533630841,23,132
2014,2,3,0.533630841,28,132
2014,2,3,0.533630841,28,132
2014,2,3,0.533630841,27,134
2014,2,3,0.533630841,23,142
2014,2,3,0.533630841,30,144
2014,2,3,0.533630841,26,146
2014,2,3,0.533630841,34,148
2014,2,3,0.533630841,28,154
2014,3,3,0.533630841,4,54
2014,3,3,0.533630841,6,76
2014,3,3,0.533630841,6,76
2014,3,3,0.533630841,7,78
2014,3,3,0.533630841,7,80
2014,3,3,0.533630841,8,80
2014,3,3,0.533630841,8,84
2014,3,3,0.533630841,7,86
2014,3,3,0.533630841,8,86
2014,3,3,0.533630841,7,88
2014,3,3,0.533630841,11,92
2014,3,3,0.533630841,9,94
2014,3,3,0.533630841,9,96
2014,3,3,0.533630841,12,98
2014,3,3,0.533630841,8,100
2014,3,3,0.533630841,10,100
2014,3,3,0.533630841,11,100
2014,3,3,0.533630841,10,102
2014,3,3,0.533630841,10,104
2014,3,3,0.533630841,12,104
2014,3,3,0.533630841,11,106
2014,3,3,0.533630841,11,106
2014,3,3,0.533630841,13,112
2014,3,3,0.533630841,14,112
2014,3,3,0.533630841,14,114
2014,3,3,0.533630841,18,120
2014,3,3,0.533630841,18,126
2014,3,3,0.533630841,27,132
2014,3,3,0.533630841,29,138
2014,3,3,0.533630841,26,140
2014,4,3,0.533630841,7,84
2014,4,3,0.533630841,8,84
2014,4,3,0.533630841,8,86
2014,4,3,0.533630841,8,88
2014,4,3,0.533630841,9,88
2014,4,3,0.533630841,7,90
2014,4,3,0.533630841,10,90
2014,4,3,0.533630841,11,90
2014,4,3,0.533630841,8,92
2014,4,3,0.533630841,10,96
2014,4,3,0.533630841,11,96
2014,4,3,0.533630841,7,98
2014,4,3,0.533630841,9,100
2014,4,3,0.533630841,10,104
2014,4,3,0.533630841,10,104
2014,4,3,0.533630841,12,104
2014,4,3,0.533630841,14,106
2014,4,3,0.533630841,13,108
2014,4,3,0.533630841,12,110
2014,4,3,0.533630841,11,112
2014,4,3,0.533630841,11,112
2014,4,3,0.533630841,16,112
2014,4,3,0.533630841,14,114
2014,4,3,0.533630841,14,114
2014,4,3,0.533630841,12,116
2014,4,3,0.533630841,13,116
2014,4,3,0.533630841,15,116
2014,4,3,0.533630841,14,118
2014,4,3,0.533630841,14,122
2014,4,3,0.533630841,13,124
2014,4,3,0.533630841,22,134
2015,1,3,0.533630841,8,88
2015,1,3,0.533630841,8,88
2015,1,3,0.533630841,8,90
2015,1,3,0.533630841,10,102
2015,1,3,0.533630841,10,102
2015,1,3,0.533630841,11,102
2015,1,3,0.533630841,13,102
2015,1,3,0.533630841,9,104
2015,1,3,0.533630841,15,110
2015,1,3,0.533630841,12,112
2015,1,3,0.533630841,13,118
2015,1,3,0.533630841,13,118
2015,1,3,0.533630841,14,118
2015,1,3,0.533630841,15,120
2015,1,3,0.533630841,13,122
2015,1,3,0.533630841,26,124
2015,1,3,0.533630841,19,128
2015,1,3,0.533630841,23,140
2015,1,3,0.533630841,30,140
2015,2,3,0.533630841,8,82
2015,2,3,0.533630841,9,82
2015,2,3,0.533630841,7,86
2015,2,3,0.533630841,8,86
2015,2,3,0.533630841,7,92
2015,2,3,0.533630841,8,92
2015,2,3,0.533630841,9,92
2015,2,3,0.533630841,9,92
2015,2,3,0.533630841,8,94
2015,2,3,0.533630841,8,94
2015,2,3,0.533630841,14,112
2015,2,3,0.533630841,11,116
2015,2,3,0.533630841,13,116
2015,2,3,0.533630841,13,116
2015,2,3,0.533630841,13,118
2015,2,3,0.533630841,14,118
2015,2,3,0.533630841,18,120
2015,2,3,0.533630841,17,124
2015,2,3,0.533630841,23,126
2015,2,3,0.533630841,18,128
2015,2,3,0.533630841,23,130
2015,2,3,0.533630841,22,132
2015,2,3,0.533630841,26,132
2015,2,3,0.533630841,28,144
2015,3,3,0.533630841,8,90
2015,3,3,0.533630841,9,92
2015,3,3,0.533630841,9,92
2015,3,3,0.533630841,8,94
2015,3,3,0.533630841,10,94
2015,3,3,0.533630841,10,94
2015,3,3,0.533630841,10,94
2015,3,3,0.533630841,12,94
2015,3,3,0.533630841,8,96
2015,3,3,0.533630841,11,96
2015,3,3,0.533630841,13,96
2015,3,3,0.533630841,9,98
2015,3,3,0.533630841,11,98
2015,3,3,0.533630841,10,100
2015,3,3,0.533630841,11,106
2015,3,3,0.533630841,10,110
2015,3,3,0.533630841,14,120
2015,3,3,0.533630841,26,128
2015,4,3,0.533630841,8,82
2015,4,3,0.533630841,11,98
2015,4,3,0.533630841,12,104
2015,4,3,0.533630841,11,108
2015,4,3,0.533630841,12,108
2015,4,3,0.533630841,11,112
2015,4,3,0.533630841,14,120
2015,4,3,0.533630841,18,120
2015,4,3,0.533630841,16,122
2015,4,3,0.533630841,19,122
2015,4,3,0.533630841,27,122
2015,4,3,0.533630841,14,126
2015,4,3,0.533630841,19,128
2015,4,3,0.533630841,23,128
2015,4,3,0.533630841,19,130
2015,4,3,0.533630841,21,132
2015,4,3,0.533630841,18,134
2015,4,3,0.533630841,26,134
2015,4,3,0.533630841,23,136
2015,4,3,0.533630841,22,138
2015,4,3,0.533630841,27,138
2016,1,3,0.533630841,7,90
2016,1,3,0.533630841,10,102
2016,1,3,0.533630841,9,104
2016,1,3,0.533630841,12,104
2016,1,3,0.533630841,11,106
2016,1,3,0.533630841,16,112
2016,1,3,0.533630841,16,112
2016,1,3,0.533630841,21,112
2016,1,3,0.533630841,14,114
2016,1,3,0.533630841,14,116
2016,1,3,0.533630841,14,122
2016,1,3,0.533630841,23,126
2016,1,3,0.533630841,23,128
2016,4,3,0.533630841,18,120
2016,4,3,0.533630841,26,130
2016,4,3,0.533630841,30,136
2009,1,5,0.544281299,1,38
2009,2,5,0.544281299,18,136
2010,3,5,0.544281299,18,136
2010,3,5,0.544281299,21,142
2011,2,5,0.544281299,16,106
2011,2,5,0.544281299,21,130
2011,2,5,0.544281299,18,134
2011,2,5,0.544281299,21,134
2011,4,5,0.544281299,22,138
2011,4,5,0.544281299,22,144
2012,4,5,0.544281299,36,144
2013,2,5,0.544281299,2,42
2013,2,5,0.544281299,2,42
2013,2,5,0.544281299,5,58
2013,2,5,0.544281299,7,70
2013,2,5,0.544281299,6,72
2013,2,5,0.544281299,6,72
2013,2,5,0.544281299,5,76
2013,2,5,0.544281299,7,78
2013,2,5,0.544281299,6,86
2013,2,5,0.544281299,8,86
2013,2,5,0.544281299,7,88
2013,2,5,0.544281299,8,90
2013,2,5,0.544281299,8,92
2013,2,5,0.544281299,7,94
2013,2,5,0.544281299,8,94
2013,2,5,0.544281299,9,96
2013,2,5,0.544281299,12,96
2013,2,5,0.544281299,10,98
2013,2,5,0.544281299,10,104
2013,2,5,0.544281299,10,108
2013,2,5,0.544281299,11,112
2013,2,5,0.544281299,12,112
2013,2,5,0.544281299,13,112
2013,2,5,0.544281299,12,114
2013,2,5,0.544281299,15,114
2013,2,5,0.544281299,15,118
2013,2,5,0.544281299,18,118
2013,2,5,0.544281299,15,122
2013,2,5,0.544281299,24,128
2013,2,5,0.544281299,20,132
2013,3,5,0.544281299,4,68
2013,3,5,0.544281299,6,78
2013,4,5,0.544281299,4,64
2013,4,5,0.544281299,12,102
2013,4,5,0.544281299,14,112
2013,4,5,0.544281299,13,116
2013,4,5,0.544281299,20,124
2013,4,5,0.544281299,20,128
2014,1,5,0.544281299,21,136
2014,1,5,0.544281299,20,144
2014,1,5,0.544281299,25,154
2014,2,5,0.544281299,5,64
2014,2,5,0.544281299,7,84
2014,2,5,0.544281299,9,92
2014,2,5,0.544281299,11,94
2014,2,5,0.544281299,10,96
2014,2,5,0.544281299,11,102
2014,2,5,0.544281299,14,102
2014,2,5,0.544281299,11,106
2014,2,5,0.544281299,17,120
2014,2,5,0.544281299,37,132
2014,3,5,0.544281299,3,52
2014,3,5,0.544281299,8,86
2014,3,5,0.544281299,8,96
2014,3,5,0.544281299,9,98
2014,3,5,0.544281299,9,98
2014,3,5,0.544281299,12,114
2014,3,5,0.544281299,14,118
2014,3,5,0.544281299,15,130
2014,3,5,0.544281299,18,132
2014,3,5,0.544281299,19,132
2014,3,5,0.544281299,18,134
2014,3,5,0.544281299,18,134
2014,3,5,0.544281299,18,134
2014,3,5,0.544281299,19,134
2014,3,5,0.544281299,21,134
2014,3,5,0.544281299,22,134
2014,3,5,0.544281299,22,134
2014,3,5,0.544281299,22,134
2014,3,5,0.544281299,27,134
2014,3,5,0.544281299,18,136
2014,3,5,0.544281299,20,136
2014,3,5,0.544281299,21,136
2014,3,5,0.544281299,21,136
2014,3,5,0.544281299,22,136
2014,3,5,0.544281299,22,136
2014,3,5,0.544281299,23,136
2014,3,5,0.544281299,22,138
2014,3,5,0.544281299,22,138
2014,3,5,0.544281299,22,140
2014,3,5,0.544281299,22,142
2014,3,5,0.544281299,25,142
2014,3,5,0.544281299,23,144
2014,3,5,0.544281299,26,144
2014,3,5,0.544281299,27,144
2014,3,5,0.544281299,28,144
2014,3,5,0.544281299,30,144
2014,3,5,0.544281299,26,146
2014,3,5,0.544281299,26,146
2014,3,5,0.544281299,27,146
2014,3,5,0.544281299,27,150
2014,3,5,0.544281299,25,152
2014,4,5,0.544281299,8,88
2014,4,5,0.544281299,9,90
2014,4,5,0.544281299,10,98
2014,4,5,0.544281299,10,98
2014,4,5,0.544281299,11,98
2014,4,5,0.544281299,11,98
2014,4,5,0.544281299,12,98
2014,4,5,0.544281299,11,100
2014,4,5,0.544281299,12,100
2014,4,5,0.544281299,12,110
2014,4,5,0.544281299,15,110
2014,4,5,0.544281299,14,112
2014,4,5,0.544281299,18,114
2015,1,5,0.544281299,3,46
2015,1,5,0.544281299,4,52
2015,1,5,0.544281299,3,58
2015,1,5,0.544281299,4,58
2015,1,5,0.544281299,4,60
2015,1,5,0.544281299,3,62
2015,1,5,0.544281299,5,76
2015,1,5,0.544281299,6,76
2015,1,5,0.544281299,7,80
2015,1,5,0.544281299,8,82
2015,1,5,0.544281299,8,90
2015,1,5,0.544281299,8,92
2015,1,5,0.544281299,13,100
2015,1,5,0.544281299,12,108
2015,1,5,0.544281299,14,108
2015,1,5,0.544281299,17,122
2015,2,5,0.544281299,6,74
2015,2,5,0.544281299,7,84
2015,2,5,0.544281299,11,104
2015,2,5,0.544281299,31,128
2015,3,5,0.544281299,10,94
2015,3,5,0.544281299,10,96
2015,3,5,0.544281299,8,102
2015,3,5,0.544281299,13,106
2015,3,5,0.544281299,15,108
2015,3,5,0.544281299,16,108
2015,3,5,0.544281299,13,112
2015,3,5,0.544281299,13,112
2015,3,5,0.544281299,14,114
2015,3,5,0.544281299,15,116
2015,3,5,0.544281299,15,120
2015,3,5,0.544281299,18,124
2015,3,5,0.544281299,17,132
2015,3,5,0.544281299,28,132
2015,3,5,0.544281299,23,140
2015,4,5,0.544281299,3,62
2015,4,5,0.544281299,6,80
2015,4,5,0.544281299,7,80
2015,4,5,0.544281299,8,82
2015,4,5,0.544281299,15,90
2015,4,5,0.544281299,11,94
2015,4,5,0.544281299,10,96
2015,4,5,0.544281299,13,98
2015,4,5,0.544281299,13,100
2015,4,5,0.544281299,17,102
2015,4,5,0.544281299,32,134
2016,1,5,0.544281299,4,76
2016,1,5,0.544281299,11,104
2016,1,5,0.544281299,11,106
2016,1,5,0.544281299,19,122
2016,1,5,0.544281299,19,124
2016,1,5,0.544281299,23,124
2016,1,5,0.544281299,22,128
2016,1,5,0.544281299,23,140
2016,1,5,0.544281299,21,142
2016,1,5,0.544281299,26,144
2016,2,5,0.544281299,3,56
2016,2,5,0.544281299,5,66
2016,2,5,0.544281299,4,70
2016,2,5,0.544281299,6,70
2016,2,5,0.544281299,7,70
2016,2,5,0.544281299,6,78
2016,2,5,0.544281299,10,92
2016,2,5,0.544281299,9,94
2016,2,5,0.544281299,11,98
2016,2,5,0.544281299,18,98
2016,2,5,0.544281299,13,110
2016,2,5,0.544281299,14,112
2016,3,5,0.544281299,17,130
2016,4,5,0.544281299,5,70
2016,4,5,0.544281299,7,86
2016,4,5,0.544281299,11,96
2016,4,5,0.544281299,16,118
2016,4,5,0.544281299,16,120
2016,4,5,0.544281299,17,122
2016,4,5,0.544281299,26,122
2016,4,5,0.544281299,21,124
2016,4,5,0.544281299,22,128
2016,4,5,0.544281299,22,128
2016,4,5,0.544281299,22,134
2016,4,5,0.544281299,18,136
2016,4,5,0.544281299,19,136
2016,4,5,0.544281299,20,136
2016,4,5,0.544281299,22,136
2016,4,5,0.544281299,12,138
2016,4,5,0.544281299,19,138
2016,4,5,0.544281299,21,138
2016,4,5,0.544281299,26,142
2016,4,5,0.544281299,27,142
2017,2,5,0.544281299,11,102
2017,2,5,0.544281299,8,108
2017,2,5,0.544281299,15,108
2017,2,5,0.544281299,14,112
2017,2,5,0.544281299,15,124
2017,2,5,0.544281299,21,130
2017,2,5,0.544281299,18,132
2017,2,5,0.544281299,21,136
2017,2,5,0.544281299,25,140
2017,2,5,0.544281299,26,140
2017,2,5,0.544281299,31,162
2017,3,5,0.544281299,11,90
2017,3,5,0.544281299,9,98
2017,3,5,0.544281299,11,98
2017,3,5,0.544281299,9,100
2017,3,5,0.544281299,18,100
2017,3,5,0.544281299,16,112
2017,3,5,0.544281299,16,112
2017,3,5,0.544281299,20,126
2017,3,5,0.544281299,22,126
2017,3,5,0.544281299,18,128
2017,3,5,0.544281299,24,128
2017,3,5,0.544281299,19,136
2017,3,5,0.544281299,31,144
2017,4,5,0.544281299,9,72
2017,4,5,0.544281299,7,74
2017,4,5,0.544281299,8,80
2017,4,5,0.544281299,8,84
2017,4,5,0.544281299,12,88
2017,4,5,0.544281299,11,90
2017,4,5,0.544281299,10,94
2017,4,5,0.544281299,11,94
2017,4,5,0.544281299,16,102
2017,4,5,0.544281299,14,106
2017,4,5,0.544281299,14,108
2017,4,5,0.544281299,17,114
2017,4,5,0.544281299,18,120
2017,4,5,0.544281299,29,120
2017,4,5,0.544281299,37,122
2017,4,5,0.544281299,31,128
2018,1,5,0.544281299,15,108
2018,1,5,0.544281299,19,120
2018,1,5,0.544281299,23,120
2018,1,5,0.544281299,40,134
2018,1,5,0.544281299,12,140
2018,1,5,0.544281299,39,140
2018,1,5,0.544281299,31,146
2018,1,5,0.544281299,24,154
2018,2,5,0.544281299,11,118
2018,2,5,0.544281299,22,136
2018,3,5,0.544281299,27,132
2019,1,5,0.544281299,19,102
2019,1,5,0.544281299,14,108
2019,1,5,0.544281299,31,120
2019,2,5,0.544281299,13,106
2019,2,5,0.544281299,21,132
2019,2,5,0.544281299,33,156
2019,2,5,0.544281299,40,168
2019,3,5,0.544281299,40,146
2020,1,5,0.544281299,3,60
2020,2,5,0.544281299,10,102
2020,2,5,0.544281299,10,108
2020,2,5,0.544281299,13,124
2020,2,5,0.544281299,16,136
2020,2,5,0.544281299,35,150
2020,3,5,0.544281299,14,106
2020,3,5,0.544281299,15,110
2020,3,5,0.544281299,16,114
2020,3,5,0.544281299,16,116
2020,3,5,0.544281299,22,116
2020,3,5,0.544281299,21,128
2020,3,5,0.544281299,16,134
2020,3,5,0.544281299,24,138
2020,3,5,0.544281299,22,144
2020,4,5,0.544281299,12,100
2020,4,5,0.544281299,11,112
2020,4,5,0.544281299,24,132
2020,4,5,0.544281299,40,134
2021,2,5,0.544281299,9,110
2021,2,5,0.544281299,24,130
2021,3,5,0.544281299,30,164
2023,2,5,0.544281299,26,134
2023,2,5,0.544281299,18,144
2023,2,5,0.544281299,22,144
2023,3,5,0.544281299,11,106
2023,3,5,0.544281299,12,108
2023,3,5,0.544281299,20,108
2023,3,5,0.544281299,40,140
2014,3,2,4.818916873,31,148
2014,3,2,4.818916873,26,150
2014,3,2,4.818916873,27,150
2014,3,2,4.818916873,35,152
2014,3,2,4.818916873,24,154
2014,3,2,4.818916873,35,154
2014,3,2,4.818916873,32,156
2014,4,2,4.818916873,21,136
2014,4,2,4.818916873,27,144
2014,4,2,4.818916873,33,148
2014,4,2,4.818916873,38,160
1991,1,2,4.818916873,1,24
1991,1,2,4.818916873,2,26
1991,3,2,4.818916873,2,36
1991,3,2,4.818916873,2,42
1992,2,2,4.818916873,3,48
2020,1,2,4.818916873,1,14
2020,1,2,4.818916873,1,14
2020,1,2,4.818916873,1,14
2020,1,2,4.818916873,1,16
2020,1,2,4.818916873,1,18
2020,1,2,4.818916873,1,20
2020,1,2,4.818916873,1,22
2020,1,2,4.818916873,1,22
2020,1,2,4.818916873,1,22
2020,1,2,4.818916873,1,22
2020,1,2,4.818916873,1,22
2020,1,2,4.818916873,1,22
2020,1,2,4.818916873,1,22
2020,1,2,4.818916873,1,22
2020,1,2,4.818916873,1,24
2020,1,2,4.818916873,1,24
2020,1,2,4.818916873,1,24
2020,1,2,4.818916873,1,24
2020,1,2,4.818916873,1,24
2020,1,2,4.818916873,1,24
2020,1,2,4.818916873,1,24
2020,1,2,4.818916873,1,28
2020,1,2,4.818916873,1,30
1990,3,3,0.533630841,2,34
1991,3,3,0.533630841,2,30
1991,3,3,0.533630841,1,32
1991,3,3,0.533630841,2,32
1991,3,3,0.533630841,2,32
1991,3,3,0.533630841,2,46
1991,4,3,0.533630841,2,30
1992,1,3,0.533630841,3,48
1992,1,3,0.533630841,3,48
1992,1,3,0.533630841,3,56
1992,1,3,0.533630841,4,60
2006,2,3,0.533630841,1,28
2006,2,3,0.533630841,1,36
2009,1,3,0.533630841,2,30
2009,1,3,0.533630841,2,34
2009,1,3,0.533630841,2,36
2009,1,3,0.533630841,1,38
2009,2,3,0.533630841,1,32
2009,2,3,0.533630841,2,32
2013,2,3,0.533630841,2,34
2013,2,3,0.533630841,1,38
2013,2,3,0.533630841,2,40
2013,2,3,0.533630841,3,56
2013,2,3,0.533630841,4,62
2013,2,3,0.533630841,4,64
2013,2,3,0.533630841,4,66
2013,2,3,0.533630841,5,70
2013,3,3,0.533630841,2,38
2013,3,3,0.533630841,2,46
2013,3,3,0.533630841,3,46
2013,3,3,0.533630841,3,46
2013,3,3,0.533630841,3,48
2013,3,3,0.533630841,3,48
2013,3,3,0.533630841,3,50
2013,3,3,0.533630841,3,50
2013,3,3,0.533630841,5,50
2013,3,3,0.533630841,4,54
2013,3,3,0.533630841,4,60
2013,4,3,0.533630841,1,28
2013,4,3,0.533630841,3,40
2013,4,3,0.533630841,3,44
2013,4,3,0.533630841,3,46
2013,4,3,0.533630841,3,46
2013,4,3,0.533630841,3,46
2013,4,3,0.533630841,3,46
2013,4,3,0.533630841,3,48
2013,4,3,0.533630841,3,50
2013,4,3,0.533630841,2,52
2013,4,3,0.533630841,6,86
2014,1,3,0.533630841,3,48
2014,1,3,0.533630841,3,50
2014,1,3,0.533630841,3,52
2014,1,3,0.533630841,4,52
2014,1,3,0.533630841,4,54
2014,1,3,0.533630841,3,56
2014,1,3,0.533630841,5,56
2014,1,3,0.533630841,3,58
2014,1,3,0.533630841,3,60
2014,1,3,0.533630841,5,62
2014,1,3,0.533630841,4,64
2014,1,3,0.533630841,5,66
2014,1,3,0.533630841,5,66
2014,1,3,0.533630841,5,70
2014,1,3,0.533630841,5,72
2014,1,3,0.533630841,6,72
2014,1,3,0.533630841,5,74
2014,1,3,0.533630841,7,80
2014,1,3,0.533630841,6,84
2014,1,3,0.533630841,8,84
2014,1,3,0.533630841,8,84
2014,1,3,0.533630841,7,86
2014,1,3,0.533630841,8,90
2014,1,3,0.533630841,8,92
2014,1,3,0.533630841,8,92
2014,2,3,0.533630841,3,46
2014,2,3,0.533630841,3,50
2014,2,3,0.533630841,3,52
2014,2,3,0.533630841,3,52
2014,2,3,0.533630841,3,52
2014,2,3,0.533630841,2,56
2014,2,3,0.533630841,4,56
2014,2,3,0.533630841,4,60
2014,2,3,0.533630841,3,62
2014,2,3,0.533630841,5,64
2014,2,3,0.533630841,8,84
2014,3,3,0.533630841,2,42
2014,3,3,0.533630841,3,44
2014,3,3,0.533630841,2,46
2014,3,3,0.533630841,4,62
2014,3,3,0.533630841,5,64
2014,3,3,0.533630841,5,64
2014,3,3,0.533630841,6,66
2014,3,3,0.533630841,5,68
2014,3,3,0.533630841,5,68
2014,3,3,0.533630841,40,144
2014,4,3,0.533630841,7,68
2014,4,3,0.533630841,5,72
2014,4,3,0.533630841,5,76
2014,4,3,0.533630841,9,92
2015,1,3,0.533630841,4,66
2015,1,3,0.533630841,7,70
2015,1,3,0.533630841,6,74
2015,1,3,0.533630841,7,74
2015,1,3,0.533630841,5,76
2015,1,3,0.533630841,6,84
2015,1,3,0.533630841,9,86
2015,1,3,0.533630841,7,88
2015,1,3,0.533630841,10,88
2015,2,3,0.533630841,2,46
2015,2,3,0.533630841,3,48
2015,2,3,0.533630841,3,52
2015,2,3,0.533630841,3,54
2015,2,3,0.533630841,3,54
2015,2,3,0.533630841,3,56
2015,2,3,0.533630841,3,56
2015,2,3,0.533630841,4,56
2015,2,3,0.533630841,3,58
2015,2,3,0.533630841,4,58
2015,2,3,0.533630841,4,58
2015,2,3,0.533630841,4,60
2015,2,3,0.533630841,3,62
2015,2,3,0.533630841,5,64
2015,2,3,0.533630841,5,64
2015,2,3,0.533630841,5,64
2015,2,3,0.533630841,5,68
2015,2,3,0.533630841,5,70
2015,2,3,0.533630841,6,72
2015,2,3,0.533630841,4,78
2015,2,3,0.533630841,6,78
2015,2,3,0.533630841,6,80
2015,2,3,0.533630841,7,80
2015,2,3,0.533630841,8,82
2015,2,3,0.533630841,7,84
2015,2,3,0.533630841,7,86
2015,2,3,0.533630841,8,86
2015,2,3,0.533630841,9,90
2015,4,3,0.533630841,5,58
2015,4,3,0.533630841,3,60
2015,4,3,0.533630841,4,60
2015,4,3,0.533630841,4,60
2015,4,3,0.533630841,5,62
2015,4,3,0.533630841,4,64
2015,4,3,0.533630841,6,74
2015,4,3,0.533630841,5,76
2015,4,3,0.533630841,6,76
2015,4,3,0.533630841,7,78
2015,4,3,0.533630841,5,84
2015,4,3,0.533630841,7,84
2015,4,3,0.533630841,18,122
2016,2,3,0.533630841,3,72
2016,4,3,0.533630841,9,80
2016,4,3,0.533630841,9,94
2016,4,3,0.533630841,27,126
2016,4,3,0.533630841,32,126
2017,1,3,0.533630841,12,90
2017,1,3,0.533630841,14,110
2018,1,3,0.533630841,2,40
2018,1,3,0.533630841,3,50
2019,3,3,0.533630841,4,60
2019,3,3,0.533630841,3,70
2019,4,3,0.533630841,4,66
2021,1,3,0.533630841,3,58
2021,1,3,0.533630841,3,58
2022,2,3,0.533630841,4,74
2022,3,3,0.533630841,3,58
2023,2,3,0.533630841,3,46
2024,1,3,0.533630841,3,62
2015,1,4,0.533630841,7,70
2015,1,4,0.533630841,5,72
2015,1,4,0.533630841,6,76
2017,2,4,0.533630841,1,32
2017,2,4,0.533630841,2,32
2017,4,4,0.533630841,8,76
1991,1,3,0.533630841,4,60
1991,1,3,0.533630841,4,66
1991,1,3,0.533630841,4,66
1992,2,3,0.533630841,2,48
1992,2,3,0.533630841,3,50
1992,2,3,0.533630841,3,52
1992,2,3,0.533630841,4,54
1992,2,3,0.533630841,3,56
1992,2,3,0.533630841,4,58
1992,2,3,0.533630841,4,58
1992,2,3,0.533630841,4,62
2013,2,3,0.533630841,2,36
2013,2,3,0.533630841,2,38
2019,3,3,0.533630841,2,38
2013,4,4,0.533630841,2,38
2013,4,4,0.533630841,2,42
2013,4,4,0.533630841,2,42
2013,4,4,0.533630841,2,42
2013,4,4,0.533630841,2,42
2013,4,4,0.533630841,2,42
2013,4,4,0.533630841,2,42
2013,4,4,0.533630841,2,42
2013,4,4,0.533630841,2,44
2013,4,4,0.533630841,2,44
2013,4,4,0.533630841,2,44
2013,4,4,0.533630841,2,44
2013,4,4,0.533630841,2,44
2013,4,4,0.533630841,2,44
2013,4,4,0.533630841,2,44
2013,4,4,0.533630841,3,44
2013,4,4,0.533630841,3,44
2013,4,4,0.533630841,2,46
2013,4,4,0.533630841,2,46
2013,4,4,0.533630841,2,46
2013,4,4,0.533630841,2,46
2013,4,4,0.533630841,2,46
2013,4,4,0.533630841,3,46
2013,4,4,0.533630841,3,46
2013,4,4,0.533630841,3,46
2013,4,4,0.533630841,3,48
2013,4,4,0.533630841,3,48
2013,4,4,0.533630841,3,48
2013,4,4,0.533630841,3,50
2013,4,4,0.533630841,3,50
2013,4,4,0.533630841,3,50
2013,4,4,0.533630841,3,50
2013,4,4,0.533630841,3,50
2013,4,4,0.533630841,4,50
2013,4,4,0.533630841,3,52
2013,4,4,0.533630841,3,52
2013,4,4,0.533630841,3,52
2013,4,4,0.533630841,3,52
2013,4,4,0.533630841,4,52
2013,4,4,0.533630841,3,56
2013,4,4,0.533630841,4,60
2013,4,4,0.533630841,5,62
2013,4,4,0.533630841,4,66
2013,4,4,0.533630841,6,74
2013,4,4,0.533630841,6,74
2013,4,4,0.533630841,7,76
2013,4,4,0.533630841,6,78
2013,4,4,0.533630841,6,78
2013,4,4,0.533630841,7,78
2013,4,4,0.533630841,7,78
2013,4,4,0.533630841,8,78
2013,4,4,0.533630841,6,82
2013,4,4,0.533630841,7,88
2014,3,4,0.533630841,2,36
2014,3,4,0.533630841,2,36
2014,3,4,0.533630841,2,46
2014,3,4,0.533630841,3,48
2014,3,4,0.533630841,3,48
2014,3,4,0.533630841,3,50
2014,3,4,0.533630841,2,54
2014,3,4,0.533630841,3,54
2014,3,4,0.533630841,5,62
2014,3,4,0.533630841,5,68
2014,3,4,0.533630841,6,68
2015,3,4,0.533630841,4,54
2015,4,4,0.533630841,2,38
2015,4,4,0.533630841,3,52
2015,4,4,0.533630841,3,54
2015,4,4,0.533630841,4,54
2015,4,4,0.533630841,4,56
2015,4,4,0.533630841,4,58
2015,4,4,0.533630841,4,58
2015,4,4,0.533630841,5,60
2015,4,4,0.533630841,5,60
2015,4,4,0.533630841,4,66
2020,3,4,0.533630841,2,42
2020,3,4,0.533630841,2,42
2020,3,4,0.533630841,2,42
2020,3,4,0.533630841,3,42
2020,3,4,0.533630841,2,48
2020,3,4,0.533630841,2,50
2020,3,4,0.533630841,3,50
2020,3,4,0.533630841,3,50
2020,3,4,0.533630841,3,52
2020,3,4,0.533630841,3,58
2020,3,4,0.533630841,6,64
2020,3,4,0.533630841,4,72
2020,3,4,0.533630841,7,76
