rel.group,rel.area,rel.year,rel.season,program,rel.length,rec.fishery,rec.year,rec.season,rec.number
1,2,1990,3,RTTP,34,19,1991,4,1
1,2,1990,3,RTTP,38,25,1991,2,1
1,2,1990,3,RTTP,40,16,1991,2,1
1,2,1990,3,RTTP,44,4,1991,3,1
1,2,1990,3,RTTP,48,19,1991,1,1
1,2,1990,3,RTTP,50,19,1990,4,1
2,2,1991,1,RTTP,30,16,1991,1,1
2,2,1991,1,RTTP,32,16,1991,1,1
2,2,1991,1,RTTP,32,16,1991,2,1
2,2,1991,1,RTTP,32,16,1991,4,1
2,2,1991,1,RTTP,38,16,1991,1,1
2,2,1991,1,RTTP,38,16,1991,2,2
2,2,1991,1,RTTP,42,14,1991,1,1
3,2,1991,2,RTTP,34,25,1992,2,1
3,2,1991,2,RTTP,38,19,1991,2,1
3,2,1991,2,RTTP,42,22,1992,3,1
4,2,1992,3,RTTP,24,19,1992,3,3
4,2,1992,3,RTTP,24,19,1992,4,1
4,2,1992,3,RTTP,24,22,1992,3,1
4,2,1992,3,RTTP,24,22,1992,4,1
4,2,1992,3,RTTP,26,19,1992,3,10
4,2,1992,3,RTTP,26,22,1992,3,3
4,2,1992,3,RTTP,26,22,1992,4,1
4,2,1992,3,RTTP,28,19,1992,3,107
4,2,1992,3,RTTP,28,19,1992,4,3
4,2,1992,3,RTTP,28,19,1993,1,1
4,2,1992,3,RTTP,28,22,1992,3,2
4,2,1992,3,RTTP,28,22,1992,4,1
4,2,1992,3,RTTP,30,15,1992,3,1
4,2,1992,3,RTTP,30,19,1992,3,58
4,2,1992,3,RTTP,30,19,1992,4,9
4,2,1992,3,RTTP,30,19,1993,1,1
4,2,1992,3,RTTP,30,22,1992,3,4
4,2,1992,3,RTTP,30,22,1992,4,1
4,2,1992,3,RTTP,32,19,1992,3,10
4,2,1992,3,RTTP,32,19,1992,4,1
4,2,1992,3,RTTP,32,22,1992,3,3
4,2,1992,3,RTTP,32,22,1992,4,3
4,2,1992,3,RTTP,32,22,1993,2,1
4,2,1992,3,RTTP,34,19,1992,3,10
4,2,1992,3,RTTP,34,19,1992,4,1
4,2,1992,3,RTTP,34,22,1992,3,4
4,2,1992,3,RTTP,34,22,1992,4,2
4,2,1992,3,RTTP,36,19,1992,3,3
4,2,1992,3,RTTP,36,19,1992,4,1
4,2,1992,3,RTTP,36,19,1993,1,1
4,2,1992,3,RTTP,36,22,1992,3,1
4,2,1992,3,RTTP,38,16,1992,3,1
4,2,1992,3,RTTP,44,19,1992,3,1
5,2,1992,4,RTTP,26,19,1992,4,2
5,2,1992,4,RTTP,26,19,1993,1,2
5,2,1992,4,RTTP,28,19,1992,4,7
5,2,1992,4,RTTP,28,19,1993,1,1
5,2,1992,4,RTTP,30,19,1992,4,4
5,2,1992,4,RTTP,30,19,1993,2,1
5,2,1992,4,RTTP,32,19,1992,4,9
5,2,1992,4,RTTP,34,19,1992,4,6
5,2,1992,4,RTTP,36,15,1992,4,1
5,2,1992,4,RTTP,36,19,1992,4,23
5,2,1992,4,RTTP,36,19,1993,1,2
5,2,1992,4,RTTP,36,22,1993,2,1
5,2,1992,4,RTTP,38,19,1992,4,24
5,2,1992,4,RTTP,38,19,1993,1,1
5,2,1992,4,RTTP,40,15,1992,4,1
5,2,1992,4,RTTP,40,19,1992,4,7
5,2,1992,4,RTTP,40,19,1993,1,1
5,2,1992,4,RTTP,40,22,1992,4,1
5,2,1992,4,RTTP,42,15,1992,4,1
5,2,1992,4,RTTP,42,19,1992,4,3
5,2,1992,4,RTTP,46,19,1992,4,2
5,2,1992,4,RTTP,46,22,1992,4,1
5,2,1992,4,RTTP,48,19,1992,4,1
6,3,1989,4,RTTP,36,25,1990,1,1
6,3,1989,4,RTTP,36,25,1990,2,1
6,3,1989,4,RTTP,38,25,1990,1,3
6,3,1989,4,RTTP,38,25,1991,4,1
6,3,1989,4,RTTP,46,25,1990,1,1
6,3,1989,4,RTTP,48,7,1992,1,1
7,3,1990,1,RTTP,46,25,1990,4,1
7,3,1990,1,RTTP,48,17,1990,3,1
7,3,1990,1,RTTP,48,25,1990,2,3
7,3,1990,1,RTTP,48,25,1990,3,6
7,3,1990,1,RTTP,48,25,1990,4,4
7,3,1990,1,RTTP,48,25,1991,2,2
7,3,1990,1,RTTP,50,25,1990,2,1
7,3,1990,1,RTTP,50,25,1990,3,2
7,3,1990,1,RTTP,50,25,1990,4,1
7,3,1990,1,RTTP,50,27,1990,2,1
7,3,1990,1,RTTP,70,25,1990,3,2
7,3,1990,1,RTTP,70,25,1990,4,1
7,3,1990,1,RTTP,70,25,1991,1,2
7,3,1990,1,RTTP,72,25,1990,2,2
8,3,1990,2,RTTP,44,25,1991,2,1
8,3,1990,2,RTTP,46,25,1990,2,1
8,3,1990,2,RTTP,48,25,1990,2,3
8,3,1990,2,RTTP,52,25,1990,2,1
8,3,1990,2,RTTP,52,25,1991,1,1
8,3,1990,2,RTTP,54,25,1990,2,8
8,3,1990,2,RTTP,54,25,1990,3,1
8,3,1990,2,RTTP,54,25,1990,4,1
8,3,1990,2,RTTP,54,25,1991,3,1
8,3,1990,2,RTTP,56,25,1990,2,10
8,3,1990,2,RTTP,56,25,1990,3,1
8,3,1990,2,RTTP,56,25,1991,1,1
8,3,1990,2,RTTP,56,25,1991,3,1
8,3,1990,2,RTTP,58,25,1990,2,1
8,3,1990,2,RTTP,58,25,1990,3,1
8,3,1990,2,RTTP,58,25,1990,4,3
8,3,1990,2,RTTP,58,25,1991,3,1
8,3,1990,2,RTTP,60,25,1990,2,1
8,3,1990,2,RTTP,60,25,1990,3,1
9,3,1990,3,RTTP,38,25,1990,4,1
9,3,1990,3,RTTP,40,25,1991,3,1
9,3,1990,3,RTTP,42,25,1991,1,1
10,3,1991,1,RTTP,32,25,1992,1,1
10,3,1991,1,RTTP,48,10,1991,1,1
10,3,1991,1,RTTP,50,25,1991,1,1
10,3,1991,1,RTTP,50,25,1991,2,1
11,3,1991,3,RTTP,30,25,1991,3,3
11,3,1991,3,RTTP,30,26,1992,2,0
11,3,1991,3,RTTP,32,25,1991,3,1
11,3,1991,3,RTTP,36,25,1991,3,1
11,3,1991,3,RTTP,38,10,1994,1,1
11,3,1991,3,RTTP,38,25,1993,2,1
11,3,1991,3,RTTP,40,25,1992,1,1
11,3,1991,3,RTTP,42,25,1991,4,1
11,3,1991,3,RTTP,42,25,1992,1,1
11,3,1991,3,RTTP,48,25,1992,2,1
11,3,1991,3,RTTP,50,25,1991,3,2
11,3,1991,3,RTTP,50,25,1991,4,1
11,3,1991,3,RTTP,52,25,1991,3,2
11,3,1991,3,RTTP,54,25,1991,3,6
11,3,1991,3,RTTP,54,25,1992,3,2
11,3,1991,3,RTTP,56,25,1991,3,20
11,3,1991,3,RTTP,56,25,1992,2,2
11,3,1991,3,RTTP,58,25,1991,3,5
11,3,1991,3,RTTP,58,25,1991,4,2
11,3,1991,3,RTTP,60,25,1991,3,10
11,3,1991,3,RTTP,60,25,1992,2,2
11,3,1991,3,RTTP,62,25,1991,3,4
11,3,1991,3,RTTP,64,25,1991,3,8
11,3,1991,3,RTTP,66,25,1992,3,1
11,3,1991,3,RTTP,68,25,1991,3,3
11,3,1991,3,RTTP,70,25,1991,4,1
12,3,1992,1,RTTP,46,25,1993,3,1
12,3,1992,1,RTTP,48,7,1994,3,1
12,3,1992,1,RTTP,48,25,1992,4,1
12,3,1992,1,RTTP,48,25,1993,3,1
12,3,1992,1,RTTP,48,27,1993,2,1
12,3,1992,1,RTTP,50,25,1992,2,1
12,3,1992,1,RTTP,50,25,1992,3,3
12,3,1992,1,RTTP,50,25,1992,4,2
12,3,1992,1,RTTP,50,25,1993,1,2
12,3,1992,1,RTTP,50,27,1993,1,1
12,3,1992,1,RTTP,50,27,1993,2,1
12,3,1992,1,RTTP,52,25,1992,3,3
12,3,1992,1,RTTP,52,25,1992,4,1
12,3,1992,1,RTTP,52,25,1993,1,1
12,3,1992,1,RTTP,52,25,1993,2,1
12,3,1992,1,RTTP,52,25,1993,3,1
12,3,1992,1,RTTP,54,2,1993,4,1
12,3,1992,1,RTTP,54,8,1997,2,1
12,3,1992,1,RTTP,54,25,1992,2,2
13,3,1992,2,RTTP,42,25,1993,1,1
13,3,1992,2,RTTP,44,25,1993,2,1
13,3,1992,2,RTTP,44,27,1992,2,1
13,3,1992,2,RTTP,44,27,1992,3,2
13,3,1992,2,RTTP,46,25,1992,2,2
13,3,1992,2,RTTP,46,25,1993,1,2
13,3,1992,2,RTTP,46,25,1993,4,2
13,3,1992,2,RTTP,48,25,1992,2,1
13,3,1992,2,RTTP,48,25,1992,4,1
13,3,1992,2,RTTP,48,25,1993,1,1
13,3,1992,2,RTTP,48,25,1993,2,1
13,3,1992,2,RTTP,50,10,1993,2,2
13,3,1992,2,RTTP,50,25,1992,2,3
13,3,1992,2,RTTP,50,25,1992,3,2
13,3,1992,2,RTTP,50,25,1992,4,1
13,3,1992,2,RTTP,50,25,1993,1,8
13,3,1992,2,RTTP,50,25,1993,2,1
13,3,1992,2,RTTP,50,25,1993,3,1
13,3,1992,2,RTTP,50,27,1992,4,1
13,3,1992,2,RTTP,52,4,1994,1,2
13,3,1992,2,RTTP,52,25,1992,2,3
13,3,1992,2,RTTP,52,25,1992,3,8
13,3,1992,2,RTTP,52,25,1992,4,2
13,3,1992,2,RTTP,52,25,1993,1,1
13,3,1992,2,RTTP,52,25,1993,2,3
13,3,1992,2,RTTP,52,25,1993,3,3
13,3,1992,2,RTTP,52,25,1994,4,1
13,3,1992,2,RTTP,52,27,1992,3,1
13,3,1992,2,RTTP,52,27,1993,3,1
13,3,1992,2,RTTP,54,25,1992,2,1
13,3,1992,2,RTTP,54,25,1992,3,7
13,3,1992,2,RTTP,54,25,1992,4,3
13,3,1992,2,RTTP,54,25,1993,1,2
13,3,1992,2,RTTP,54,25,1993,2,2
13,3,1992,2,RTTP,54,25,1993,3,1
13,3,1992,2,RTTP,54,28,1993,2,0
13,3,1992,2,RTTP,56,7,1994,1,1
13,3,1992,2,RTTP,56,25,1992,3,3
13,3,1992,2,RTTP,56,25,1992,4,1
13,3,1992,2,RTTP,56,25,1993,3,1
13,3,1992,2,RTTP,56,27,1992,3,1
13,3,1992,2,RTTP,58,3,1994,4,0
13,3,1992,2,RTTP,58,8,1997,4,1
13,3,1992,2,RTTP,58,25,1992,2,3
13,3,1992,2,RTTP,58,25,1992,3,1
13,3,1992,2,RTTP,58,25,1992,4,2
13,3,1992,2,RTTP,58,25,1993,1,1
13,3,1992,2,RTTP,60,25,1992,3,2
13,3,1992,2,RTTP,64,8,1997,3,1
13,3,1992,2,RTTP,86,25,1992,2,2
13,3,1992,2,RTTP,94,8,1995,4,1
13,3,1992,2,RTTP,100,7,2001,1,1
13,3,1992,2,RTTP,104,7,1994,2,1
14,3,1992,3,RTTP,56,25,1992,4,1
14,3,1992,3,RTTP,58,25,1993,1,1
14,3,1992,3,RTTP,60,25,1993,1,1
15,5,1991,1,RTTP,54,25,1991,1,2
15,5,1991,1,RTTP,58,6,2000,2,1
15,5,1991,1,RTTP,58,10,1991,1,5
15,5,1991,1,RTTP,58,19,1992,1,1
15,5,1991,1,RTTP,58,25,1991,1,1
15,5,1991,1,RTTP,58,25,1991,3,1
15,5,1991,1,RTTP,60,10,1991,4,3
15,5,1991,1,RTTP,60,25,1991,1,1
15,5,1991,1,RTTP,60,25,1991,2,2
15,5,1991,1,RTTP,60,25,1991,4,1
15,5,1991,1,RTTP,62,10,1991,1,1
15,5,1991,1,RTTP,62,10,1992,1,1
15,5,1991,1,RTTP,64,10,1991,2,2
15,5,1991,1,RTTP,64,10,1991,4,1
15,5,1991,1,RTTP,66,10,1991,1,1
15,5,1991,1,RTTP,66,25,1991,4,1
15,5,1991,1,RTTP,68,10,1991,1,1
15,5,1991,1,RTTP,68,25,1991,1,5
15,5,1991,1,RTTP,68,25,1991,4,2
15,5,1991,1,RTTP,70,10,1991,1,1
15,5,1991,1,RTTP,70,10,1991,4,3
15,5,1991,1,RTTP,70,25,1991,1,3
15,5,1991,1,RTTP,70,27,1991,4,1
15,5,1991,1,RTTP,72,10,1991,1,1
15,5,1991,1,RTTP,72,10,1991,4,2
15,5,1991,1,RTTP,72,25,1991,1,1
15,5,1991,1,RTTP,74,10,1991,4,1
16,1,2020,3,PTTP,34,9,2023,4,1
16,1,2020,3,PTTP,38,3,2023,2,0
16,1,2020,3,PTTP,40,25,2021,2,1
16,1,2020,3,PTTP,42,1,2021,2,1
16,1,2020,3,PTTP,44,1,2021,4,1
16,1,2020,3,PTTP,48,26,2021,1,1
18,1,2021,3,PTTP,42,26,2023,4,1
18,1,2021,3,PTTP,48,26,2022,4,1
18,1,2021,3,PTTP,50,25,2021,4,1
18,1,2021,3,PTTP,50,25,2022,1,1
18,1,2021,3,PTTP,52,3,2024,1,0
18,1,2021,3,PTTP,52,26,2021,3,1
19,2,2008,3,PTTP,30,19,2008,4,1
19,2,2008,3,PTTP,30,21,2008,4,1
20,2,2008,4,PTTP,30,21,2008,4,1
20,2,2008,4,PTTP,36,21,2008,4,2
20,2,2008,4,PTTP,38,19,2008,4,1
20,2,2008,4,PTTP,38,21,2008,4,15
20,2,2008,4,PTTP,38,21,2009,1,1
20,2,2008,4,PTTP,40,21,2008,4,16
20,2,2008,4,PTTP,40,21,2009,1,6
20,2,2008,4,PTTP,40,21,2009,2,3
20,2,2008,4,PTTP,40,21,2009,3,1
20,2,2008,4,PTTP,42,14,2010,1,1
20,2,2008,4,PTTP,42,21,2008,4,13
20,2,2008,4,PTTP,42,21,2009,1,1
20,2,2008,4,PTTP,42,21,2009,2,1
20,2,2008,4,PTTP,42,25,2009,1,1
20,2,2008,4,PTTP,42,25,2009,3,1
20,2,2008,4,PTTP,44,14,2009,3,1
20,2,2008,4,PTTP,44,21,2008,4,4
20,2,2008,4,PTTP,44,21,2009,2,1
20,2,2008,4,PTTP,48,21,2008,4,1
20,2,2008,4,PTTP,50,19,2009,1,1
20,2,2008,4,PTTP,50,25,2009,4,1
20,2,2008,4,PTTP,52,21,2009,1,1
21,2,2009,3,PTTP,32,14,2009,4,1
21,2,2009,3,PTTP,32,21,2009,3,2
21,2,2009,3,PTTP,32,21,2009,4,9
21,2,2009,3,PTTP,32,21,2010,1,1
21,2,2009,3,PTTP,32,21,2010,2,2
21,2,2009,3,PTTP,32,25,2010,1,2
21,2,2009,3,PTTP,34,14,2010,4,2
21,2,2009,3,PTTP,34,21,2009,3,3
21,2,2009,3,PTTP,34,21,2009,4,13
21,2,2009,3,PTTP,34,21,2010,1,7
21,2,2009,3,PTTP,34,27,2010,1,1
21,2,2009,3,PTTP,36,21,2009,3,1
21,2,2009,3,PTTP,36,21,2009,4,4
21,2,2009,3,PTTP,40,21,2010,1,1
21,2,2009,3,PTTP,42,21,2009,4,1
22,2,2019,3,PTTP,58,25,2020,1,1
23,3,2006,3,PTTP,36,25,2006,4,1
23,3,2006,3,PTTP,38,25,2006,4,1
23,3,2006,3,PTTP,42,25,2006,4,4
23,3,2006,3,PTTP,44,25,2006,3,2
23,3,2006,3,PTTP,44,25,2006,4,2
23,3,2006,3,PTTP,44,25,2007,1,1
23,3,2006,3,PTTP,46,25,2006,3,3
23,3,2006,3,PTTP,46,25,2006,4,4
23,3,2006,3,PTTP,46,25,2007,1,1
23,3,2006,3,PTTP,48,25,2006,4,2
23,3,2006,3,PTTP,48,25,2007,2,1
23,3,2006,3,PTTP,50,25,2006,3,2
23,3,2006,3,PTTP,50,25,2006,4,2
23,3,2006,3,PTTP,54,25,2006,3,1
23,3,2006,3,PTTP,54,25,2007,2,1
23,3,2006,3,PTTP,58,25,2006,3,1
23,3,2006,3,PTTP,58,25,2006,4,12
23,3,2006,3,PTTP,58,25,2007,2,2
23,3,2006,3,PTTP,58,25,2007,3,2
23,3,2006,3,PTTP,60,25,2006,3,8
23,3,2006,3,PTTP,60,25,2006,4,29
23,3,2006,3,PTTP,60,25,2007,1,2
23,3,2006,3,PTTP,60,25,2007,2,2
23,3,2006,3,PTTP,60,25,2007,3,3
23,3,2006,3,PTTP,62,25,2006,3,7
23,3,2006,3,PTTP,62,25,2006,4,28
23,3,2006,3,PTTP,62,25,2007,2,6
23,3,2006,3,PTTP,62,25,2007,3,5
23,3,2006,3,PTTP,62,27,2007,3,1
23,3,2006,3,PTTP,64,25,2006,3,1
23,3,2006,3,PTTP,64,25,2006,4,1
23,3,2006,3,PTTP,64,25,2007,2,2
23,3,2006,3,PTTP,66,27,2007,2,1
23,3,2006,3,PTTP,70,25,2006,3,1
23,3,2006,3,PTTP,72,25,2006,4,1
24,3,2006,4,PTTP,40,25,2007,3,1
24,3,2006,4,PTTP,42,25,2006,4,1
24,3,2006,4,PTTP,44,25,2006,4,3
24,3,2006,4,PTTP,44,25,2007,1,1
24,3,2006,4,PTTP,46,25,2008,2,1
24,3,2006,4,PTTP,48,25,2006,4,3
24,3,2006,4,PTTP,48,25,2007,1,1
24,3,2006,4,PTTP,48,25,2007,3,3
24,3,2006,4,PTTP,48,27,2007,3,1
24,3,2006,4,PTTP,50,25,2006,4,5
24,3,2006,4,PTTP,50,25,2007,1,2
24,3,2006,4,PTTP,50,25,2007,2,1
24,3,2006,4,PTTP,50,25,2007,3,2
24,3,2006,4,PTTP,52,25,2006,4,1
24,3,2006,4,PTTP,52,25,2007,2,2
24,3,2006,4,PTTP,52,25,2007,3,1
24,3,2006,4,PTTP,52,27,2007,3,1
24,3,2006,4,PTTP,54,25,2006,4,2
24,3,2006,4,PTTP,54,25,2007,2,1
24,3,2006,4,PTTP,54,25,2007,3,2
24,3,2006,4,PTTP,60,25,2006,4,1
24,3,2006,4,PTTP,60,25,2007,1,1
24,3,2006,4,PTTP,60,25,2007,2,1
24,3,2006,4,PTTP,60,25,2007,3,1
24,3,2006,4,PTTP,62,25,2006,4,4
24,3,2006,4,PTTP,62,25,2007,1,3
24,3,2006,4,PTTP,62,25,2007,2,4
24,3,2006,4,PTTP,62,25,2007,3,1
24,3,2006,4,PTTP,62,25,2007,4,1
24,3,2006,4,PTTP,62,25,2009,4,1
24,3,2006,4,PTTP,64,25,2006,4,3
24,3,2006,4,PTTP,64,25,2007,1,2
24,3,2006,4,PTTP,64,25,2007,2,5
24,3,2006,4,PTTP,64,25,2007,3,2
24,3,2006,4,PTTP,64,27,2007,3,2
24,3,2006,4,PTTP,66,25,2006,4,3
24,3,2006,4,PTTP,66,25,2007,1,2
24,3,2006,4,PTTP,66,25,2007,2,1
24,3,2006,4,PTTP,66,25,2009,3,1
24,3,2006,4,PTTP,68,25,2006,4,1
24,3,2006,4,PTTP,68,25,2007,2,3
24,3,2006,4,PTTP,72,25,2007,2,1
24,3,2006,4,PTTP,72,27,2007,3,1
25,3,2007,1,PTTP,38,25,2007,3,1
25,3,2007,1,PTTP,44,25,2007,2,1
25,3,2007,1,PTTP,44,25,2007,3,1
25,3,2007,1,PTTP,52,25,2007,3,1
25,3,2007,1,PTTP,68,27,2011,2,1
25,3,2007,1,PTTP,70,25,2011,4,1
26,3,2007,2,PTTP,42,25,2007,3,1
27,3,2007,4,PTTP,36,25,2007,4,1
27,3,2007,4,PTTP,36,25,2008,2,1
27,3,2007,4,PTTP,36,25,2008,3,1
27,3,2007,4,PTTP,38,25,2008,2,1
27,3,2007,4,PTTP,38,26,2008,3,1
27,3,2007,4,PTTP,40,25,2007,4,1
27,3,2007,4,PTTP,40,25,2008,2,1
27,3,2007,4,PTTP,44,25,2008,1,1
27,3,2007,4,PTTP,46,25,2008,1,1
28,3,2008,1,PTTP,30,25,2008,1,1
28,3,2008,1,PTTP,30,25,2008,2,3
28,3,2008,1,PTTP,30,25,2008,4,1
28,3,2008,1,PTTP,32,25,2008,1,2
28,3,2008,1,PTTP,32,25,2008,2,2
28,3,2008,1,PTTP,32,25,2008,3,1
28,3,2008,1,PTTP,32,25,2009,2,1
28,3,2008,1,PTTP,34,25,2008,1,1
28,3,2008,1,PTTP,34,25,2008,2,5
28,3,2008,1,PTTP,34,25,2008,3,2
28,3,2008,1,PTTP,34,25,2008,4,1
28,3,2008,1,PTTP,34,26,2008,3,1
28,3,2008,1,PTTP,36,25,2008,1,4
28,3,2008,1,PTTP,36,25,2008,2,2
28,3,2008,1,PTTP,36,25,2008,4,1
28,3,2008,1,PTTP,38,25,2008,1,4
28,3,2008,1,PTTP,38,25,2008,2,2
28,3,2008,1,PTTP,38,25,2008,3,2
28,3,2008,1,PTTP,38,25,2008,4,1
28,3,2008,1,PTTP,38,25,2009,4,1
28,3,2008,1,PTTP,40,25,2008,3,1
28,3,2008,1,PTTP,40,25,2008,4,2
28,3,2008,1,PTTP,44,25,2008,3,1
28,3,2008,1,PTTP,46,25,2008,2,1
28,3,2008,1,PTTP,48,25,2009,1,1
29,3,2008,2,PTTP,30,25,2008,3,2
29,3,2008,2,PTTP,32,25,2008,2,2
29,3,2008,2,PTTP,32,25,2008,3,3
29,3,2008,2,PTTP,34,25,2008,2,1
29,3,2008,2,PTTP,34,25,2008,3,3
29,3,2008,2,PTTP,36,25,2008,2,1
29,3,2008,2,PTTP,36,25,2008,3,1
29,3,2008,2,PTTP,38,25,2008,3,1
29,3,2008,2,PTTP,40,25,2008,3,7
29,3,2008,2,PTTP,40,25,2008,4,1
29,3,2008,2,PTTP,42,25,2008,3,2
29,3,2008,2,PTTP,48,25,2008,3,1
29,3,2008,2,PTTP,50,25,2008,3,1
29,3,2008,2,PTTP,52,25,2008,2,1
29,3,2008,2,PTTP,52,25,2008,3,4
29,3,2008,2,PTTP,54,25,2008,3,1
29,3,2008,2,PTTP,54,25,2009,1,1
29,3,2008,2,PTTP,56,25,2008,3,3
29,3,2008,2,PTTP,56,25,2008,4,1
29,3,2008,2,PTTP,58,25,2008,3,10
29,3,2008,2,PTTP,58,25,2008,4,1
29,3,2008,2,PTTP,60,25,2008,3,8
29,3,2008,2,PTTP,60,25,2008,4,1
29,3,2008,2,PTTP,62,25,2008,3,15
29,3,2008,2,PTTP,62,25,2009,2,1
29,3,2008,2,PTTP,62,27,2008,3,2
29,3,2008,2,PTTP,64,25,2008,3,3
29,3,2008,2,PTTP,66,25,2008,3,1
29,3,2008,2,PTTP,66,25,2008,4,1
29,3,2008,2,PTTP,74,25,2008,4,1
30,3,2008,3,PTTP,30,25,2008,4,1
30,3,2008,3,PTTP,32,27,2009,3,1
30,3,2008,3,PTTP,34,25,2009,2,1
30,3,2008,3,PTTP,36,21,2009,1,1
30,3,2008,3,PTTP,36,25,2008,4,1
31,3,2008,4,PTTP,32,25,2009,1,2
31,3,2008,4,PTTP,32,25,2009,2,1
31,3,2008,4,PTTP,32,25,2009,4,2
31,3,2008,4,PTTP,34,25,2008,4,2
31,3,2008,4,PTTP,34,25,2009,1,9
31,3,2008,4,PTTP,34,25,2009,2,1
31,3,2008,4,PTTP,34,25,2009,3,1
31,3,2008,4,PTTP,36,25,2008,4,1
31,3,2008,4,PTTP,36,25,2009,1,1
31,3,2008,4,PTTP,36,25,2009,2,2
31,3,2008,4,PTTP,36,25,2010,2,1
31,3,2008,4,PTTP,38,25,2008,4,1
31,3,2008,4,PTTP,38,25,2010,1,1
31,3,2008,4,PTTP,40,21,2009,2,1
31,3,2008,4,PTTP,40,25,2009,1,1
31,3,2008,4,PTTP,42,8,2009,2,1
31,3,2008,4,PTTP,42,25,2008,4,4
31,3,2008,4,PTTP,42,25,2009,1,1
31,3,2008,4,PTTP,42,25,2009,2,2
31,3,2008,4,PTTP,44,21,2009,2,1
31,3,2008,4,PTTP,44,25,2008,4,4
31,3,2008,4,PTTP,44,25,2009,2,1
31,3,2008,4,PTTP,44,25,2011,3,1
31,3,2008,4,PTTP,46,8,2009,2,1
31,3,2008,4,PTTP,46,25,2008,4,16
31,3,2008,4,PTTP,46,25,2009,1,3
31,3,2008,4,PTTP,46,25,2009,2,2
31,3,2008,4,PTTP,46,25,2009,3,1
31,3,2008,4,PTTP,48,8,2009,2,2
31,3,2008,4,PTTP,48,19,2008,4,1
31,3,2008,4,PTTP,48,21,2009,3,1
31,3,2008,4,PTTP,48,25,2008,4,4
31,3,2008,4,PTTP,48,25,2009,1,1
31,3,2008,4,PTTP,48,25,2009,2,1
31,3,2008,4,PTTP,48,25,2009,4,1
31,3,2008,4,PTTP,50,19,2009,1,1
31,3,2008,4,PTTP,50,21,2008,4,1
31,3,2008,4,PTTP,50,25,2008,4,7
31,3,2008,4,PTTP,50,25,2009,1,2
31,3,2008,4,PTTP,50,25,2009,2,2
31,3,2008,4,PTTP,50,25,2009,3,1
31,3,2008,4,PTTP,52,25,2008,4,9
31,3,2008,4,PTTP,52,25,2009,1,2
31,3,2008,4,PTTP,52,25,2009,2,1
31,3,2008,4,PTTP,52,25,2009,4,2
31,3,2008,4,PTTP,54,25,2008,4,2
31,3,2008,4,PTTP,56,25,2008,4,2
31,3,2008,4,PTTP,58,25,2008,4,1
31,3,2008,4,PTTP,58,25,2009,2,1
31,3,2008,4,PTTP,58,25,2009,3,1
31,3,2008,4,PTTP,60,25,2008,4,1
31,3,2008,4,PTTP,62,25,2008,4,1
31,3,2008,4,PTTP,62,25,2009,3,1
32,3,2009,1,PTTP,30,25,2009,2,1
32,3,2009,1,PTTP,32,25,2009,2,3
32,3,2009,1,PTTP,34,25,2009,2,1
32,3,2009,1,PTTP,34,25,2009,4,1
32,3,2009,1,PTTP,44,25,2009,2,4
32,3,2009,1,PTTP,46,25,2009,2,14
32,3,2009,1,PTTP,46,25,2009,3,2
32,3,2009,1,PTTP,46,25,2010,2,1
32,3,2009,1,PTTP,48,1,2009,2,1
32,3,2009,1,PTTP,48,25,2009,2,24
32,3,2009,1,PTTP,48,25,2009,3,3
32,3,2009,1,PTTP,48,25,2009,4,1
32,3,2009,1,PTTP,48,25,2010,1,1
32,3,2009,1,PTTP,48,25,2010,2,2
32,3,2009,1,PTTP,50,25,2009,2,17
32,3,2009,1,PTTP,50,25,2009,3,1
32,3,2009,1,PTTP,50,25,2010,1,2
32,3,2009,1,PTTP,50,25,2010,2,1
32,3,2009,1,PTTP,50,25,2011,1,1
32,3,2009,1,PTTP,52,25,2009,2,12
32,3,2009,1,PTTP,52,25,2009,3,3
32,3,2009,1,PTTP,52,27,2010,1,1
32,3,2009,1,PTTP,54,25,2009,2,5
32,3,2009,1,PTTP,54,25,2009,3,1
32,3,2009,1,PTTP,56,25,2009,1,1
32,3,2009,1,PTTP,56,25,2009,2,7
32,3,2009,1,PTTP,56,25,2009,3,1
32,3,2009,1,PTTP,58,25,2009,2,2
32,3,2009,1,PTTP,60,25,2009,2,1
33,3,2009,2,PTTP,38,25,2009,3,1
33,3,2009,2,PTTP,40,25,2011,3,1
33,3,2009,2,PTTP,40,26,2009,3,1
33,3,2009,2,PTTP,42,9,2010,2,1
33,3,2009,2,PTTP,42,25,2009,2,5
33,3,2009,2,PTTP,42,25,2009,3,5
33,3,2009,2,PTTP,42,25,2009,4,3
33,3,2009,2,PTTP,42,25,2010,1,1
33,3,2009,2,PTTP,42,25,2011,4,1
33,3,2009,2,PTTP,42,26,2009,3,1
33,3,2009,2,PTTP,42,26,2010,1,2
33,3,2009,2,PTTP,44,8,2009,2,1
33,3,2009,2,PTTP,44,25,2009,2,7
33,3,2009,2,PTTP,44,25,2009,3,2
33,3,2009,2,PTTP,44,25,2009,4,3
33,3,2009,2,PTTP,44,25,2010,1,1
33,3,2009,2,PTTP,44,25,2011,2,1
33,3,2009,2,PTTP,44,26,2009,3,1
33,3,2009,2,PTTP,46,25,2009,2,11
33,3,2009,2,PTTP,46,25,2009,3,1
33,3,2009,2,PTTP,46,25,2009,4,1
33,3,2009,2,PTTP,46,28,2010,1,1
33,3,2009,2,PTTP,48,9,2012,3,1
33,3,2009,2,PTTP,48,25,2009,2,8
33,3,2009,2,PTTP,48,25,2009,3,3
33,3,2009,2,PTTP,48,25,2010,1,1
33,3,2009,2,PTTP,48,26,2009,3,2
33,3,2009,2,PTTP,48,27,2009,3,1
33,3,2009,2,PTTP,50,25,2009,2,2
33,3,2009,2,PTTP,50,25,2010,2,1
33,3,2009,2,PTTP,50,26,2010,2,1
33,3,2009,2,PTTP,50,27,2009,2,1
33,3,2009,2,PTTP,50,27,2009,3,1
33,3,2009,2,PTTP,50,27,2010,1,1
33,3,2009,2,PTTP,52,25,2009,3,1
33,3,2009,2,PTTP,52,25,2009,4,1
33,3,2009,2,PTTP,52,26,2009,3,1
33,3,2009,2,PTTP,54,25,2009,2,1
33,3,2009,2,PTTP,54,25,2009,4,1
33,3,2009,2,PTTP,56,25,2009,3,1
33,3,2009,2,PTTP,56,25,2010,2,1
33,3,2009,2,PTTP,56,25,2010,4,1
33,3,2009,2,PTTP,58,25,2009,2,1
33,3,2009,2,PTTP,58,25,2009,3,1
33,3,2009,2,PTTP,60,25,2009,2,3
33,3,2009,2,PTTP,60,25,2009,3,1
33,3,2009,2,PTTP,60,25,2010,1,1
33,3,2009,2,PTTP,60,25,2010,2,1
33,3,2009,2,PTTP,62,8,2010,2,1
33,3,2009,2,PTTP,62,25,2009,3,6
33,3,2009,2,PTTP,62,25,2009,4,1
33,3,2009,2,PTTP,62,25,2011,2,1
33,3,2009,2,PTTP,64,25,2009,2,1
33,3,2009,2,PTTP,64,25,2009,3,1
33,3,2009,2,PTTP,64,25,2009,4,3
33,3,2009,2,PTTP,64,25,2010,1,3
33,3,2009,2,PTTP,64,25,2013,3,1
33,3,2009,2,PTTP,66,25,2009,2,3
33,3,2009,2,PTTP,66,25,2009,3,8
33,3,2009,2,PTTP,66,25,2009,4,1
33,3,2009,2,PTTP,66,25,2010,1,2
33,3,2009,2,PTTP,66,25,2010,2,1
33,3,2009,2,PTTP,66,26,2009,2,1
33,3,2009,2,PTTP,66,27,2011,3,1
33,3,2009,2,PTTP,68,25,2009,2,1
33,3,2009,2,PTTP,68,25,2009,3,2
33,3,2009,2,PTTP,68,25,2010,1,1
33,3,2009,2,PTTP,70,8,2012,2,1
33,3,2009,2,PTTP,70,8,2018,4,1
33,3,2009,2,PTTP,70,25,2009,2,3
33,3,2009,2,PTTP,70,25,2009,3,4
33,3,2009,2,PTTP,70,25,2009,4,2
33,3,2009,2,PTTP,70,25,2010,2,1
33,3,2009,2,PTTP,70,25,2011,1,1
33,3,2009,2,PTTP,70,26,2009,4,1
33,3,2009,2,PTTP,72,14,2009,4,1
33,3,2009,2,PTTP,72,25,2009,2,1
33,3,2009,2,PTTP,72,25,2009,3,3
33,3,2009,2,PTTP,72,25,2009,4,2
33,3,2009,2,PTTP,74,25,2009,2,1
33,3,2009,2,PTTP,74,25,2009,3,7
33,3,2009,2,PTTP,74,25,2009,4,3
33,3,2009,2,PTTP,74,25,2011,3,1
33,3,2009,2,PTTP,74,25,2015,4,1
33,3,2009,2,PTTP,76,7,2011,3,1
33,3,2009,2,PTTP,76,9,2010,3,2
33,3,2009,2,PTTP,76,25,2009,2,5
33,3,2009,2,PTTP,76,25,2009,3,8
33,3,2009,2,PTTP,76,25,2009,4,2
33,3,2009,2,PTTP,76,25,2010,1,1
33,3,2009,2,PTTP,76,25,2010,2,2
33,3,2009,2,PTTP,76,25,2011,2,1
33,3,2009,2,PTTP,78,7,2014,1,1
33,3,2009,2,PTTP,78,7,2014,3,1
33,3,2009,2,PTTP,78,25,2009,2,3
33,3,2009,2,PTTP,78,25,2009,3,15
33,3,2009,2,PTTP,78,25,2009,4,2
33,3,2009,2,PTTP,78,25,2010,1,2
33,3,2009,2,PTTP,78,25,2010,2,1
33,3,2009,2,PTTP,78,27,2009,2,1
33,3,2009,2,PTTP,80,25,2009,2,1
33,3,2009,2,PTTP,80,25,2009,3,2
33,3,2009,2,PTTP,80,25,2009,4,2
33,3,2009,2,PTTP,80,25,2010,1,1
33,3,2009,2,PTTP,80,25,2011,4,1
33,3,2009,2,PTTP,80,27,2009,3,2
33,3,2009,2,PTTP,80,27,2011,3,1
33,3,2009,2,PTTP,82,9,2010,4,1
33,3,2009,2,PTTP,82,25,2009,2,1
33,3,2009,2,PTTP,82,25,2009,3,8
33,3,2009,2,PTTP,82,25,2010,2,1
33,3,2009,2,PTTP,82,26,2009,2,1
33,3,2009,2,PTTP,82,27,2009,3,1
33,3,2009,2,PTTP,84,25,2009,3,3
33,3,2009,2,PTTP,86,25,2009,2,1
33,3,2009,2,PTTP,86,25,2009,3,1
33,3,2009,2,PTTP,86,25,2009,4,1
33,3,2009,2,PTTP,90,25,2009,2,1
33,3,2009,2,PTTP,90,25,2010,1,1
33,3,2009,2,PTTP,94,25,2009,2,1
33,3,2009,2,PTTP,94,25,2009,4,1
33,3,2009,2,PTTP,94,26,2009,3,1
33,3,2009,2,PTTP,100,25,2009,3,1
34,3,2009,3,PTTP,38,25,2009,4,1
34,3,2009,3,PTTP,40,25,2011,2,1
34,3,2009,3,PTTP,40,25,2011,3,1
34,3,2009,3,PTTP,44,25,2009,3,2
34,3,2009,3,PTTP,48,27,2012,1,1
34,3,2009,3,PTTP,56,25,2009,3,1
35,3,2009,4,PTTP,32,24,2009,4,0
35,3,2009,4,PTTP,34,25,2009,4,3
35,3,2009,4,PTTP,34,25,2010,2,1
35,3,2009,4,PTTP,36,25,2010,1,1
35,3,2009,4,PTTP,38,25,2010,1,1
35,3,2009,4,PTTP,40,25,2009,4,1
35,3,2009,4,PTTP,40,25,2010,2,2
35,3,2009,4,PTTP,40,25,2011,1,1
35,3,2009,4,PTTP,42,21,2010,1,1
35,3,2009,4,PTTP,42,25,2009,4,1
35,3,2009,4,PTTP,42,25,2010,1,1
35,3,2009,4,PTTP,42,25,2011,1,1
35,3,2009,4,PTTP,42,27,2012,1,1
35,3,2009,4,PTTP,44,25,2009,4,1
35,3,2009,4,PTTP,44,25,2010,1,1
35,3,2009,4,PTTP,46,10,2009,4,1
35,3,2009,4,PTTP,46,25,2009,4,2
35,3,2009,4,PTTP,46,25,2010,1,5
35,3,2009,4,PTTP,46,25,2010,2,2
35,3,2009,4,PTTP,48,10,2010,1,1
35,3,2009,4,PTTP,48,14,2010,2,1
35,3,2009,4,PTTP,48,25,2009,4,4
35,3,2009,4,PTTP,48,25,2010,1,5
35,3,2009,4,PTTP,48,25,2010,2,1
35,3,2009,4,PTTP,48,25,2010,4,1
35,3,2009,4,PTTP,48,25,2011,4,1
35,3,2009,4,PTTP,48,27,2009,4,1
35,3,2009,4,PTTP,48,27,2010,2,1
35,3,2009,4,PTTP,50,25,2009,4,2
35,3,2009,4,PTTP,50,25,2010,1,1
35,3,2009,4,PTTP,50,25,2010,4,2
35,3,2009,4,PTTP,52,25,2009,4,2
35,3,2009,4,PTTP,52,25,2010,1,1
35,3,2009,4,PTTP,52,25,2010,2,1
35,3,2009,4,PTTP,52,25,2010,4,1
35,3,2009,4,PTTP,52,25,2011,2,1
35,3,2009,4,PTTP,54,10,2009,4,1
35,3,2009,4,PTTP,54,25,2010,1,2
35,3,2009,4,PTTP,54,25,2010,2,3
35,3,2009,4,PTTP,56,27,2013,3,1
35,3,2009,4,PTTP,58,1,2012,1,1
35,3,2009,4,PTTP,58,25,2010,1,1
35,3,2009,4,PTTP,58,25,2010,2,1
35,3,2009,4,PTTP,58,25,2012,1,1
35,3,2009,4,PTTP,60,25,2009,4,1
35,3,2009,4,PTTP,60,25,2010,1,1
35,3,2009,4,PTTP,60,27,2012,2,1
35,3,2009,4,PTTP,62,9,2010,2,1
35,3,2009,4,PTTP,62,25,2009,4,1
35,3,2009,4,PTTP,64,5,2012,3,1
35,3,2009,4,PTTP,64,14,2011,1,1
35,3,2009,4,PTTP,64,25,2009,4,1
35,3,2009,4,PTTP,64,25,2010,1,2
35,3,2009,4,PTTP,64,25,2010,2,2
35,3,2009,4,PTTP,66,14,2010,4,1
35,3,2009,4,PTTP,66,25,2010,1,1
35,3,2009,4,PTTP,66,25,2010,2,7
35,3,2009,4,PTTP,66,25,2013,2,1
35,3,2009,4,PTTP,66,27,2010,1,1
35,3,2009,4,PTTP,66,27,2010,2,1
35,3,2009,4,PTTP,68,9,2013,1,1
35,3,2009,4,PTTP,68,10,2010,1,1
35,3,2009,4,PTTP,68,25,2010,2,2
35,3,2009,4,PTTP,68,27,2010,1,1
35,3,2009,4,PTTP,70,25,2009,4,2
35,3,2009,4,PTTP,70,25,2010,1,2
35,3,2009,4,PTTP,72,25,2010,1,1
35,3,2009,4,PTTP,72,25,2012,2,1
35,3,2009,4,PTTP,74,27,2010,2,1
35,3,2009,4,PTTP,76,14,2009,4,1
36,3,2010,4,PTTP,46,7,2011,1,1
36,3,2010,4,PTTP,46,25,2011,1,5
36,3,2010,4,PTTP,46,25,2011,2,2
36,3,2010,4,PTTP,46,25,2012,2,1
36,3,2010,4,PTTP,46,26,2011,1,1
36,3,2010,4,PTTP,46,26,2011,2,1
36,3,2010,4,PTTP,48,25,2011,1,6
36,3,2010,4,PTTP,48,25,2011,2,3
36,3,2010,4,PTTP,48,25,2011,4,2
36,3,2010,4,PTTP,48,26,2011,2,1
36,3,2010,4,PTTP,50,7,2011,1,1
36,3,2010,4,PTTP,50,8,2011,2,1
36,3,2010,4,PTTP,50,25,2011,2,3
36,3,2010,4,PTTP,50,26,2011,1,2
36,3,2010,4,PTTP,50,26,2011,2,5
36,3,2010,4,PTTP,50,26,2012,2,2
36,3,2010,4,PTTP,52,7,2011,3,1
36,3,2010,4,PTTP,52,25,2011,1,1
36,3,2010,4,PTTP,52,26,2011,2,2
36,3,2010,4,PTTP,54,7,2011,1,1
36,3,2010,4,PTTP,54,7,2011,2,1
36,3,2010,4,PTTP,54,25,2011,1,4
36,3,2010,4,PTTP,54,25,2011,2,1
36,3,2010,4,PTTP,54,26,2011,1,1
36,3,2010,4,PTTP,54,26,2011,2,1
36,3,2010,4,PTTP,56,25,2011,1,1
36,3,2010,4,PTTP,56,25,2011,2,1
36,3,2010,4,PTTP,56,25,2011,4,1
36,3,2010,4,PTTP,56,26,2011,1,3
36,3,2010,4,PTTP,56,26,2011,4,2
36,3,2010,4,PTTP,56,26,2012,2,1
36,3,2010,4,PTTP,58,25,2011,4,2
36,3,2010,4,PTTP,58,26,2011,1,1
36,3,2010,4,PTTP,58,26,2011,2,1
36,3,2010,4,PTTP,58,26,2011,4,1
36,3,2010,4,PTTP,60,7,2011,4,1
36,3,2010,4,PTTP,64,26,2011,2,1
36,3,2010,4,PTTP,70,25,2011,2,1
36,3,2010,4,PTTP,72,25,2011,3,1
36,3,2010,4,PTTP,74,25,2011,2,1
36,3,2010,4,PTTP,76,7,2011,1,1
36,3,2010,4,PTTP,82,26,2011,2,1
36,3,2010,4,PTTP,92,25,2011,1,1
37,3,2011,2,PTTP,28,25,2011,2,1
37,3,2011,2,PTTP,32,25,2011,2,2
37,3,2011,2,PTTP,32,25,2011,4,1
37,3,2011,2,PTTP,34,25,2011,3,1
37,3,2011,2,PTTP,34,27,2011,3,1
37,3,2011,2,PTTP,36,25,2011,2,3
37,3,2011,2,PTTP,36,25,2012,1,1
37,3,2011,2,PTTP,36,27,2011,3,1
37,3,2011,2,PTTP,38,25,2011,2,6
37,3,2011,2,PTTP,38,25,2011,3,2
37,3,2011,2,PTTP,38,25,2011,4,1
37,3,2011,2,PTTP,40,25,2011,2,5
37,3,2011,2,PTTP,40,25,2011,4,1
37,3,2011,2,PTTP,42,25,2011,3,1
37,3,2011,2,PTTP,44,25,2011,2,1
37,3,2011,2,PTTP,44,25,2011,3,1
37,3,2011,2,PTTP,44,25,2012,1,1
37,3,2011,2,PTTP,44,25,2013,2,1
37,3,2011,2,PTTP,44,27,2011,4,1
37,3,2011,2,PTTP,44,27,2012,3,1
37,3,2011,2,PTTP,46,25,2011,2,1
37,3,2011,2,PTTP,46,25,2011,3,2
37,3,2011,2,PTTP,46,25,2011,4,1
37,3,2011,2,PTTP,46,25,2013,1,1
37,3,2011,2,PTTP,48,25,2011,4,1
37,3,2011,2,PTTP,50,25,2011,3,1
37,3,2011,2,PTTP,50,25,2011,4,1
37,3,2011,2,PTTP,52,25,2011,2,1
37,3,2011,2,PTTP,52,25,2011,4,1
37,3,2011,2,PTTP,52,27,2011,4,1
37,3,2011,2,PTTP,54,25,2011,4,1
37,3,2011,2,PTTP,54,27,2011,4,1
37,3,2011,2,PTTP,56,27,2011,4,1
37,3,2011,2,PTTP,62,27,2011,2,1
38,3,2011,3,PTTP,34,25,2011,4,2
38,3,2011,3,PTTP,40,25,2011,3,1
38,3,2011,3,PTTP,40,27,2012,1,1
38,3,2011,3,PTTP,42,25,2011,4,1
38,3,2011,3,PTTP,46,25,2011,3,1
38,3,2011,3,PTTP,46,27,2011,3,1
38,3,2011,3,PTTP,54,27,2012,1,1
38,3,2011,3,PTTP,62,25,2011,4,1
39,3,2011,4,PTTP,38,25,2012,1,1
39,3,2011,4,PTTP,40,25,2011,4,1
39,3,2011,4,PTTP,42,25,2011,4,3
39,3,2011,4,PTTP,42,25,2012,1,1
39,3,2011,4,PTTP,42,25,2012,2,4
39,3,2011,4,PTTP,42,25,2013,2,1
39,3,2011,4,PTTP,42,25,2013,4,1
39,3,2011,4,PTTP,42,27,2012,1,1
39,3,2011,4,PTTP,44,25,2011,4,4
39,3,2011,4,PTTP,44,25,2012,1,1
39,3,2011,4,PTTP,44,25,2012,3,1
39,3,2011,4,PTTP,44,26,2011,4,1
39,3,2011,4,PTTP,44,26,2012,1,1
39,3,2011,4,PTTP,46,25,2011,4,4
39,3,2011,4,PTTP,46,25,2012,1,9
39,3,2011,4,PTTP,46,25,2012,2,2
39,3,2011,4,PTTP,46,26,2011,4,3
39,3,2011,4,PTTP,46,26,2012,1,3
39,3,2011,4,PTTP,46,26,2012,2,1
39,3,2011,4,PTTP,48,25,2011,4,1
39,3,2011,4,PTTP,48,25,2012,1,3
39,3,2011,4,PTTP,48,26,2011,4,2
39,3,2011,4,PTTP,48,26,2013,1,1
39,3,2011,4,PTTP,50,25,2011,4,5
39,3,2011,4,PTTP,50,25,2012,1,5
39,3,2011,4,PTTP,50,26,2011,4,3
39,3,2011,4,PTTP,50,26,2012,3,1
39,3,2011,4,PTTP,52,8,2012,2,1
39,3,2011,4,PTTP,52,25,2011,4,5
39,3,2011,4,PTTP,52,25,2012,1,10
39,3,2011,4,PTTP,52,25,2012,3,1
39,3,2011,4,PTTP,52,26,2011,4,5
39,3,2011,4,PTTP,52,26,2012,1,2
39,3,2011,4,PTTP,52,27,2012,1,1
39,3,2011,4,PTTP,52,27,2013,2,1
39,3,2011,4,PTTP,54,7,2012,1,1
39,3,2011,4,PTTP,54,25,2011,4,3
39,3,2011,4,PTTP,54,25,2012,1,4
39,3,2011,4,PTTP,54,25,2012,2,2
39,3,2011,4,PTTP,54,25,2012,3,1
39,3,2011,4,PTTP,54,26,2012,1,2
39,3,2011,4,PTTP,54,26,2012,2,2
39,3,2011,4,PTTP,54,26,2013,2,1
39,3,2011,4,PTTP,56,7,2011,4,1
39,3,2011,4,PTTP,56,25,2011,4,6
39,3,2011,4,PTTP,56,25,2012,1,4
39,3,2011,4,PTTP,56,25,2012,2,3
39,3,2011,4,PTTP,56,26,2011,4,4
39,3,2011,4,PTTP,56,26,2012,1,6
39,3,2011,4,PTTP,56,26,2012,2,2
39,3,2011,4,PTTP,56,26,2012,4,1
39,3,2011,4,PTTP,56,27,2012,1,1
39,3,2011,4,PTTP,58,25,2011,4,3
39,3,2011,4,PTTP,58,25,2012,1,5
39,3,2011,4,PTTP,58,25,2012,2,2
39,3,2011,4,PTTP,58,26,2011,4,3
39,3,2011,4,PTTP,58,26,2012,4,2
39,3,2011,4,PTTP,58,26,2013,1,2
39,3,2011,4,PTTP,60,7,2011,4,2
39,3,2011,4,PTTP,60,25,2011,4,3
39,3,2011,4,PTTP,60,25,2012,1,8
39,3,2011,4,PTTP,60,26,2011,4,2
39,3,2011,4,PTTP,60,26,2012,1,4
39,3,2011,4,PTTP,60,26,2012,2,5
39,3,2011,4,PTTP,60,26,2012,3,1
39,3,2011,4,PTTP,60,26,2013,1,1
39,3,2011,4,PTTP,62,25,2011,4,3
39,3,2011,4,PTTP,62,25,2012,1,5
39,3,2011,4,PTTP,62,25,2012,2,1
39,3,2011,4,PTTP,62,26,2011,4,2
39,3,2011,4,PTTP,62,26,2012,1,3
39,3,2011,4,PTTP,62,26,2012,4,1
39,3,2011,4,PTTP,62,26,2013,1,1
39,3,2011,4,PTTP,64,25,2011,4,5
39,3,2011,4,PTTP,64,25,2012,1,2
39,3,2011,4,PTTP,64,26,2011,4,2
39,3,2011,4,PTTP,64,26,2012,1,2
39,3,2011,4,PTTP,66,25,2011,4,1
39,3,2011,4,PTTP,66,25,2012,1,3
39,3,2011,4,PTTP,66,26,2011,4,2
39,3,2011,4,PTTP,66,26,2012,1,1
39,3,2011,4,PTTP,66,26,2012,2,2
39,3,2011,4,PTTP,66,26,2012,3,1
39,3,2011,4,PTTP,68,7,2011,4,1
39,3,2011,4,PTTP,68,25,2011,4,1
39,3,2011,4,PTTP,68,25,2012,1,3
39,3,2011,4,PTTP,68,26,2011,4,2
39,3,2011,4,PTTP,68,26,2012,1,1
39,3,2011,4,PTTP,68,26,2012,2,1
39,3,2011,4,PTTP,68,26,2013,1,1
39,3,2011,4,PTTP,70,25,2012,1,1
39,3,2011,4,PTTP,70,25,2012,2,2
39,3,2011,4,PTTP,70,26,2011,4,2
39,3,2011,4,PTTP,70,26,2012,2,1
39,3,2011,4,PTTP,70,26,2013,1,1
39,3,2011,4,PTTP,72,7,2012,2,1
39,3,2011,4,PTTP,72,25,2012,1,2
39,3,2011,4,PTTP,72,26,2011,4,1
39,3,2011,4,PTTP,74,25,2012,2,1
39,3,2011,4,PTTP,78,25,2011,4,1
39,3,2011,4,PTTP,82,26,2012,1,1
40,3,2012,1,PTTP,30,25,2012,2,1
40,3,2012,1,PTTP,30,25,2013,2,1
40,3,2012,1,PTTP,30,27,2012,2,1
40,3,2012,1,PTTP,30,27,2012,3,1
40,3,2012,1,PTTP,32,25,2012,2,2
40,3,2012,1,PTTP,32,25,2013,2,1
40,3,2012,1,PTTP,32,27,2012,2,2
40,3,2012,1,PTTP,34,25,2012,1,1
40,3,2012,1,PTTP,34,25,2012,2,2
40,3,2012,1,PTTP,34,25,2013,2,1
40,3,2012,1,PTTP,34,27,2012,1,1
40,3,2012,1,PTTP,34,27,2012,4,2
40,3,2012,1,PTTP,34,27,2013,3,1
40,3,2012,1,PTTP,36,25,2012,1,2
40,3,2012,1,PTTP,36,25,2012,3,2
40,3,2012,1,PTTP,36,25,2012,4,6
40,3,2012,1,PTTP,36,25,2013,2,3
40,3,2012,1,PTTP,36,25,2014,2,1
40,3,2012,1,PTTP,36,26,2012,3,1
40,3,2012,1,PTTP,36,27,2012,1,1
40,3,2012,1,PTTP,36,27,2012,2,1
40,3,2012,1,PTTP,36,27,2012,3,1
40,3,2012,1,PTTP,38,25,2012,1,2
40,3,2012,1,PTTP,38,25,2012,2,2
40,3,2012,1,PTTP,38,25,2012,3,3
40,3,2012,1,PTTP,38,25,2012,4,4
40,3,2012,1,PTTP,38,25,2013,1,2
40,3,2012,1,PTTP,38,25,2013,2,1
40,3,2012,1,PTTP,38,25,2013,3,1
40,3,2012,1,PTTP,38,27,2012,1,6
40,3,2012,1,PTTP,38,27,2012,2,1
40,3,2012,1,PTTP,38,27,2012,3,1
40,3,2012,1,PTTP,38,27,2012,4,2
40,3,2012,1,PTTP,38,27,2013,1,2
40,3,2012,1,PTTP,38,27,2013,2,1
40,3,2012,1,PTTP,38,27,2014,2,1
40,3,2012,1,PTTP,40,25,2012,1,2
40,3,2012,1,PTTP,40,25,2012,2,1
40,3,2012,1,PTTP,40,25,2012,3,3
40,3,2012,1,PTTP,40,25,2012,4,3
40,3,2012,1,PTTP,40,25,2013,2,1
40,3,2012,1,PTTP,40,26,2012,2,1
40,3,2012,1,PTTP,40,27,2012,1,4
40,3,2012,1,PTTP,40,27,2012,2,1
40,3,2012,1,PTTP,40,27,2012,3,2
40,3,2012,1,PTTP,40,27,2013,1,1
40,3,2012,1,PTTP,40,27,2013,3,1
40,3,2012,1,PTTP,40,27,2014,2,1
40,3,2012,1,PTTP,42,19,2013,2,1
40,3,2012,1,PTTP,42,25,2012,1,1
40,3,2012,1,PTTP,42,25,2012,2,2
40,3,2012,1,PTTP,42,25,2012,3,2
40,3,2012,1,PTTP,42,25,2012,4,6
40,3,2012,1,PTTP,42,25,2013,1,2
40,3,2012,1,PTTP,42,27,2012,1,8
40,3,2012,1,PTTP,42,27,2012,3,3
40,3,2012,1,PTTP,44,25,2012,1,2
40,3,2012,1,PTTP,44,25,2012,2,2
40,3,2012,1,PTTP,44,25,2012,3,1
40,3,2012,1,PTTP,44,25,2012,4,1
40,3,2012,1,PTTP,44,25,2013,1,1
40,3,2012,1,PTTP,44,25,2013,2,1
40,3,2012,1,PTTP,44,25,2014,4,1
40,3,2012,1,PTTP,44,27,2012,1,2
40,3,2012,1,PTTP,44,27,2012,2,1
40,3,2012,1,PTTP,44,27,2012,3,1
40,3,2012,1,PTTP,46,10,2012,4,1
40,3,2012,1,PTTP,46,25,2012,1,6
40,3,2012,1,PTTP,46,25,2012,2,1
40,3,2012,1,PTTP,46,25,2012,3,2
40,3,2012,1,PTTP,46,25,2012,4,1
40,3,2012,1,PTTP,46,25,2013,2,2
40,3,2012,1,PTTP,46,26,2012,2,1
40,3,2012,1,PTTP,46,27,2012,1,6
40,3,2012,1,PTTP,46,27,2012,2,4
40,3,2012,1,PTTP,46,27,2013,4,1
40,3,2012,1,PTTP,48,25,2012,1,19
40,3,2012,1,PTTP,48,25,2012,2,8
40,3,2012,1,PTTP,48,25,2012,3,4
40,3,2012,1,PTTP,48,25,2012,4,1
40,3,2012,1,PTTP,48,25,2013,1,1
40,3,2012,1,PTTP,48,25,2013,2,1
40,3,2012,1,PTTP,48,26,2012,2,1
40,3,2012,1,PTTP,48,27,2012,1,12
40,3,2012,1,PTTP,48,27,2012,2,2
40,3,2012,1,PTTP,48,27,2012,3,1
40,3,2012,1,PTTP,50,9,2014,2,1
40,3,2012,1,PTTP,50,25,2012,1,20
40,3,2012,1,PTTP,50,25,2012,2,8
40,3,2012,1,PTTP,50,25,2012,3,3
40,3,2012,1,PTTP,50,25,2012,4,2
40,3,2012,1,PTTP,50,25,2013,1,2
40,3,2012,1,PTTP,50,25,2013,2,9
40,3,2012,1,PTTP,50,27,2012,1,43
40,3,2012,1,PTTP,50,27,2012,2,3
40,3,2012,1,PTTP,50,27,2012,3,1
40,3,2012,1,PTTP,52,25,2012,1,30
40,3,2012,1,PTTP,52,25,2012,2,17
40,3,2012,1,PTTP,52,25,2012,3,4
40,3,2012,1,PTTP,52,25,2012,4,4
40,3,2012,1,PTTP,52,25,2013,1,5
40,3,2012,1,PTTP,52,25,2013,2,5
40,3,2012,1,PTTP,52,25,2013,3,1
40,3,2012,1,PTTP,52,26,2012,2,2
40,3,2012,1,PTTP,52,27,2012,1,36
40,3,2012,1,PTTP,52,27,2012,2,9
40,3,2012,1,PTTP,52,27,2012,3,3
40,3,2012,1,PTTP,54,25,2012,1,14
40,3,2012,1,PTTP,54,25,2012,2,8
40,3,2012,1,PTTP,54,25,2012,3,2
40,3,2012,1,PTTP,54,25,2013,2,4
40,3,2012,1,PTTP,54,26,2012,4,1
40,3,2012,1,PTTP,54,27,2012,1,21
40,3,2012,1,PTTP,54,27,2012,2,4
40,3,2012,1,PTTP,54,27,2012,4,1
40,3,2012,1,PTTP,54,27,2013,2,1
40,3,2012,1,PTTP,56,25,2012,1,11
40,3,2012,1,PTTP,56,25,2012,2,2
40,3,2012,1,PTTP,56,25,2012,3,2
40,3,2012,1,PTTP,56,25,2012,4,2
40,3,2012,1,PTTP,56,25,2013,2,1
40,3,2012,1,PTTP,56,26,2014,3,1
40,3,2012,1,PTTP,56,27,2012,1,5
40,3,2012,1,PTTP,56,27,2012,3,1
40,3,2012,1,PTTP,58,25,2012,1,4
40,3,2012,1,PTTP,58,25,2012,2,1
40,3,2012,1,PTTP,58,25,2012,4,1
40,3,2012,1,PTTP,58,25,2013,2,1
40,3,2012,1,PTTP,58,27,2012,1,3
40,3,2012,1,PTTP,58,27,2012,2,2
40,3,2012,1,PTTP,60,25,2012,1,2
40,3,2012,1,PTTP,60,25,2012,2,1
40,3,2012,1,PTTP,60,27,2012,1,1
40,3,2012,1,PTTP,60,27,2012,2,1
40,3,2012,1,PTTP,62,25,2012,1,1
40,3,2012,1,PTTP,62,25,2012,3,1
40,3,2012,1,PTTP,64,25,2012,1,1
40,3,2012,1,PTTP,64,25,2012,2,1
40,3,2012,1,PTTP,64,26,2012,3,1
40,3,2012,1,PTTP,66,25,2012,1,1
40,3,2012,1,PTTP,76,25,2012,2,1
41,3,2013,2,PTTP,30,25,2014,2,1
41,3,2013,2,PTTP,32,25,2013,3,2
41,3,2013,2,PTTP,34,25,2013,3,2
41,3,2013,2,PTTP,34,25,2013,4,2
41,3,2013,2,PTTP,36,25,2013,2,1
41,3,2013,2,PTTP,38,25,2013,2,1
41,3,2013,2,PTTP,38,25,2013,3,1
41,3,2013,2,PTTP,38,25,2014,2,1
41,3,2013,2,PTTP,38,25,2014,3,1
41,3,2013,2,PTTP,38,27,2013,3,3
41,3,2013,2,PTTP,38,27,2014,1,1
41,3,2013,2,PTTP,40,25,2013,2,1
41,3,2013,2,PTTP,40,25,2013,3,2
41,3,2013,2,PTTP,40,25,2013,4,1
41,3,2013,2,PTTP,40,27,2013,2,1
41,3,2013,2,PTTP,40,27,2013,4,1
41,3,2013,2,PTTP,42,2,2017,2,1
41,3,2013,2,PTTP,42,25,2013,2,1
41,3,2013,2,PTTP,42,25,2013,3,1
41,3,2013,2,PTTP,42,25,2013,4,1
41,3,2013,2,PTTP,44,25,2013,2,2
41,3,2013,2,PTTP,44,25,2013,3,1
41,3,2013,2,PTTP,44,25,2013,4,1
41,3,2013,2,PTTP,44,27,2013,2,2
41,3,2013,2,PTTP,48,25,2013,2,1
41,3,2013,2,PTTP,48,27,2014,2,1
41,3,2013,2,PTTP,50,25,2013,2,1
41,3,2013,2,PTTP,60,25,2013,2,1
41,3,2013,2,PTTP,62,25,2014,2,1
41,3,2013,2,PTTP,64,9,2015,1,1
41,3,2013,2,PTTP,66,25,2013,3,1
41,3,2013,2,PTTP,70,25,2015,1,1
41,3,2013,2,PTTP,74,27,2014,2,1
42,3,2013,4,PTTP,48,25,2013,4,2
42,3,2013,4,PTTP,48,25,2014,1,1
42,3,2013,4,PTTP,52,25,2013,4,2
42,3,2013,4,PTTP,56,25,2013,4,1
42,3,2013,4,PTTP,56,25,2014,2,1
42,3,2013,4,PTTP,62,26,2014,2,1
42,3,2013,4,PTTP,84,25,2013,4,1
43,3,2016,3,PTTP,36,25,2016,4,1
43,3,2016,3,PTTP,38,25,2016,4,2
43,3,2016,3,PTTP,40,25,2016,4,7
43,3,2016,3,PTTP,40,25,2017,1,1
43,3,2016,3,PTTP,42,25,2016,4,4
43,3,2016,3,PTTP,44,25,2016,4,6
43,3,2016,3,PTTP,44,25,2017,4,1
43,3,2016,3,PTTP,44,27,2018,4,1
43,3,2016,3,PTTP,46,25,2016,4,11
43,3,2016,3,PTTP,46,25,2017,1,1
43,3,2016,3,PTTP,48,10,2017,4,1
43,3,2016,3,PTTP,48,14,2019,1,1
43,3,2016,3,PTTP,48,25,2016,4,8
43,3,2016,3,PTTP,48,25,2017,1,2
43,3,2016,3,PTTP,48,25,2018,3,1
43,3,2016,3,PTTP,48,26,2017,2,1
43,3,2016,3,PTTP,50,25,2016,4,7
43,3,2016,3,PTTP,50,25,2017,1,1
43,3,2016,3,PTTP,50,25,2017,2,1
43,3,2016,3,PTTP,52,25,2016,4,2
43,3,2016,3,PTTP,52,25,2017,1,3
43,3,2016,3,PTTP,52,25,2017,2,1
43,3,2016,3,PTTP,52,25,2017,3,1
43,3,2016,3,PTTP,52,25,2017,4,1
43,3,2016,3,PTTP,52,26,2017,2,1
43,3,2016,3,PTTP,52,27,2016,4,2
43,3,2016,3,PTTP,54,25,2016,4,12
43,3,2016,3,PTTP,54,25,2017,1,4
43,3,2016,3,PTTP,54,25,2017,2,1
43,3,2016,3,PTTP,54,25,2017,3,1
43,3,2016,3,PTTP,56,10,2018,1,1
43,3,2016,3,PTTP,56,25,2016,4,13
43,3,2016,3,PTTP,56,25,2017,1,1
43,3,2016,3,PTTP,56,25,2017,2,1
43,3,2016,3,PTTP,56,25,2020,1,1
43,3,2016,3,PTTP,56,26,2017,1,1
43,3,2016,3,PTTP,58,25,2016,4,5
43,3,2016,3,PTTP,58,25,2017,1,4
43,3,2016,3,PTTP,58,25,2017,2,2
43,3,2016,3,PTTP,60,25,2016,4,4
43,3,2016,3,PTTP,60,25,2017,1,1
43,3,2016,3,PTTP,60,25,2017,2,1
43,3,2016,3,PTTP,60,26,2018,2,1
43,3,2016,3,PTTP,62,25,2016,4,4
43,3,2016,3,PTTP,62,25,2017,1,1
43,3,2016,3,PTTP,62,25,2017,2,1
43,3,2016,3,PTTP,64,25,2016,4,4
43,3,2016,3,PTTP,64,25,2017,1,2
43,3,2016,3,PTTP,66,25,2016,4,3
43,3,2016,3,PTTP,68,6,2018,2,1
43,3,2016,3,PTTP,70,7,2016,4,1
43,3,2016,3,PTTP,70,25,2016,4,1
43,3,2016,3,PTTP,72,25,2016,4,1
43,3,2016,3,PTTP,74,25,2016,4,1
43,3,2016,3,PTTP,74,25,2017,2,1
43,3,2016,3,PTTP,74,26,2017,1,1
43,3,2016,3,PTTP,88,25,2017,1,1
44,3,2016,4,PTTP,40,25,2016,4,1
44,3,2016,4,PTTP,44,25,2016,4,2
44,3,2016,4,PTTP,46,25,2016,4,7
44,3,2016,4,PTTP,48,25,2016,4,12
44,3,2016,4,PTTP,48,25,2017,2,1
44,3,2016,4,PTTP,50,25,2016,4,14
44,3,2016,4,PTTP,50,25,2017,1,1
44,3,2016,4,PTTP,50,25,2017,2,1
44,3,2016,4,PTTP,52,25,2016,4,9
44,3,2016,4,PTTP,52,25,2017,1,2
44,3,2016,4,PTTP,52,25,2017,4,1
44,3,2016,4,PTTP,54,25,2016,4,9
44,3,2016,4,PTTP,54,25,2017,1,1
44,3,2016,4,PTTP,54,25,2017,4,1
44,3,2016,4,PTTP,56,25,2016,4,7
44,3,2016,4,PTTP,56,25,2017,1,1
44,3,2016,4,PTTP,56,25,2017,4,1
44,3,2016,4,PTTP,56,26,2020,2,1
44,3,2016,4,PTTP,58,25,2016,4,3
44,3,2016,4,PTTP,58,25,2017,2,1
44,3,2016,4,PTTP,58,26,2017,3,1
44,3,2016,4,PTTP,60,25,2016,4,2
44,3,2016,4,PTTP,60,25,2017,1,1
44,3,2016,4,PTTP,62,25,2016,4,4
44,3,2016,4,PTTP,64,25,2016,4,4
44,3,2016,4,PTTP,64,25,2017,1,1
44,3,2016,4,PTTP,66,25,2016,4,2
44,3,2016,4,PTTP,68,25,2016,4,1
44,3,2016,4,PTTP,68,25,2017,1,1
44,3,2016,4,PTTP,70,25,2016,4,1
44,3,2016,4,PTTP,72,26,2016,4,1
44,3,2016,4,PTTP,80,25,2017,2,1
44,3,2016,4,PTTP,98,7,2018,2,1
46,3,2018,3,PTTP,38,25,2019,2,1
46,3,2018,3,PTTP,38,25,2019,4,1
46,3,2018,3,PTTP,42,25,2018,4,1
46,3,2018,3,PTTP,44,25,2018,4,3
46,3,2018,3,PTTP,44,27,2020,1,1
46,3,2018,3,PTTP,46,25,2018,3,1
46,3,2018,3,PTTP,46,25,2018,4,1
46,3,2018,3,PTTP,46,25,2019,1,1
46,3,2018,3,PTTP,46,25,2019,2,1
46,3,2018,3,PTTP,46,26,2018,4,1
46,3,2018,3,PTTP,50,25,2018,3,1
46,3,2018,3,PTTP,50,25,2019,1,3
46,3,2018,3,PTTP,50,26,2019,2,1
46,3,2018,3,PTTP,52,25,2018,4,1
46,3,2018,3,PTTP,52,25,2019,2,1
46,3,2018,3,PTTP,52,26,2018,3,1
46,3,2018,3,PTTP,52,27,2020,2,1
46,3,2018,3,PTTP,54,26,2019,1,1
46,3,2018,3,PTTP,56,25,2018,4,2
46,3,2018,3,PTTP,58,25,2018,4,1
46,3,2018,3,PTTP,60,25,2018,3,3
46,3,2018,3,PTTP,62,25,2018,4,1
46,3,2018,3,PTTP,64,26,2019,2,1
46,3,2018,3,PTTP,72,25,2018,4,2
46,3,2018,3,PTTP,84,25,2018,4,1
46,3,2018,3,PTTP,88,9,2018,4,1
47,3,2019,3,PTTP,56,25,2019,3,1
47,3,2019,3,PTTP,56,25,2019,4,1
47,3,2019,3,PTTP,56,25,2020,1,1
47,3,2019,3,PTTP,56,25,2020,2,3
47,3,2019,3,PTTP,56,27,2020,3,1
47,3,2019,3,PTTP,56,27,2022,2,1
47,3,2019,3,PTTP,58,25,2019,4,1
47,3,2019,3,PTTP,58,25,2020,1,2
47,3,2019,3,PTTP,58,27,2020,1,1
47,3,2019,3,PTTP,60,7,2019,4,1
47,3,2019,3,PTTP,60,27,2020,2,1
47,3,2019,3,PTTP,60,27,2021,1,1
48,4,2008,2,PTTP,40,25,2009,1,1
48,4,2008,2,PTTP,44,26,2009,4,1
48,4,2008,2,PTTP,46,8,2009,2,1
48,4,2008,2,PTTP,46,25,2009,1,1
48,4,2008,2,PTTP,46,26,2008,3,2
48,4,2008,2,PTTP,46,26,2008,4,2
48,4,2008,2,PTTP,48,26,2008,2,1
48,4,2008,2,PTTP,48,26,2008,3,2
48,4,2008,2,PTTP,48,26,2008,4,2
48,4,2008,2,PTTP,50,26,2008,3,6
48,4,2008,2,PTTP,50,26,2008,4,4
48,4,2008,2,PTTP,50,26,2009,2,1
48,4,2008,2,PTTP,52,25,2009,1,2
48,4,2008,2,PTTP,52,26,2008,2,2
48,4,2008,2,PTTP,52,26,2008,3,10
48,4,2008,2,PTTP,52,26,2008,4,5
48,4,2008,2,PTTP,52,26,2009,1,2
48,4,2008,2,PTTP,52,26,2009,3,1
48,4,2008,2,PTTP,54,8,2009,2,1
48,4,2008,2,PTTP,54,25,2011,2,1
48,4,2008,2,PTTP,54,26,2008,2,7
48,4,2008,2,PTTP,54,26,2008,3,8
48,4,2008,2,PTTP,54,26,2008,4,8
48,4,2008,2,PTTP,54,26,2009,4,2
48,4,2008,2,PTTP,56,26,2008,2,5
48,4,2008,2,PTTP,56,26,2008,3,11
48,4,2008,2,PTTP,56,26,2008,4,8
48,4,2008,2,PTTP,56,26,2009,2,1
48,4,2008,2,PTTP,58,25,2009,1,1
48,4,2008,2,PTTP,58,26,2008,2,2
48,4,2008,2,PTTP,58,26,2008,3,21
48,4,2008,2,PTTP,58,26,2008,4,1
48,4,2008,2,PTTP,58,26,2009,1,4
48,4,2008,2,PTTP,58,26,2009,4,2
48,4,2008,2,PTTP,58,26,2010,4,1
48,4,2008,2,PTTP,60,25,2009,1,1
48,4,2008,2,PTTP,60,26,2008,2,5
48,4,2008,2,PTTP,60,26,2008,3,13
48,4,2008,2,PTTP,60,26,2008,4,8
48,4,2008,2,PTTP,60,26,2009,1,1
48,4,2008,2,PTTP,60,26,2009,2,1
48,4,2008,2,PTTP,62,26,2008,2,5
48,4,2008,2,PTTP,62,26,2008,3,8
48,4,2008,2,PTTP,62,26,2008,4,7
48,4,2008,2,PTTP,62,26,2009,1,5
48,4,2008,2,PTTP,62,26,2009,2,1
48,4,2008,2,PTTP,64,26,2008,2,1
48,4,2008,2,PTTP,64,26,2008,3,18
48,4,2008,2,PTTP,64,26,2008,4,10
48,4,2008,2,PTTP,64,26,2009,1,1
48,4,2008,2,PTTP,64,26,2009,4,1
48,4,2008,2,PTTP,64,28,2012,3,1
48,4,2008,2,PTTP,66,25,2013,2,1
48,4,2008,2,PTTP,66,26,2008,2,1
48,4,2008,2,PTTP,66,26,2008,3,6
48,4,2008,2,PTTP,66,26,2008,4,5
48,4,2008,2,PTTP,66,26,2009,1,1
48,4,2008,2,PTTP,66,26,2009,4,1
48,4,2008,2,PTTP,68,25,2009,2,1
48,4,2008,2,PTTP,68,26,2008,3,10
48,4,2008,2,PTTP,68,26,2008,4,5
48,4,2008,2,PTTP,68,26,2009,1,1
48,4,2008,2,PTTP,70,26,2008,3,11
48,4,2008,2,PTTP,70,26,2008,4,2
48,4,2008,2,PTTP,72,25,2009,1,1
48,4,2008,2,PTTP,72,26,2008,2,2
48,4,2008,2,PTTP,72,26,2008,3,3
48,4,2008,2,PTTP,72,26,2008,4,2
48,4,2008,2,PTTP,72,26,2009,1,3
48,4,2008,2,PTTP,74,26,2008,2,1
48,4,2008,2,PTTP,74,26,2008,3,4
48,4,2008,2,PTTP,74,26,2008,4,2
48,4,2008,2,PTTP,76,26,2008,4,1
48,4,2008,2,PTTP,78,26,2008,3,2
48,4,2008,2,PTTP,78,26,2008,4,1
48,4,2008,2,PTTP,78,26,2009,1,1
48,4,2008,2,PTTP,80,26,2008,3,1
48,4,2008,2,PTTP,82,26,2008,3,1
48,4,2008,2,PTTP,82,26,2008,4,2
48,4,2008,2,PTTP,84,26,2008,4,1
48,4,2008,2,PTTP,86,26,2008,3,1
48,4,2008,2,PTTP,92,26,2008,3,1
48,4,2008,2,PTTP,106,26,2008,3,1
49,4,2009,2,PTTP,38,26,2010,2,1
49,4,2009,2,PTTP,40,8,2009,2,3
49,4,2009,2,PTTP,40,26,2009,4,8
49,4,2009,2,PTTP,40,26,2010,2,1
49,4,2009,2,PTTP,42,8,2009,2,4
49,4,2009,2,PTTP,42,8,2010,2,1
49,4,2009,2,PTTP,42,8,2014,3,1
49,4,2009,2,PTTP,42,25,2009,4,1
49,4,2009,2,PTTP,42,26,2009,3,1
49,4,2009,2,PTTP,42,26,2009,4,6
49,4,2009,2,PTTP,42,26,2010,1,4
49,4,2009,2,PTTP,42,26,2010,2,3
49,4,2009,2,PTTP,42,26,2010,4,2
49,4,2009,2,PTTP,42,28,2009,2,2
49,4,2009,2,PTTP,44,8,2009,2,1
49,4,2009,2,PTTP,44,25,2009,4,1
49,4,2009,2,PTTP,44,26,2009,4,4
49,4,2009,2,PTTP,44,26,2010,1,4
49,4,2009,2,PTTP,44,26,2011,1,2
49,4,2009,2,PTTP,46,8,2010,2,1
49,4,2009,2,PTTP,46,25,2009,4,1
49,4,2009,2,PTTP,46,26,2009,3,1
49,4,2009,2,PTTP,46,26,2009,4,6
49,4,2009,2,PTTP,46,26,2010,1,2
49,4,2009,2,PTTP,46,26,2010,4,1
49,4,2009,2,PTTP,46,26,2013,4,1
49,4,2009,2,PTTP,48,8,2010,2,1
49,4,2009,2,PTTP,48,26,2009,3,2
49,4,2009,2,PTTP,48,26,2009,4,9
49,4,2009,2,PTTP,50,8,2010,1,1
49,4,2009,2,PTTP,50,26,2009,4,1
49,4,2009,2,PTTP,50,26,2010,1,1
49,4,2009,2,PTTP,52,25,2009,4,1
49,4,2009,2,PTTP,52,26,2009,3,1
49,4,2009,2,PTTP,52,26,2009,4,2
49,4,2009,2,PTTP,52,26,2010,1,2
49,4,2009,2,PTTP,54,25,2009,4,1
49,4,2009,2,PTTP,54,26,2009,4,1
49,4,2009,2,PTTP,56,25,2009,3,1
50,4,2009,4,PTTP,38,26,2010,2,1
50,4,2009,4,PTTP,40,25,2009,4,2
50,4,2009,4,PTTP,40,25,2010,2,1
50,4,2009,4,PTTP,40,25,2011,1,1
50,4,2009,4,PTTP,40,26,2009,4,4
50,4,2009,4,PTTP,40,26,2010,1,2
50,4,2009,4,PTTP,40,26,2010,4,1
50,4,2009,4,PTTP,42,8,2010,2,2
50,4,2009,4,PTTP,42,25,2009,4,3
50,4,2009,4,PTTP,42,25,2010,3,2
50,4,2009,4,PTTP,42,26,2009,4,10
50,4,2009,4,PTTP,42,26,2010,1,3
50,4,2009,4,PTTP,42,26,2010,2,4
50,4,2009,4,PTTP,42,26,2010,4,3
50,4,2009,4,PTTP,42,26,2011,1,1
50,4,2009,4,PTTP,44,25,2009,4,2
50,4,2009,4,PTTP,44,26,2009,4,6
50,4,2009,4,PTTP,44,26,2010,1,7
50,4,2009,4,PTTP,44,26,2010,2,2
50,4,2009,4,PTTP,44,26,2010,4,2
50,4,2009,4,PTTP,44,26,2011,1,1
50,4,2009,4,PTTP,46,8,2010,1,1
50,4,2009,4,PTTP,46,25,2009,4,1
50,4,2009,4,PTTP,46,25,2013,1,1
50,4,2009,4,PTTP,46,26,2009,4,4
50,4,2009,4,PTTP,46,26,2010,1,4
50,4,2009,4,PTTP,46,26,2010,4,1
50,4,2009,4,PTTP,46,26,2011,2,1
50,4,2009,4,PTTP,46,27,2010,2,1
50,4,2009,4,PTTP,48,8,2010,1,1
50,4,2009,4,PTTP,48,25,2009,4,2
50,4,2009,4,PTTP,48,26,2009,4,13
50,4,2009,4,PTTP,48,26,2010,1,6
50,4,2009,4,PTTP,48,26,2010,2,3
50,4,2009,4,PTTP,48,26,2010,4,2
50,4,2009,4,PTTP,48,26,2011,2,1
50,4,2009,4,PTTP,50,8,2010,2,1
50,4,2009,4,PTTP,50,8,2014,2,1
50,4,2009,4,PTTP,50,25,2009,4,1
50,4,2009,4,PTTP,50,26,2009,4,11
50,4,2009,4,PTTP,50,26,2010,1,4
50,4,2009,4,PTTP,50,27,2011,3,1
50,4,2009,4,PTTP,52,25,2009,4,2
50,4,2009,4,PTTP,52,25,2010,2,1
50,4,2009,4,PTTP,52,26,2009,4,9
50,4,2009,4,PTTP,52,26,2010,1,7
50,4,2009,4,PTTP,52,26,2010,2,4
50,4,2009,4,PTTP,52,26,2010,4,1
50,4,2009,4,PTTP,52,26,2011,2,1
50,4,2009,4,PTTP,52,28,2010,1,1
50,4,2009,4,PTTP,54,8,2010,2,1
50,4,2009,4,PTTP,54,25,2009,4,1
50,4,2009,4,PTTP,54,26,2009,4,3
50,4,2009,4,PTTP,54,26,2010,1,2
50,4,2009,4,PTTP,56,25,2009,4,1
50,4,2009,4,PTTP,56,26,2009,4,5
50,4,2009,4,PTTP,56,26,2010,1,1
50,4,2009,4,PTTP,58,8,2010,1,2
50,4,2009,4,PTTP,58,25,2009,4,1
50,4,2009,4,PTTP,58,26,2009,4,4
50,4,2009,4,PTTP,60,8,2010,2,1
50,4,2009,4,PTTP,60,25,2009,4,2
50,4,2009,4,PTTP,60,26,2009,4,6
50,4,2009,4,PTTP,60,26,2010,1,4
50,4,2009,4,PTTP,60,26,2010,2,1
50,4,2009,4,PTTP,62,8,2010,2,1
50,4,2009,4,PTTP,62,25,2009,4,1
50,4,2009,4,PTTP,62,26,2009,4,5
50,4,2009,4,PTTP,62,26,2010,1,2
50,4,2009,4,PTTP,64,25,2010,1,1
50,4,2009,4,PTTP,64,26,2009,4,5
50,4,2009,4,PTTP,64,26,2010,1,1
50,4,2009,4,PTTP,66,25,2009,4,1
50,4,2009,4,PTTP,66,26,2009,4,1
50,4,2009,4,PTTP,66,26,2010,1,4
50,4,2009,4,PTTP,66,26,2010,2,1
50,4,2009,4,PTTP,68,26,2009,4,1
50,4,2009,4,PTTP,68,26,2010,1,1
50,4,2009,4,PTTP,70,26,2009,4,1
50,4,2009,4,PTTP,72,26,2010,1,1
51,4,2010,2,PTTP,38,25,2010,4,1
51,4,2010,2,PTTP,38,25,2011,1,1
51,4,2010,2,PTTP,38,25,2011,4,1
51,4,2010,2,PTTP,38,26,2010,2,9
51,4,2010,2,PTTP,38,26,2011,1,2
51,4,2010,2,PTTP,40,25,2010,4,1
51,4,2010,2,PTTP,40,25,2011,1,1
51,4,2010,2,PTTP,40,26,2010,2,3
51,4,2010,2,PTTP,42,7,2010,2,1
51,4,2010,2,PTTP,42,8,2010,2,1
51,4,2010,2,PTTP,42,25,2010,4,1
51,4,2010,2,PTTP,42,25,2011,1,1
51,4,2010,2,PTTP,42,25,2012,2,1
51,4,2010,2,PTTP,42,26,2010,2,4
51,4,2010,2,PTTP,44,25,2011,4,1
51,4,2010,2,PTTP,44,26,2010,2,1
51,4,2010,2,PTTP,44,26,2011,2,1
51,4,2010,2,PTTP,46,25,2010,4,1
51,4,2010,2,PTTP,46,26,2010,2,1
51,4,2010,2,PTTP,48,8,2010,2,1
51,4,2010,2,PTTP,48,25,2010,4,1
51,4,2010,2,PTTP,48,26,2010,2,3
51,4,2010,2,PTTP,48,26,2010,4,2
51,4,2010,2,PTTP,50,8,2010,2,3
51,4,2010,2,PTTP,50,8,2012,3,1
51,4,2010,2,PTTP,50,25,2010,4,1
51,4,2010,2,PTTP,50,25,2011,1,1
51,4,2010,2,PTTP,50,25,2011,2,1
51,4,2010,2,PTTP,50,26,2010,2,3
51,4,2010,2,PTTP,50,26,2010,4,1
51,4,2010,2,PTTP,50,26,2011,1,2
51,4,2010,2,PTTP,50,26,2011,2,1
51,4,2010,2,PTTP,52,8,2010,2,5
51,4,2010,2,PTTP,52,25,2011,1,4
51,4,2010,2,PTTP,52,25,2011,2,1
51,4,2010,2,PTTP,52,25,2011,3,1
51,4,2010,2,PTTP,52,25,2011,4,1
51,4,2010,2,PTTP,52,26,2010,2,14
51,4,2010,2,PTTP,52,26,2010,4,3
51,4,2010,2,PTTP,52,26,2011,2,2
51,4,2010,2,PTTP,52,27,2012,3,1
51,4,2010,2,PTTP,54,7,2010,2,1
51,4,2010,2,PTTP,54,7,2010,4,1
51,4,2010,2,PTTP,54,7,2011,2,1
51,4,2010,2,PTTP,54,8,2010,2,3
51,4,2010,2,PTTP,54,25,2010,2,1
51,4,2010,2,PTTP,54,25,2010,4,2
51,4,2010,2,PTTP,54,26,2010,2,8
51,4,2010,2,PTTP,54,26,2010,4,2
51,4,2010,2,PTTP,54,26,2011,2,1
51,4,2010,2,PTTP,54,26,2011,4,1
51,4,2010,2,PTTP,54,26,2013,4,1
51,4,2010,2,PTTP,56,7,2010,2,1
51,4,2010,2,PTTP,56,8,2010,2,7
51,4,2010,2,PTTP,56,25,2011,2,1
51,4,2010,2,PTTP,56,26,2010,2,6
51,4,2010,2,PTTP,56,26,2010,4,2
51,4,2010,2,PTTP,56,26,2011,2,1
51,4,2010,2,PTTP,56,26,2011,4,1
51,4,2010,2,PTTP,58,7,2010,2,1
51,4,2010,2,PTTP,58,7,2011,1,1
51,4,2010,2,PTTP,58,7,2011,3,1
51,4,2010,2,PTTP,58,8,2010,2,4
51,4,2010,2,PTTP,58,8,2010,4,1
51,4,2010,2,PTTP,58,25,2010,4,3
51,4,2010,2,PTTP,58,25,2011,1,2
51,4,2010,2,PTTP,58,25,2011,2,2
51,4,2010,2,PTTP,58,25,2011,4,1
51,4,2010,2,PTTP,58,26,2010,2,23
51,4,2010,2,PTTP,58,26,2010,4,11
51,4,2010,2,PTTP,58,26,2011,1,2
51,4,2010,2,PTTP,58,26,2011,2,2
51,4,2010,2,PTTP,60,7,2015,4,1
51,4,2010,2,PTTP,60,8,2010,2,15
51,4,2010,2,PTTP,60,25,2010,4,1
51,4,2010,2,PTTP,60,25,2011,1,5
51,4,2010,2,PTTP,60,25,2011,2,2
51,4,2010,2,PTTP,60,25,2011,3,1
51,4,2010,2,PTTP,60,25,2013,1,1
51,4,2010,2,PTTP,60,26,2010,2,17
51,4,2010,2,PTTP,60,26,2010,4,7
51,4,2010,2,PTTP,60,26,2011,1,3
51,4,2010,2,PTTP,60,26,2011,2,1
51,4,2010,2,PTTP,60,26,2012,1,1
51,4,2010,2,PTTP,62,7,2010,2,1
51,4,2010,2,PTTP,62,8,2010,2,7
51,4,2010,2,PTTP,62,8,2012,4,1
51,4,2010,2,PTTP,62,25,2011,1,3
51,4,2010,2,PTTP,62,25,2011,2,5
51,4,2010,2,PTTP,62,27,2012,1,1
51,4,2010,2,PTTP,64,8,2010,2,10
51,4,2010,2,PTTP,64,25,2011,1,1
51,4,2010,2,PTTP,64,25,2011,2,1
51,4,2010,2,PTTP,66,7,2010,2,1
51,4,2010,2,PTTP,66,8,2011,2,1
51,4,2010,2,PTTP,66,25,2012,1,1
51,4,2010,2,PTTP,66,26,2010,2,3
51,4,2010,2,PTTP,66,26,2010,4,3
51,4,2010,2,PTTP,66,26,2011,1,3
51,4,2010,2,PTTP,68,8,2010,2,5
51,4,2010,2,PTTP,68,8,2014,4,1
51,4,2010,2,PTTP,68,25,2011,4,1
51,4,2010,2,PTTP,68,26,2010,4,3
51,4,2010,2,PTTP,68,26,2011,1,1
51,4,2010,2,PTTP,68,26,2011,2,1
51,4,2010,2,PTTP,70,7,2011,1,1
51,4,2010,2,PTTP,70,8,2010,2,1
51,4,2010,2,PTTP,70,25,2011,1,2
51,4,2010,2,PTTP,70,25,2013,1,1
51,4,2010,2,PTTP,70,26,2010,2,1
51,4,2010,2,PTTP,70,26,2011,2,1
51,4,2010,2,PTTP,70,26,2012,1,1
51,4,2010,2,PTTP,72,8,2010,2,4
51,4,2010,2,PTTP,72,25,2010,4,1
51,4,2010,2,PTTP,72,25,2011,1,2
51,4,2010,2,PTTP,72,25,2011,4,1
51,4,2010,2,PTTP,72,26,2010,2,3
51,4,2010,2,PTTP,72,26,2010,4,1
51,4,2010,2,PTTP,72,26,2013,4,1
51,4,2010,2,PTTP,74,26,2010,4,2
51,4,2010,2,PTTP,76,8,2010,2,1
51,4,2010,2,PTTP,76,26,2010,4,1
51,4,2010,2,PTTP,76,26,2012,1,1
51,4,2010,2,PTTP,76,27,2010,4,1
51,4,2010,2,PTTP,82,26,2010,4,1
51,4,2010,2,PTTP,84,26,2010,2,1
52,4,2010,4,PTTP,40,10,2011,2,1
52,4,2010,4,PTTP,40,25,2011,1,2
52,4,2010,4,PTTP,40,25,2011,2,1
52,4,2010,4,PTTP,40,25,2011,3,1
52,4,2010,4,PTTP,42,7,2011,1,2
52,4,2010,4,PTTP,42,7,2011,4,1
52,4,2010,4,PTTP,42,25,2010,4,1
52,4,2010,4,PTTP,42,25,2011,1,5
52,4,2010,4,PTTP,42,25,2011,2,4
52,4,2010,4,PTTP,42,25,2011,3,1
52,4,2010,4,PTTP,42,25,2011,4,4
52,4,2010,4,PTTP,42,26,2011,1,1
52,4,2010,4,PTTP,42,26,2011,2,1
52,4,2010,4,PTTP,42,26,2012,1,1
52,4,2010,4,PTTP,44,7,2011,1,13
52,4,2010,4,PTTP,44,7,2011,2,1
52,4,2010,4,PTTP,44,8,2011,2,1
52,4,2010,4,PTTP,44,10,2011,1,1
52,4,2010,4,PTTP,44,24,2011,4,0
52,4,2010,4,PTTP,44,25,2010,4,1
52,4,2010,4,PTTP,44,25,2011,1,25
52,4,2010,4,PTTP,44,25,2011,2,19
52,4,2010,4,PTTP,44,25,2011,3,2
52,4,2010,4,PTTP,44,25,2011,4,9
52,4,2010,4,PTTP,44,25,2012,1,2
52,4,2010,4,PTTP,44,25,2012,2,1
52,4,2010,4,PTTP,44,27,2011,1,2
52,4,2010,4,PTTP,44,27,2011,3,1
52,4,2010,4,PTTP,46,7,2011,1,12
52,4,2010,4,PTTP,46,7,2013,1,1
52,4,2010,4,PTTP,46,8,2012,2,1
52,4,2010,4,PTTP,46,8,2013,1,1
52,4,2010,4,PTTP,46,10,2011,1,2
52,4,2010,4,PTTP,46,25,2010,4,1
52,4,2010,4,PTTP,46,25,2011,1,42
52,4,2010,4,PTTP,46,25,2011,2,25
52,4,2010,4,PTTP,46,25,2011,3,3
52,4,2010,4,PTTP,46,25,2011,4,9
52,4,2010,4,PTTP,46,25,2012,1,6
52,4,2010,4,PTTP,46,25,2012,2,2
52,4,2010,4,PTTP,46,26,2011,1,9
52,4,2010,4,PTTP,46,26,2011,2,10
52,4,2010,4,PTTP,46,26,2011,4,8
52,4,2010,4,PTTP,46,26,2012,1,3
52,4,2010,4,PTTP,46,26,2012,2,1
52,4,2010,4,PTTP,46,26,2013,4,1
52,4,2010,4,PTTP,48,7,2011,1,8
52,4,2010,4,PTTP,48,7,2011,2,1
52,4,2010,4,PTTP,48,7,2011,4,1
52,4,2010,4,PTTP,48,8,2011,2,1
52,4,2010,4,PTTP,48,8,2013,1,2
52,4,2010,4,PTTP,48,8,2020,1,1
52,4,2010,4,PTTP,48,10,2011,1,2
52,4,2010,4,PTTP,48,10,2011,2,1
52,4,2010,4,PTTP,48,25,2010,4,2
52,4,2010,4,PTTP,48,25,2011,1,30
52,4,2010,4,PTTP,48,25,2011,2,23
52,4,2010,4,PTTP,48,25,2011,4,9
52,4,2010,4,PTTP,48,25,2012,2,1
52,4,2010,4,PTTP,48,25,2012,4,1
52,4,2010,4,PTTP,50,7,2011,1,7
52,4,2010,4,PTTP,50,7,2011,2,2
52,4,2010,4,PTTP,50,7,2011,3,1
52,4,2010,4,PTTP,50,7,2012,1,1
52,4,2010,4,PTTP,50,8,2011,2,2
52,4,2010,4,PTTP,50,25,2011,1,25
52,4,2010,4,PTTP,50,25,2011,2,6
52,4,2010,4,PTTP,50,25,2011,3,3
52,4,2010,4,PTTP,50,25,2011,4,6
52,4,2010,4,PTTP,52,7,2011,1,6
52,4,2010,4,PTTP,52,25,2010,4,1
52,4,2010,4,PTTP,52,25,2011,1,12
52,4,2010,4,PTTP,52,25,2011,2,11
52,4,2010,4,PTTP,52,25,2011,3,3
52,4,2010,4,PTTP,52,25,2011,4,6
52,4,2010,4,PTTP,52,25,2012,2,1
52,4,2010,4,PTTP,54,7,2011,1,3
52,4,2010,4,PTTP,54,25,2011,1,10
52,4,2010,4,PTTP,54,25,2011,2,9
52,4,2010,4,PTTP,54,25,2011,3,3
52,4,2010,4,PTTP,54,25,2011,4,1
52,4,2010,4,PTTP,54,25,2012,1,1
52,4,2010,4,PTTP,54,25,2012,2,1
52,4,2010,4,PTTP,56,7,2011,1,3
52,4,2010,4,PTTP,56,8,2013,1,1
52,4,2010,4,PTTP,56,25,2011,1,9
52,4,2010,4,PTTP,56,25,2011,2,7
52,4,2010,4,PTTP,56,25,2011,4,3
52,4,2010,4,PTTP,56,25,2012,2,2
52,4,2010,4,PTTP,56,25,2012,3,1
52,4,2010,4,PTTP,56,26,2010,4,2
52,4,2010,4,PTTP,56,26,2011,1,16
52,4,2010,4,PTTP,56,26,2011,2,7
52,4,2010,4,PTTP,56,26,2011,4,4
52,4,2010,4,PTTP,56,26,2012,1,2
52,4,2010,4,PTTP,56,26,2012,2,1
52,4,2010,4,PTTP,56,26,2012,3,1
52,4,2010,4,PTTP,56,26,2013,2,1
52,4,2010,4,PTTP,58,7,2011,1,1
52,4,2010,4,PTTP,58,7,2011,3,1
52,4,2010,4,PTTP,58,25,2011,1,1
52,4,2010,4,PTTP,58,25,2011,2,2
52,4,2010,4,PTTP,58,25,2011,4,1
52,4,2010,4,PTTP,58,25,2012,2,1
52,4,2010,4,PTTP,60,7,2011,1,1
52,4,2010,4,PTTP,60,8,2011,2,1
52,4,2010,4,PTTP,60,25,2011,1,1
52,4,2010,4,PTTP,60,25,2011,4,1
52,4,2010,4,PTTP,62,7,2011,1,1
52,4,2010,4,PTTP,62,25,2011,3,1
52,4,2010,4,PTTP,62,25,2012,2,1
52,4,2010,4,PTTP,62,26,2011,1,3
52,4,2010,4,PTTP,62,26,2011,2,2
52,4,2010,4,PTTP,64,25,2011,2,1
52,4,2010,4,PTTP,64,26,2010,4,1
52,4,2010,4,PTTP,64,26,2011,1,1
52,4,2010,4,PTTP,64,26,2011,2,1
52,4,2010,4,PTTP,64,26,2011,4,1
52,4,2010,4,PTTP,66,25,2012,1,2
52,4,2010,4,PTTP,66,25,2013,1,1
52,4,2010,4,PTTP,66,26,2011,1,1
52,4,2010,4,PTTP,68,26,2011,2,2
52,4,2010,4,PTTP,68,26,2011,4,1
52,4,2010,4,PTTP,68,26,2012,1,1
52,4,2010,4,PTTP,70,26,2011,2,1
52,4,2010,4,PTTP,72,26,2011,1,1
52,4,2010,4,PTTP,74,25,2012,2,1
52,4,2010,4,PTTP,74,26,2011,1,1
52,4,2010,4,PTTP,74,26,2011,2,1
52,4,2010,4,PTTP,76,7,2011,1,1
52,4,2010,4,PTTP,76,25,2011,2,1
52,4,2010,4,PTTP,78,25,2010,4,1
52,4,2010,4,PTTP,78,25,2011,1,1
52,4,2010,4,PTTP,78,25,2011,2,2
52,4,2010,4,PTTP,78,26,2011,4,1
52,4,2010,4,PTTP,80,26,2011,1,1
52,4,2010,4,PTTP,80,26,2011,2,1
52,4,2010,4,PTTP,82,25,2011,1,2
52,4,2010,4,PTTP,82,25,2011,2,2
52,4,2010,4,PTTP,82,25,2011,4,1
52,4,2010,4,PTTP,82,26,2011,2,2
52,4,2010,4,PTTP,82,26,2011,4,1
52,4,2010,4,PTTP,84,25,2011,2,1
52,4,2010,4,PTTP,86,8,2013,1,1
52,4,2010,4,PTTP,86,25,2011,1,1
52,4,2010,4,PTTP,86,26,2012,2,1
52,4,2010,4,PTTP,86,26,2014,2,1
52,4,2010,4,PTTP,88,25,2011,2,1
52,4,2010,4,PTTP,88,25,2012,1,1
52,4,2010,4,PTTP,92,26,2011,2,1
52,4,2010,4,PTTP,98,25,2011,4,1
52,4,2010,4,PTTP,98,26,2011,1,1
52,4,2010,4,PTTP,104,25,2011,1,1
52,4,2010,4,PTTP,106,26,2011,4,1
53,4,2011,4,PTTP,38,3,2014,4,0
53,4,2011,4,PTTP,38,25,2011,4,1
53,4,2011,4,PTTP,38,25,2012,1,4
53,4,2011,4,PTTP,38,25,2012,2,1
53,4,2011,4,PTTP,38,25,2012,4,1
53,4,2011,4,PTTP,38,26,2012,2,2
53,4,2011,4,PTTP,38,26,2012,3,1
53,4,2011,4,PTTP,38,26,2013,2,1
53,4,2011,4,PTTP,38,27,2012,1,1
53,4,2011,4,PTTP,38,28,2011,4,1
53,4,2011,4,PTTP,40,25,2011,4,1
53,4,2011,4,PTTP,40,25,2012,1,3
53,4,2011,4,PTTP,40,25,2012,2,4
53,4,2011,4,PTTP,40,26,2011,4,3
53,4,2011,4,PTTP,40,26,2012,1,2
53,4,2011,4,PTTP,40,26,2012,2,1
53,4,2011,4,PTTP,40,26,2013,1,1
53,4,2011,4,PTTP,40,27,2012,2,1
53,4,2011,4,PTTP,42,25,2012,1,6
53,4,2011,4,PTTP,42,25,2012,2,2
53,4,2011,4,PTTP,42,26,2011,4,3
53,4,2011,4,PTTP,42,26,2012,1,1
53,4,2011,4,PTTP,42,26,2012,4,1
53,4,2011,4,PTTP,42,26,2013,1,2
53,4,2011,4,PTTP,42,26,2013,2,1
53,4,2011,4,PTTP,44,7,2011,4,2
53,4,2011,4,PTTP,44,25,2011,4,4
53,4,2011,4,PTTP,44,25,2012,1,7
53,4,2011,4,PTTP,44,25,2012,2,5
53,4,2011,4,PTTP,44,25,2013,1,1
53,4,2011,4,PTTP,44,26,2011,4,3
53,4,2011,4,PTTP,44,26,2012,2,1
53,4,2011,4,PTTP,44,26,2012,3,1
53,4,2011,4,PTTP,44,26,2012,4,2
53,4,2011,4,PTTP,44,26,2013,2,1
53,4,2011,4,PTTP,44,27,2012,1,1
53,4,2011,4,PTTP,46,7,2012,1,2
53,4,2011,4,PTTP,46,25,2011,4,13
53,4,2011,4,PTTP,46,25,2012,1,24
53,4,2011,4,PTTP,46,25,2012,2,5
53,4,2011,4,PTTP,46,25,2012,3,2
53,4,2011,4,PTTP,46,25,2012,4,1
53,4,2011,4,PTTP,46,26,2011,4,23
53,4,2011,4,PTTP,46,26,2012,1,5
53,4,2011,4,PTTP,46,26,2012,2,3
53,4,2011,4,PTTP,46,26,2012,3,3
53,4,2011,4,PTTP,46,26,2012,4,2
53,4,2011,4,PTTP,46,26,2013,1,1
53,4,2011,4,PTTP,46,27,2012,1,1
53,4,2011,4,PTTP,46,27,2012,2,1
53,4,2011,4,PTTP,48,7,2011,4,1
53,4,2011,4,PTTP,48,7,2012,2,1
53,4,2011,4,PTTP,48,10,2011,4,1
53,4,2011,4,PTTP,48,25,2011,4,4
53,4,2011,4,PTTP,48,25,2012,1,8
53,4,2011,4,PTTP,48,25,2012,2,4
53,4,2011,4,PTTP,48,25,2013,1,1
53,4,2011,4,PTTP,48,26,2011,4,14
53,4,2011,4,PTTP,48,26,2012,1,7
53,4,2011,4,PTTP,48,26,2012,2,8
53,4,2011,4,PTTP,48,26,2012,4,3
53,4,2011,4,PTTP,48,26,2013,1,1
53,4,2011,4,PTTP,48,26,2013,2,1
53,4,2011,4,PTTP,50,7,2011,4,2
53,4,2011,4,PTTP,50,8,2012,1,1
53,4,2011,4,PTTP,50,10,2012,1,1
53,4,2011,4,PTTP,50,25,2011,4,3
53,4,2011,4,PTTP,50,25,2012,1,14
53,4,2011,4,PTTP,50,25,2012,2,3
53,4,2011,4,PTTP,50,26,2011,4,17
53,4,2011,4,PTTP,50,26,2012,1,5
53,4,2011,4,PTTP,50,26,2012,2,3
53,4,2011,4,PTTP,50,26,2012,4,1
53,4,2011,4,PTTP,52,8,2012,1,1
53,4,2011,4,PTTP,52,8,2012,2,1
53,4,2011,4,PTTP,52,10,2011,4,1
53,4,2011,4,PTTP,52,25,2011,4,5
53,4,2011,4,PTTP,52,25,2012,1,8
53,4,2011,4,PTTP,52,25,2012,2,3
53,4,2011,4,PTTP,52,26,2011,4,16
53,4,2011,4,PTTP,52,26,2012,1,4
53,4,2011,4,PTTP,52,26,2012,2,7
53,4,2011,4,PTTP,52,26,2012,3,2
53,4,2011,4,PTTP,52,26,2012,4,1
53,4,2011,4,PTTP,54,7,2011,4,1
53,4,2011,4,PTTP,54,7,2012,1,1
53,4,2011,4,PTTP,54,25,2011,4,2
53,4,2011,4,PTTP,54,25,2012,1,5
53,4,2011,4,PTTP,54,25,2013,1,1
53,4,2011,4,PTTP,56,7,2011,4,1
53,4,2011,4,PTTP,56,8,2012,2,1
53,4,2011,4,PTTP,56,25,2011,4,4
53,4,2011,4,PTTP,56,25,2012,1,3
53,4,2011,4,PTTP,56,25,2012,2,1
53,4,2011,4,PTTP,56,25,2013,1,1
53,4,2011,4,PTTP,56,26,2011,4,17
53,4,2011,4,PTTP,56,26,2012,1,1
53,4,2011,4,PTTP,56,26,2012,2,3
53,4,2011,4,PTTP,58,7,2011,4,1
53,4,2011,4,PTTP,58,8,2012,1,1
53,4,2011,4,PTTP,58,25,2012,1,8
53,4,2011,4,PTTP,58,26,2011,4,6
53,4,2011,4,PTTP,58,26,2012,1,5
53,4,2011,4,PTTP,58,26,2012,2,4
53,4,2011,4,PTTP,58,26,2012,3,1
53,4,2011,4,PTTP,58,26,2012,4,1
53,4,2011,4,PTTP,58,26,2013,2,1
53,4,2011,4,PTTP,60,25,2011,4,2
53,4,2011,4,PTTP,60,25,2012,1,2
53,4,2011,4,PTTP,60,25,2012,2,1
53,4,2011,4,PTTP,60,26,2011,4,11
53,4,2011,4,PTTP,60,26,2012,1,2
53,4,2011,4,PTTP,60,26,2012,2,1
53,4,2011,4,PTTP,60,26,2012,3,1
53,4,2011,4,PTTP,60,27,2014,1,1
53,4,2011,4,PTTP,62,7,2012,2,1
53,4,2011,4,PTTP,62,10,2012,3,1
53,4,2011,4,PTTP,62,25,2011,4,2
53,4,2011,4,PTTP,62,25,2012,1,5
53,4,2011,4,PTTP,62,25,2012,2,1
53,4,2011,4,PTTP,62,26,2011,4,4
53,4,2011,4,PTTP,62,26,2012,1,7
53,4,2011,4,PTTP,62,26,2012,2,3
53,4,2011,4,PTTP,62,26,2012,3,1
53,4,2011,4,PTTP,64,7,2011,4,1
53,4,2011,4,PTTP,64,7,2012,1,1
53,4,2011,4,PTTP,64,8,2012,1,1
53,4,2011,4,PTTP,64,10,2012,1,1
53,4,2011,4,PTTP,64,25,2011,4,4
53,4,2011,4,PTTP,64,25,2012,1,3
53,4,2011,4,PTTP,66,25,2011,4,4
53,4,2011,4,PTTP,66,25,2012,1,1
53,4,2011,4,PTTP,66,25,2012,2,1
53,4,2011,4,PTTP,66,25,2013,2,1
53,4,2011,4,PTTP,66,26,2011,4,16
53,4,2011,4,PTTP,66,26,2012,1,6
53,4,2011,4,PTTP,66,26,2012,2,1
53,4,2011,4,PTTP,66,26,2012,4,1
53,4,2011,4,PTTP,66,26,2013,4,1
53,4,2011,4,PTTP,68,7,2012,1,1
53,4,2011,4,PTTP,68,25,2011,4,1
53,4,2011,4,PTTP,68,25,2012,1,3
53,4,2011,4,PTTP,68,25,2012,2,2
53,4,2011,4,PTTP,68,25,2014,2,1
53,4,2011,4,PTTP,68,26,2011,4,5
53,4,2011,4,PTTP,68,26,2012,1,4
53,4,2011,4,PTTP,68,26,2012,2,2
53,4,2011,4,PTTP,68,26,2012,3,3
53,4,2011,4,PTTP,70,7,2011,4,1
53,4,2011,4,PTTP,70,25,2011,4,2
53,4,2011,4,PTTP,70,25,2012,1,4
53,4,2011,4,PTTP,70,25,2012,2,1
53,4,2011,4,PTTP,70,26,2011,4,7
53,4,2011,4,PTTP,70,26,2012,1,9
53,4,2011,4,PTTP,70,26,2012,3,2
53,4,2011,4,PTTP,70,26,2012,4,1
53,4,2011,4,PTTP,72,7,2012,1,1
53,4,2011,4,PTTP,72,25,2011,4,1
53,4,2011,4,PTTP,72,26,2011,4,5
53,4,2011,4,PTTP,72,26,2012,1,6
53,4,2011,4,PTTP,72,26,2012,2,2
53,4,2011,4,PTTP,72,26,2012,3,2
53,4,2011,4,PTTP,72,26,2013,1,1
53,4,2011,4,PTTP,74,7,2011,4,1
53,4,2011,4,PTTP,74,25,2011,4,2
53,4,2011,4,PTTP,74,25,2012,1,2
53,4,2011,4,PTTP,74,25,2012,2,1
53,4,2011,4,PTTP,74,26,2011,4,3
53,4,2011,4,PTTP,74,26,2012,1,5
53,4,2011,4,PTTP,74,26,2012,2,1
53,4,2011,4,PTTP,74,26,2012,3,1
53,4,2011,4,PTTP,74,26,2013,1,1
53,4,2011,4,PTTP,76,25,2012,1,1
53,4,2011,4,PTTP,76,26,2011,4,2
53,4,2011,4,PTTP,76,26,2012,1,4
53,4,2011,4,PTTP,78,25,2011,4,1
53,4,2011,4,PTTP,78,26,2011,4,1
53,4,2011,4,PTTP,78,26,2012,1,1
53,4,2011,4,PTTP,78,26,2013,1,1
53,4,2011,4,PTTP,80,26,2011,4,1
53,4,2011,4,PTTP,82,26,2012,1,1
53,4,2011,4,PTTP,82,26,2012,3,1
53,4,2011,4,PTTP,90,26,2012,4,1
54,4,2012,3,PTTP,48,26,2012,4,1
54,4,2012,3,PTTP,50,26,2012,4,3
54,4,2012,3,PTTP,50,26,2013,1,1
54,4,2012,3,PTTP,50,26,2013,2,1
54,4,2012,3,PTTP,52,26,2012,4,3
54,4,2012,3,PTTP,54,26,2012,4,7
54,4,2012,3,PTTP,56,26,2012,4,13
54,4,2012,3,PTTP,56,26,2013,2,1
54,4,2012,3,PTTP,58,26,2012,4,10
54,4,2012,3,PTTP,58,26,2013,1,1
54,4,2012,3,PTTP,60,7,2012,4,1
54,4,2012,3,PTTP,60,26,2012,4,10
54,4,2012,3,PTTP,60,26,2013,1,3
54,4,2012,3,PTTP,62,26,2012,4,5
54,4,2012,3,PTTP,62,26,2013,2,1
54,4,2012,3,PTTP,64,8,2013,1,1
54,4,2012,3,PTTP,64,26,2012,4,1
54,4,2012,3,PTTP,66,26,2012,4,4
54,4,2012,3,PTTP,68,26,2012,4,1
54,4,2012,3,PTTP,70,26,2012,4,4
54,4,2012,3,PTTP,72,26,2012,4,1
54,4,2012,3,PTTP,74,26,2012,4,1
54,4,2012,3,PTTP,78,8,2013,2,1
55,4,2012,4,PTTP,42,7,2013,1,1
55,4,2012,4,PTTP,42,25,2012,4,3
55,4,2012,4,PTTP,42,25,2013,1,2
55,4,2012,4,PTTP,42,25,2013,2,4
55,4,2012,4,PTTP,42,26,2012,4,3
55,4,2012,4,PTTP,42,26,2014,1,1
55,4,2012,4,PTTP,44,9,2015,2,1
55,4,2012,4,PTTP,44,25,2012,4,1
55,4,2012,4,PTTP,44,25,2013,1,2
55,4,2012,4,PTTP,44,25,2013,2,2
55,4,2012,4,PTTP,44,25,2013,3,1
55,4,2012,4,PTTP,44,26,2012,4,26
55,4,2012,4,PTTP,44,27,2013,3,1
55,4,2012,4,PTTP,46,7,2012,4,2
55,4,2012,4,PTTP,46,7,2016,4,1
55,4,2012,4,PTTP,46,8,2013,1,1
55,4,2012,4,PTTP,46,25,2012,4,2
55,4,2012,4,PTTP,46,25,2013,1,5
55,4,2012,4,PTTP,46,25,2013,2,1
55,4,2012,4,PTTP,46,26,2012,4,64
55,4,2012,4,PTTP,46,26,2013,1,3
55,4,2012,4,PTTP,46,26,2013,2,2
55,4,2012,4,PTTP,46,26,2013,4,2
55,4,2012,4,PTTP,48,8,2012,4,1
55,4,2012,4,PTTP,48,8,2013,1,1
55,4,2012,4,PTTP,48,25,2012,4,4
55,4,2012,4,PTTP,48,25,2013,1,3
55,4,2012,4,PTTP,48,25,2013,2,1
55,4,2012,4,PTTP,48,27,2013,3,1
55,4,2012,4,PTTP,50,7,2012,4,2
55,4,2012,4,PTTP,50,25,2012,4,5
55,4,2012,4,PTTP,50,25,2013,1,12
55,4,2012,4,PTTP,50,25,2013,2,3
55,4,2012,4,PTTP,50,25,2014,1,1
55,4,2012,4,PTTP,50,25,2021,1,1
55,4,2012,4,PTTP,50,28,2012,4,1
55,4,2012,4,PTTP,52,7,2012,4,4
55,4,2012,4,PTTP,52,8,2012,4,5
55,4,2012,4,PTTP,52,8,2013,1,2
55,4,2012,4,PTTP,52,8,2013,2,2
55,4,2012,4,PTTP,52,8,2013,3,1
55,4,2012,4,PTTP,52,8,2014,1,1
55,4,2012,4,PTTP,52,8,2014,3,1
55,4,2012,4,PTTP,52,10,2013,1,1
55,4,2012,4,PTTP,52,25,2012,4,5
55,4,2012,4,PTTP,52,25,2013,1,15
55,4,2012,4,PTTP,52,25,2013,2,5
55,4,2012,4,PTTP,52,25,2013,3,1
55,4,2012,4,PTTP,52,27,2013,1,2
55,4,2012,4,PTTP,52,28,2012,4,1
55,4,2012,4,PTTP,52,28,2013,2,1
55,4,2012,4,PTTP,54,7,2012,4,3
55,4,2012,4,PTTP,54,8,2013,1,1
55,4,2012,4,PTTP,54,8,2013,2,2
55,4,2012,4,PTTP,54,10,2013,1,1
55,4,2012,4,PTTP,54,25,2012,4,4
55,4,2012,4,PTTP,54,25,2013,1,10
55,4,2012,4,PTTP,54,25,2013,2,2
55,4,2012,4,PTTP,54,25,2013,3,3
55,4,2012,4,PTTP,54,25,2013,4,1
55,4,2012,4,PTTP,54,25,2021,1,1
55,4,2012,4,PTTP,54,26,2012,4,178
55,4,2012,4,PTTP,54,26,2013,1,42
55,4,2012,4,PTTP,54,26,2013,2,23
55,4,2012,4,PTTP,54,26,2013,4,1
55,4,2012,4,PTTP,54,26,2014,1,3
55,4,2012,4,PTTP,54,27,2012,4,1
55,4,2012,4,PTTP,54,27,2013,1,3
55,4,2012,4,PTTP,56,1,2013,4,1
55,4,2012,4,PTTP,56,7,2012,4,3
55,4,2012,4,PTTP,56,8,2012,4,3
55,4,2012,4,PTTP,56,8,2013,1,4
55,4,2012,4,PTTP,56,8,2013,2,1
55,4,2012,4,PTTP,56,8,2018,1,1
55,4,2012,4,PTTP,56,10,2017,3,1
55,4,2012,4,PTTP,56,25,2012,4,4
55,4,2012,4,PTTP,56,25,2013,1,12
55,4,2012,4,PTTP,56,25,2013,2,1
55,4,2012,4,PTTP,56,25,2014,1,2
55,4,2012,4,PTTP,56,25,2019,4,1
55,4,2012,4,PTTP,56,27,2013,1,1
55,4,2012,4,PTTP,56,28,2012,4,1
55,4,2012,4,PTTP,58,7,2012,4,1
55,4,2012,4,PTTP,58,8,2012,4,1
55,4,2012,4,PTTP,58,8,2013,1,1
55,4,2012,4,PTTP,58,8,2015,4,1
55,4,2012,4,PTTP,58,25,2012,4,1
55,4,2012,4,PTTP,58,25,2013,1,8
55,4,2012,4,PTTP,58,25,2013,2,1
55,4,2012,4,PTTP,58,25,2013,3,1
55,4,2012,4,PTTP,58,26,2012,4,124
55,4,2012,4,PTTP,58,26,2013,1,25
55,4,2012,4,PTTP,58,26,2013,2,11
55,4,2012,4,PTTP,58,26,2014,1,3
55,4,2012,4,PTTP,58,26,2014,4,1
55,4,2012,4,PTTP,58,27,2013,1,1
55,4,2012,4,PTTP,58,28,2012,4,1
55,4,2012,4,PTTP,60,8,2013,2,1
55,4,2012,4,PTTP,60,9,2014,3,1
55,4,2012,4,PTTP,60,25,2012,4,4
55,4,2012,4,PTTP,60,25,2013,1,4
55,4,2012,4,PTTP,60,25,2013,2,3
55,4,2012,4,PTTP,62,7,2012,4,1
55,4,2012,4,PTTP,62,8,2012,4,1
55,4,2012,4,PTTP,62,8,2013,1,1
55,4,2012,4,PTTP,62,25,2012,4,2
55,4,2012,4,PTTP,62,25,2013,1,4
55,4,2012,4,PTTP,62,27,2013,1,1
55,4,2012,4,PTTP,64,1,2014,1,1
55,4,2012,4,PTTP,64,8,2013,1,1
55,4,2012,4,PTTP,64,25,2012,4,1
55,4,2012,4,PTTP,64,25,2013,2,2
55,4,2012,4,PTTP,64,26,2012,4,40
55,4,2012,4,PTTP,64,26,2013,1,13
55,4,2012,4,PTTP,64,26,2013,2,4
55,4,2012,4,PTTP,64,26,2014,1,1
55,4,2012,4,PTTP,64,27,2013,3,1
55,4,2012,4,PTTP,64,28,2012,4,1
55,4,2012,4,PTTP,66,8,2012,4,1
55,4,2012,4,PTTP,66,10,2013,1,1
55,4,2012,4,PTTP,66,25,2012,4,1
55,4,2012,4,PTTP,66,25,2013,1,2
55,4,2012,4,PTTP,66,25,2013,2,1
55,4,2012,4,PTTP,66,28,2012,4,1
55,4,2012,4,PTTP,68,7,2012,4,1
55,4,2012,4,PTTP,68,25,2013,2,1
55,4,2012,4,PTTP,70,25,2013,1,1
55,4,2012,4,PTTP,70,26,2012,4,4
55,4,2012,4,PTTP,70,26,2013,1,5
55,4,2012,4,PTTP,70,26,2013,2,1
55,4,2012,4,PTTP,72,25,2013,1,1
55,4,2012,4,PTTP,72,26,2012,4,1
56,4,2013,4,PTTP,34,26,2013,4,1
56,4,2013,4,PTTP,36,26,2013,4,1
56,4,2013,4,PTTP,40,8,2014,4,1
56,4,2013,4,PTTP,40,25,2014,1,1
56,4,2013,4,PTTP,40,26,2014,1,2
56,4,2013,4,PTTP,40,26,2014,2,1
56,4,2013,4,PTTP,42,8,2014,1,1
56,4,2013,4,PTTP,42,8,2014,4,1
56,4,2013,4,PTTP,42,25,2014,1,3
56,4,2013,4,PTTP,42,25,2014,2,2
56,4,2013,4,PTTP,42,25,2014,4,1
56,4,2013,4,PTTP,42,25,2015,2,1
56,4,2013,4,PTTP,42,26,2013,4,10
56,4,2013,4,PTTP,42,26,2014,1,3
56,4,2013,4,PTTP,42,26,2014,2,3
56,4,2013,4,PTTP,42,26,2014,4,1
56,4,2013,4,PTTP,42,27,2014,2,2
56,4,2013,4,PTTP,44,8,2014,1,1
56,4,2013,4,PTTP,44,8,2014,2,1
56,4,2013,4,PTTP,44,8,2015,3,1
56,4,2013,4,PTTP,44,25,2013,4,2
56,4,2013,4,PTTP,44,25,2014,1,2
56,4,2013,4,PTTP,44,25,2014,2,4
56,4,2013,4,PTTP,44,26,2013,4,12
56,4,2013,4,PTTP,44,26,2014,1,7
56,4,2013,4,PTTP,44,26,2014,2,12
56,4,2013,4,PTTP,44,26,2015,1,1
56,4,2013,4,PTTP,44,26,2016,2,1
56,4,2013,4,PTTP,44,26,2021,1,1
56,4,2013,4,PTTP,44,27,2013,4,1
56,4,2013,4,PTTP,46,8,2014,4,1
56,4,2013,4,PTTP,46,9,2015,3,1
56,4,2013,4,PTTP,46,25,2014,1,9
56,4,2013,4,PTTP,46,25,2014,2,2
56,4,2013,4,PTTP,46,25,2014,3,1
56,4,2013,4,PTTP,46,25,2014,4,1
56,4,2013,4,PTTP,46,26,2013,4,12
56,4,2013,4,PTTP,46,26,2014,1,18
56,4,2013,4,PTTP,46,26,2014,2,10
56,4,2013,4,PTTP,46,26,2014,4,1
56,4,2013,4,PTTP,46,26,2015,2,1
56,4,2013,4,PTTP,46,26,2016,2,2
56,4,2013,4,PTTP,48,8,2014,2,1
56,4,2013,4,PTTP,48,8,2014,4,1
56,4,2013,4,PTTP,48,25,2013,4,2
56,4,2013,4,PTTP,48,25,2014,1,4
56,4,2013,4,PTTP,48,25,2014,2,2
56,4,2013,4,PTTP,48,25,2014,4,1
56,4,2013,4,PTTP,48,26,2013,4,7
56,4,2013,4,PTTP,48,26,2014,1,5
56,4,2013,4,PTTP,48,26,2014,2,10
56,4,2013,4,PTTP,48,26,2014,4,1
56,4,2013,4,PTTP,48,26,2018,3,1
56,4,2013,4,PTTP,50,8,2014,1,2
56,4,2013,4,PTTP,50,25,2014,1,3
56,4,2013,4,PTTP,50,25,2014,2,1
56,4,2013,4,PTTP,50,26,2013,4,5
56,4,2013,4,PTTP,50,26,2014,1,7
56,4,2013,4,PTTP,50,26,2014,2,6
56,4,2013,4,PTTP,50,26,2015,1,1
56,4,2013,4,PTTP,50,26,2015,2,1
56,4,2013,4,PTTP,52,25,2013,4,1
56,4,2013,4,PTTP,52,25,2014,1,2
56,4,2013,4,PTTP,52,25,2014,2,1
56,4,2013,4,PTTP,52,26,2013,4,3
56,4,2013,4,PTTP,52,26,2014,1,3
56,4,2013,4,PTTP,52,26,2014,2,5
56,4,2013,4,PTTP,52,26,2014,4,2
56,4,2013,4,PTTP,52,27,2013,4,1
56,4,2013,4,PTTP,54,25,2013,4,1
56,4,2013,4,PTTP,54,25,2014,1,2
56,4,2013,4,PTTP,54,26,2013,4,2
56,4,2013,4,PTTP,54,26,2014,1,4
56,4,2013,4,PTTP,54,26,2014,2,4
56,4,2013,4,PTTP,56,26,2013,4,3
56,4,2013,4,PTTP,56,26,2014,1,2
56,4,2013,4,PTTP,56,26,2014,2,1
56,4,2013,4,PTTP,56,26,2015,1,1
56,4,2013,4,PTTP,58,26,2013,4,1
56,4,2013,4,PTTP,58,26,2014,1,1
56,4,2013,4,PTTP,60,26,2013,4,2
56,4,2013,4,PTTP,60,26,2014,1,2
56,4,2013,4,PTTP,60,26,2014,2,2
56,4,2013,4,PTTP,62,26,2013,4,1
56,4,2013,4,PTTP,64,25,2014,1,1
56,4,2013,4,PTTP,64,26,2014,1,1
56,4,2013,4,PTTP,64,26,2014,2,1
56,4,2013,4,PTTP,66,26,2014,1,2
56,4,2013,4,PTTP,68,26,2013,4,1
56,4,2013,4,PTTP,68,26,2014,1,1
56,4,2013,4,PTTP,70,25,2014,1,1
56,4,2013,4,PTTP,70,26,2013,4,1
56,4,2013,4,PTTP,70,26,2014,1,2
56,4,2013,4,PTTP,72,8,2014,1,1
56,4,2013,4,PTTP,72,8,2016,2,1
56,4,2013,4,PTTP,72,25,2014,1,2
56,4,2013,4,PTTP,72,25,2014,2,1
56,4,2013,4,PTTP,72,26,2013,4,3
56,4,2013,4,PTTP,72,26,2014,1,7
56,4,2013,4,PTTP,72,26,2014,2,1
56,4,2013,4,PTTP,74,25,2013,4,1
56,4,2013,4,PTTP,74,25,2014,3,1
56,4,2013,4,PTTP,74,26,2013,4,1
56,4,2013,4,PTTP,74,26,2014,1,2
56,4,2013,4,PTTP,74,26,2014,2,3
56,4,2013,4,PTTP,76,8,2015,3,1
56,4,2013,4,PTTP,76,26,2014,1,3
56,4,2013,4,PTTP,76,26,2014,2,2
56,4,2013,4,PTTP,78,25,2014,1,1
56,4,2013,4,PTTP,78,26,2013,4,3
56,4,2013,4,PTTP,78,26,2014,1,4
56,4,2013,4,PTTP,80,25,2014,1,1
56,4,2013,4,PTTP,80,26,2013,4,1
56,4,2013,4,PTTP,80,26,2014,1,5
56,4,2013,4,PTTP,82,25,2013,4,1
56,4,2013,4,PTTP,82,26,2013,4,2
56,4,2013,4,PTTP,84,25,2014,1,1
56,4,2013,4,PTTP,84,26,2014,1,3
56,4,2013,4,PTTP,86,26,2013,4,2
56,4,2013,4,PTTP,86,26,2014,2,1
56,4,2013,4,PTTP,88,25,2014,4,1
56,4,2013,4,PTTP,88,26,2013,4,1
56,4,2013,4,PTTP,88,26,2014,1,1
56,4,2013,4,PTTP,90,8,2013,4,1
56,4,2013,4,PTTP,90,26,2014,1,1
56,4,2013,4,PTTP,90,26,2014,2,1
57,4,2015,3,PTTP,36,26,2015,4,1
57,4,2015,3,PTTP,38,26,2015,4,1
57,4,2015,3,PTTP,42,25,2016,1,1
57,4,2015,3,PTTP,44,25,2016,4,1
57,4,2015,3,PTTP,44,25,2017,4,2
57,4,2015,3,PTTP,44,26,2015,4,2
57,4,2015,3,PTTP,46,25,2021,3,1
57,4,2015,3,PTTP,48,25,2016,3,1
57,4,2015,3,PTTP,48,26,2015,4,2
57,4,2015,3,PTTP,48,26,2016,2,1
57,4,2015,3,PTTP,50,25,2016,1,1
57,4,2015,3,PTTP,50,25,2016,4,1
57,4,2015,3,PTTP,50,26,2015,4,1
57,4,2015,3,PTTP,50,26,2016,2,2
57,4,2015,3,PTTP,50,26,2017,1,1
57,4,2015,3,PTTP,56,26,2015,4,1
57,4,2015,3,PTTP,60,26,2015,4,1
58,4,2015,4,PTTP,38,26,2015,4,3
58,4,2015,4,PTTP,40,10,2016,2,1
58,4,2015,4,PTTP,40,26,2015,4,5
58,4,2015,4,PTTP,42,26,2015,4,4
58,4,2015,4,PTTP,44,25,2016,2,1
58,4,2015,4,PTTP,44,26,2015,4,3
58,4,2015,4,PTTP,46,26,2015,4,6
58,4,2015,4,PTTP,48,25,2016,4,1
58,4,2015,4,PTTP,48,26,2015,4,1
58,4,2015,4,PTTP,50,25,2016,4,1
58,4,2015,4,PTTP,50,26,2015,4,8
58,4,2015,4,PTTP,52,25,2016,4,1
58,4,2015,4,PTTP,52,26,2015,4,5
58,4,2015,4,PTTP,52,26,2016,1,1
58,4,2015,4,PTTP,52,26,2016,2,1
58,4,2015,4,PTTP,54,26,2015,4,16
58,4,2015,4,PTTP,54,26,2016,1,1
58,4,2015,4,PTTP,54,26,2016,2,1
58,4,2015,4,PTTP,56,25,2017,2,1
58,4,2015,4,PTTP,56,26,2015,4,17
58,4,2015,4,PTTP,56,26,2016,2,1
58,4,2015,4,PTTP,58,26,2015,4,12
58,4,2015,4,PTTP,60,26,2015,4,6
58,4,2015,4,PTTP,62,26,2015,4,3
58,4,2015,4,PTTP,64,26,2015,4,1
58,4,2015,4,PTTP,64,26,2016,2,1
58,4,2015,4,PTTP,76,26,2016,1,1
58,4,2015,4,PTTP,82,26,2015,4,1
59,4,2020,3,PTTP,30,26,2020,4,1
59,4,2020,3,PTTP,30,26,2021,3,1
59,4,2020,3,PTTP,34,10,2021,2,1
59,4,2020,3,PTTP,34,26,2020,4,1
59,4,2020,3,PTTP,34,27,2021,2,1
59,4,2020,3,PTTP,36,25,2020,4,1
59,4,2020,3,PTTP,36,25,2021,1,1
59,4,2020,3,PTTP,36,25,2021,3,1
59,4,2020,3,PTTP,36,25,2022,1,1
59,4,2020,3,PTTP,36,26,2021,2,1
59,4,2020,3,PTTP,36,26,2021,4,2
59,4,2020,3,PTTP,38,25,2020,3,1
59,4,2020,3,PTTP,38,25,2020,4,2
59,4,2020,3,PTTP,38,25,2021,1,4
59,4,2020,3,PTTP,38,25,2021,2,1
59,4,2020,3,PTTP,38,25,2022,2,1
59,4,2020,3,PTTP,38,26,2020,4,2
59,4,2020,3,PTTP,38,26,2021,1,3
59,4,2020,3,PTTP,38,26,2021,2,1
59,4,2020,3,PTTP,40,25,2020,4,2
59,4,2020,3,PTTP,40,25,2021,1,10
59,4,2020,3,PTTP,40,25,2021,2,2
59,4,2020,3,PTTP,40,25,2021,3,1
59,4,2020,3,PTTP,40,26,2020,4,7
59,4,2020,3,PTTP,40,26,2021,1,5
59,4,2020,3,PTTP,40,26,2021,2,2
59,4,2020,3,PTTP,40,27,2021,1,1
59,4,2020,3,PTTP,40,27,2021,2,2
59,4,2020,3,PTTP,42,25,2020,4,2
59,4,2020,3,PTTP,42,25,2021,1,10
59,4,2020,3,PTTP,42,25,2021,2,5
59,4,2020,3,PTTP,42,25,2021,3,1
59,4,2020,3,PTTP,42,26,2020,4,3
59,4,2020,3,PTTP,42,26,2021,1,1
59,4,2020,3,PTTP,42,26,2021,2,6
59,4,2020,3,PTTP,42,26,2021,4,1
59,4,2020,3,PTTP,42,27,2021,2,2
59,4,2020,3,PTTP,42,28,2022,4,1
59,4,2020,3,PTTP,44,10,2021,2,1
59,4,2020,3,PTTP,44,25,2020,4,8
59,4,2020,3,PTTP,44,25,2021,1,8
59,4,2020,3,PTTP,44,25,2021,2,3
59,4,2020,3,PTTP,44,25,2021,3,1
59,4,2020,3,PTTP,44,25,2022,2,1
59,4,2020,3,PTTP,44,25,2023,1,2
59,4,2020,3,PTTP,44,26,2020,4,6
59,4,2020,3,PTTP,44,26,2021,1,2
59,4,2020,3,PTTP,44,26,2021,2,2
59,4,2020,3,PTTP,44,27,2020,4,1
59,4,2020,3,PTTP,44,27,2021,2,1
59,4,2020,3,PTTP,44,27,2021,4,1
59,4,2020,3,PTTP,44,28,2022,4,1
59,4,2020,3,PTTP,46,25,2020,3,1
59,4,2020,3,PTTP,46,25,2020,4,5
59,4,2020,3,PTTP,46,25,2021,1,6
59,4,2020,3,PTTP,46,25,2021,2,2
59,4,2020,3,PTTP,46,25,2021,3,1
59,4,2020,3,PTTP,46,26,2020,4,5
59,4,2020,3,PTTP,46,26,2021,2,7
59,4,2020,3,PTTP,48,1,2021,2,1
59,4,2020,3,PTTP,48,8,2020,3,1
59,4,2020,3,PTTP,48,25,2020,4,3
59,4,2020,3,PTTP,48,25,2021,1,3
59,4,2020,3,PTTP,48,25,2021,2,1
59,4,2020,3,PTTP,48,25,2021,4,1
59,4,2020,3,PTTP,48,25,2023,1,1
59,4,2020,3,PTTP,48,26,2020,4,4
59,4,2020,3,PTTP,48,26,2021,1,5
59,4,2020,3,PTTP,48,26,2021,2,2
59,4,2020,3,PTTP,48,26,2022,1,1
59,4,2020,3,PTTP,48,27,2021,1,1
59,4,2020,3,PTTP,50,25,2020,4,4
59,4,2020,3,PTTP,50,25,2021,1,6
59,4,2020,3,PTTP,50,25,2021,2,2
59,4,2020,3,PTTP,50,25,2021,3,1
59,4,2020,3,PTTP,50,25,2022,1,1
59,4,2020,3,PTTP,50,25,2022,4,1
59,4,2020,3,PTTP,50,26,2020,4,3
59,4,2020,3,PTTP,50,26,2021,1,2
59,4,2020,3,PTTP,50,26,2021,2,1
59,4,2020,3,PTTP,50,26,2021,3,1
59,4,2020,3,PTTP,50,27,2021,2,1
59,4,2020,3,PTTP,50,28,2022,4,1
59,4,2020,3,PTTP,52,25,2020,4,8
59,4,2020,3,PTTP,52,25,2021,1,1
59,4,2020,3,PTTP,52,25,2021,2,1
59,4,2020,3,PTTP,52,25,2022,4,1
59,4,2020,3,PTTP,52,26,2020,4,2
59,4,2020,3,PTTP,52,26,2021,1,7
59,4,2020,3,PTTP,52,26,2021,2,3
59,4,2020,3,PTTP,52,26,2021,3,1
59,4,2020,3,PTTP,52,26,2021,4,1
59,4,2020,3,PTTP,54,25,2020,4,3
59,4,2020,3,PTTP,54,25,2021,1,4
59,4,2020,3,PTTP,54,25,2021,2,1
59,4,2020,3,PTTP,54,25,2024,3,1
59,4,2020,3,PTTP,54,26,2020,4,2
59,4,2020,3,PTTP,54,26,2021,1,8
59,4,2020,3,PTTP,54,26,2021,2,1
59,4,2020,3,PTTP,54,26,2021,4,1
59,4,2020,3,PTTP,54,27,2021,1,1
59,4,2020,3,PTTP,54,27,2021,2,1
59,4,2020,3,PTTP,54,27,2022,3,1
59,4,2020,3,PTTP,56,25,2020,3,1
59,4,2020,3,PTTP,56,25,2020,4,3
59,4,2020,3,PTTP,56,25,2021,1,1
59,4,2020,3,PTTP,56,25,2022,2,1
59,4,2020,3,PTTP,56,26,2020,4,2
59,4,2020,3,PTTP,56,26,2021,1,3
59,4,2020,3,PTTP,56,26,2021,2,3
59,4,2020,3,PTTP,58,25,2020,4,1
59,4,2020,3,PTTP,58,26,2020,4,1
59,4,2020,3,PTTP,58,26,2021,2,1
59,4,2020,3,PTTP,60,25,2020,4,1
59,4,2020,3,PTTP,60,26,2020,4,1
59,4,2020,3,PTTP,64,26,2020,4,2
59,4,2020,3,PTTP,64,26,2021,2,2
59,4,2020,3,PTTP,66,26,2021,2,1
59,4,2020,3,PTTP,68,26,2020,4,1
59,4,2020,3,PTTP,68,26,2021,1,1
59,4,2020,3,PTTP,68,26,2021,2,2
59,4,2020,3,PTTP,70,26,2021,1,1
59,4,2020,3,PTTP,72,8,2020,3,1
59,4,2020,3,PTTP,72,25,2021,1,1
59,4,2020,3,PTTP,74,25,2021,1,1
59,4,2020,3,PTTP,74,26,2021,3,1
59,4,2020,3,PTTP,76,25,2020,4,1
59,4,2020,3,PTTP,76,26,2020,4,1
59,4,2020,3,PTTP,76,26,2021,2,1
59,4,2020,3,PTTP,78,25,2021,1,1
59,4,2020,3,PTTP,78,26,2021,1,2
59,4,2020,3,PTTP,80,26,2020,4,3
59,4,2020,3,PTTP,80,28,2022,4,1
59,4,2020,3,PTTP,82,25,2021,2,1
59,4,2020,3,PTTP,82,26,2020,4,1
59,4,2020,3,PTTP,82,26,2023,4,1
59,4,2020,3,PTTP,84,26,2021,2,1
59,4,2020,3,PTTP,86,26,2021,2,1
59,4,2020,3,PTTP,88,25,2020,3,1
59,4,2020,3,PTTP,88,25,2020,4,2
59,4,2020,3,PTTP,88,26,2021,1,2
59,4,2020,3,PTTP,90,26,2020,4,1
59,4,2020,3,PTTP,90,26,2021,1,1
59,4,2020,3,PTTP,92,26,2020,4,1
59,4,2020,3,PTTP,92,26,2021,1,4
59,4,2020,3,PTTP,92,26,2021,2,3
59,4,2020,3,PTTP,92,26,2022,1,1
59,4,2020,3,PTTP,94,26,2020,4,2
59,4,2020,3,PTTP,94,26,2021,1,2
59,4,2020,3,PTTP,94,26,2022,4,1
59,4,2020,3,PTTP,96,26,2021,1,1
59,4,2020,3,PTTP,98,26,2020,4,1
60,4,2021,3,PTTP,36,25,2021,3,1
60,4,2021,3,PTTP,36,25,2022,3,1
60,4,2021,3,PTTP,36,26,2021,4,1
60,4,2021,3,PTTP,38,25,2021,4,4
60,4,2021,3,PTTP,38,25,2022,2,1
60,4,2021,3,PTTP,38,25,2023,1,1
60,4,2021,3,PTTP,38,26,2021,4,1
60,4,2021,3,PTTP,38,26,2022,1,2
60,4,2021,3,PTTP,40,25,2021,3,1
60,4,2021,3,PTTP,40,25,2021,4,6
60,4,2021,3,PTTP,40,25,2022,1,3
60,4,2021,3,PTTP,40,25,2022,2,2
60,4,2021,3,PTTP,40,25,2022,3,2
60,4,2021,3,PTTP,40,26,2021,3,2
60,4,2021,3,PTTP,40,26,2021,4,3
60,4,2021,3,PTTP,40,26,2022,1,11
60,4,2021,3,PTTP,40,26,2022,2,1
60,4,2021,3,PTTP,40,26,2022,4,2
60,4,2021,3,PTTP,40,26,2023,1,1
60,4,2021,3,PTTP,40,27,2021,4,1
60,4,2021,3,PTTP,40,27,2022,1,1
60,4,2021,3,PTTP,40,27,2023,3,1
60,4,2021,3,PTTP,42,25,2021,4,3
60,4,2021,3,PTTP,42,25,2022,1,2
60,4,2021,3,PTTP,42,26,2021,4,3
60,4,2021,3,PTTP,42,26,2022,1,6
60,4,2021,3,PTTP,42,26,2022,2,3
60,4,2021,3,PTTP,42,27,2021,4,1
60,4,2021,3,PTTP,44,25,2021,4,1
60,4,2021,3,PTTP,44,26,2021,4,1
60,4,2021,3,PTTP,46,25,2021,3,7
60,4,2021,3,PTTP,46,25,2021,4,5
60,4,2021,3,PTTP,46,26,2021,3,1
60,4,2021,3,PTTP,46,26,2021,4,2
60,4,2021,3,PTTP,46,26,2022,2,1
60,4,2021,3,PTTP,48,25,2021,3,8
60,4,2021,3,PTTP,48,25,2021,4,7
60,4,2021,3,PTTP,48,25,2022,1,2
60,4,2021,3,PTTP,48,25,2023,1,1
60,4,2021,3,PTTP,48,26,2021,3,1
60,4,2021,3,PTTP,48,26,2021,4,6
60,4,2021,3,PTTP,48,26,2022,1,2
60,4,2021,3,PTTP,48,26,2022,2,1
60,4,2021,3,PTTP,48,26,2022,4,1
60,4,2021,3,PTTP,50,25,2021,3,13
60,4,2021,3,PTTP,50,25,2021,4,5
60,4,2021,3,PTTP,50,25,2022,3,1
60,4,2021,3,PTTP,50,25,2023,1,1
60,4,2021,3,PTTP,50,26,2021,3,6
60,4,2021,3,PTTP,50,26,2021,4,4
60,4,2021,3,PTTP,50,26,2022,1,2
60,4,2021,3,PTTP,50,26,2022,2,2
60,4,2021,3,PTTP,52,25,2021,3,9
60,4,2021,3,PTTP,52,25,2021,4,15
60,4,2021,3,PTTP,52,25,2022,1,4
60,4,2021,3,PTTP,52,25,2022,2,1
60,4,2021,3,PTTP,52,25,2022,4,1
60,4,2021,3,PTTP,52,25,2023,1,1
60,4,2021,3,PTTP,52,26,2021,3,20
60,4,2021,3,PTTP,52,26,2021,4,9
60,4,2021,3,PTTP,52,26,2022,1,15
60,4,2021,3,PTTP,52,26,2022,2,4
60,4,2021,3,PTTP,52,26,2022,3,2
60,4,2021,3,PTTP,52,26,2022,4,1
60,4,2021,3,PTTP,52,28,2022,4,2
60,4,2021,3,PTTP,54,25,2021,3,9
60,4,2021,3,PTTP,54,25,2021,4,22
60,4,2021,3,PTTP,54,25,2022,1,6
60,4,2021,3,PTTP,54,25,2022,2,2
60,4,2021,3,PTTP,54,25,2022,3,2
60,4,2021,3,PTTP,54,26,2021,3,12
60,4,2021,3,PTTP,54,26,2021,4,19
60,4,2021,3,PTTP,54,26,2022,1,19
60,4,2021,3,PTTP,54,26,2022,2,7
60,4,2021,3,PTTP,54,26,2022,4,1
60,4,2021,3,PTTP,54,27,2022,1,4
60,4,2021,3,PTTP,56,25,2021,3,14
60,4,2021,3,PTTP,56,25,2021,4,18
60,4,2021,3,PTTP,56,25,2022,1,8
60,4,2021,3,PTTP,56,25,2022,2,2
60,4,2021,3,PTTP,56,25,2022,3,1
60,4,2021,3,PTTP,56,25,2023,1,1
60,4,2021,3,PTTP,56,26,2021,3,14
60,4,2021,3,PTTP,56,26,2021,4,10
60,4,2021,3,PTTP,56,26,2022,1,15
60,4,2021,3,PTTP,56,26,2022,2,5
60,4,2021,3,PTTP,56,26,2022,4,2
60,4,2021,3,PTTP,56,26,2023,1,1
60,4,2021,3,PTTP,56,27,2022,3,1
60,4,2021,3,PTTP,56,28,2022,4,1
60,4,2021,3,PTTP,58,25,2021,3,5
60,4,2021,3,PTTP,58,25,2021,4,14
60,4,2021,3,PTTP,58,25,2022,1,6
60,4,2021,3,PTTP,58,25,2022,3,2
60,4,2021,3,PTTP,58,25,2023,1,1
60,4,2021,3,PTTP,58,25,2023,2,1
60,4,2021,3,PTTP,58,25,2023,4,1
60,4,2021,3,PTTP,58,25,2024,3,1
60,4,2021,3,PTTP,58,26,2021,3,1
60,4,2021,3,PTTP,58,26,2021,4,7
60,4,2021,3,PTTP,58,26,2022,1,17
60,4,2021,3,PTTP,58,26,2022,2,9
60,4,2021,3,PTTP,58,27,2022,1,1
60,4,2021,3,PTTP,58,28,2022,4,1
60,4,2021,3,PTTP,60,25,2021,3,7
60,4,2021,3,PTTP,60,25,2021,4,8
60,4,2021,3,PTTP,60,25,2022,1,3
60,4,2021,3,PTTP,60,25,2022,2,2
60,4,2021,3,PTTP,60,25,2022,3,1
60,4,2021,3,PTTP,60,25,2022,4,1
60,4,2021,3,PTTP,60,26,2021,3,7
60,4,2021,3,PTTP,60,26,2021,4,11
60,4,2021,3,PTTP,60,26,2022,1,22
60,4,2021,3,PTTP,60,26,2022,2,7
60,4,2021,3,PTTP,60,26,2022,4,1
60,4,2021,3,PTTP,60,27,2022,1,2
60,4,2021,3,PTTP,62,25,2021,3,8
60,4,2021,3,PTTP,62,25,2021,4,17
60,4,2021,3,PTTP,62,25,2022,1,4
60,4,2021,3,PTTP,62,25,2022,2,2
60,4,2021,3,PTTP,62,25,2023,1,2
60,4,2021,3,PTTP,62,26,2021,3,9
60,4,2021,3,PTTP,62,26,2021,4,30
60,4,2021,3,PTTP,62,26,2022,1,48
60,4,2021,3,PTTP,62,26,2022,2,14
60,4,2021,3,PTTP,62,26,2022,4,5
60,4,2021,3,PTTP,62,27,2022,1,3
60,4,2021,3,PTTP,64,8,2021,3,2
60,4,2021,3,PTTP,64,8,2022,2,1
60,4,2021,3,PTTP,64,25,2021,3,7
60,4,2021,3,PTTP,64,25,2021,4,20
60,4,2021,3,PTTP,64,25,2022,1,2
60,4,2021,3,PTTP,64,25,2022,2,4
60,4,2021,3,PTTP,64,25,2022,3,1
60,4,2021,3,PTTP,64,25,2022,4,1
60,4,2021,3,PTTP,64,25,2023,1,2
60,4,2021,3,PTTP,64,25,2023,4,1
60,4,2021,3,PTTP,64,26,2021,3,4
60,4,2021,3,PTTP,64,26,2021,4,23
60,4,2021,3,PTTP,64,26,2022,1,54
60,4,2021,3,PTTP,64,26,2022,2,22
60,4,2021,3,PTTP,64,26,2022,4,2
60,4,2021,3,PTTP,64,26,2023,4,1
60,4,2021,3,PTTP,64,27,2023,3,1
60,4,2021,3,PTTP,64,28,2022,4,2
60,4,2021,3,PTTP,64,28,2023,1,1
60,4,2021,3,PTTP,66,9,2024,4,1
60,4,2021,3,PTTP,66,25,2021,3,4
60,4,2021,3,PTTP,66,25,2021,4,10
60,4,2021,3,PTTP,66,25,2022,1,4
60,4,2021,3,PTTP,66,25,2022,2,1
60,4,2021,3,PTTP,66,25,2022,3,2
60,4,2021,3,PTTP,66,25,2022,4,2
60,4,2021,3,PTTP,66,25,2023,1,1
60,4,2021,3,PTTP,66,26,2021,3,1
60,4,2021,3,PTTP,66,26,2021,4,25
60,4,2021,3,PTTP,66,26,2022,1,38
60,4,2021,3,PTTP,66,26,2022,2,7
60,4,2021,3,PTTP,66,26,2022,4,3
60,4,2021,3,PTTP,66,27,2022,1,2
60,4,2021,3,PTTP,68,25,2021,3,2
60,4,2021,3,PTTP,68,25,2021,4,3
60,4,2021,3,PTTP,68,25,2022,2,1
60,4,2021,3,PTTP,68,25,2023,3,1
60,4,2021,3,PTTP,68,26,2021,3,3
60,4,2021,3,PTTP,68,26,2021,4,14
60,4,2021,3,PTTP,68,26,2022,1,19
60,4,2021,3,PTTP,68,26,2022,2,5
60,4,2021,3,PTTP,68,26,2022,4,1
60,4,2021,3,PTTP,68,27,2022,1,1
60,4,2021,3,PTTP,68,28,2021,3,1
60,4,2021,3,PTTP,70,25,2021,3,1
60,4,2021,3,PTTP,70,25,2021,4,2
60,4,2021,3,PTTP,70,26,2021,4,5
60,4,2021,3,PTTP,70,26,2022,1,10
60,4,2021,3,PTTP,70,26,2022,2,2
60,4,2021,3,PTTP,70,26,2023,1,1
60,4,2021,3,PTTP,72,25,2021,3,1
60,4,2021,3,PTTP,72,25,2021,4,3
60,4,2021,3,PTTP,72,26,2021,3,1
60,4,2021,3,PTTP,72,26,2021,4,2
60,4,2021,3,PTTP,72,26,2022,1,3
60,4,2021,3,PTTP,72,26,2022,2,1
60,4,2021,3,PTTP,74,8,2021,3,1
60,4,2021,3,PTTP,74,25,2021,4,2
60,4,2021,3,PTTP,74,26,2021,4,2
60,4,2021,3,PTTP,74,26,2022,1,5
60,4,2021,3,PTTP,76,26,2021,4,1
60,4,2021,3,PTTP,76,26,2022,1,1
60,4,2021,3,PTTP,78,26,2021,4,1
60,4,2021,3,PTTP,78,26,2022,1,1
60,4,2021,3,PTTP,80,26,2021,4,1
60,4,2021,3,PTTP,86,26,2022,1,1
60,4,2021,3,PTTP,92,26,2021,4,1
61,5,2009,1,PTTP,38,25,2009,3,1
61,5,2009,1,PTTP,40,25,2010,1,1
61,5,2009,1,PTTP,44,25,2010,2,1
61,5,2009,1,PTTP,46,25,2009,4,1
61,5,2009,1,PTTP,46,25,2011,2,1
61,5,2009,1,PTTP,48,25,2009,4,1
61,5,2009,1,PTTP,64,25,2009,4,1
62,1,2000,2,JPTP,32,12,2000,2,1
62,1,2000,2,JPTP,42,13,2000,2,1
62,1,2000,2,JPTP,42,13,2000,3,3
62,1,2000,2,JPTP,42,13,2000,4,1
62,1,2000,2,JPTP,44,1,2000,2,1
62,1,2000,2,JPTP,44,12,2000,4,1
62,1,2000,2,JPTP,44,13,2000,2,5
62,1,2000,2,JPTP,44,13,2000,3,3
62,1,2000,2,JPTP,44,13,2000,4,1
62,1,2000,2,JPTP,46,1,2000,4,1
62,1,2000,2,JPTP,46,12,2000,2,3
62,1,2000,2,JPTP,46,12,2000,3,1
62,1,2000,2,JPTP,46,13,2000,2,12
62,1,2000,2,JPTP,46,13,2000,3,4
62,1,2000,2,JPTP,48,12,2000,3,2
62,1,2000,2,JPTP,48,13,2000,2,6
62,1,2000,2,JPTP,50,12,2000,2,2
62,1,2000,2,JPTP,50,13,2000,2,10
62,1,2000,2,JPTP,50,13,2000,3,4
62,1,2000,2,JPTP,52,12,2000,4,1
62,1,2000,2,JPTP,52,13,2000,2,13
62,1,2000,2,JPTP,52,13,2000,3,1
62,1,2000,2,JPTP,54,12,2001,2,1
62,1,2000,2,JPTP,54,13,2000,2,1
62,1,2000,2,JPTP,54,13,2001,2,1
62,1,2000,2,JPTP,56,13,2000,2,1
62,1,2000,2,JPTP,60,13,2000,2,1
62,1,2000,2,JPTP,66,13,2000,2,1
62,1,2000,2,JPTP,68,13,2000,3,1
63,1,2000,4,JPTP,52,13,2001,4,1
63,1,2000,4,JPTP,54,12,2000,4,2
63,1,2000,4,JPTP,56,12,2000,4,2
63,1,2000,4,JPTP,56,13,2000,4,1
63,1,2000,4,JPTP,58,12,2000,4,2
63,1,2000,4,JPTP,62,13,2000,4,1
63,1,2000,4,JPTP,68,12,2001,4,1
64,1,2001,2,JPTP,44,13,2001,2,1
64,1,2001,2,JPTP,46,13,2001,2,1
64,1,2001,2,JPTP,46,13,2001,4,1
64,1,2001,2,JPTP,48,12,2001,3,2
64,1,2001,2,JPTP,48,12,2002,4,1
64,1,2001,2,JPTP,48,13,2001,2,1
64,1,2001,2,JPTP,48,13,2002,1,1
64,1,2001,2,JPTP,50,12,2001,2,1
64,1,2001,2,JPTP,50,13,2001,2,1
64,1,2001,2,JPTP,50,13,2002,1,1
64,1,2001,2,JPTP,52,1,2001,4,1
64,1,2001,2,JPTP,52,13,2001,2,1
64,1,2001,2,JPTP,54,13,2001,3,1
64,1,2001,2,JPTP,54,13,2001,4,1
64,1,2001,2,JPTP,56,12,2001,3,1
64,1,2001,2,JPTP,58,13,2001,2,1
64,1,2001,2,JPTP,70,12,2001,2,1
65,1,2001,3,JPTP,50,12,2002,4,1
65,1,2001,3,JPTP,54,4,2005,2,1
65,1,2001,3,JPTP,54,12,2001,3,1
65,1,2001,3,JPTP,56,13,2001,4,1
65,1,2001,3,JPTP,58,13,2002,2,1
65,1,2001,3,JPTP,60,12,2001,4,1
65,1,2001,3,JPTP,60,12,2003,4,1
65,1,2001,3,JPTP,60,13,2001,4,3
65,1,2001,3,JPTP,62,12,2001,4,1
65,1,2001,3,JPTP,62,13,2001,4,1
65,1,2001,3,JPTP,66,12,2002,1,1
66,1,2001,4,JPTP,30,13,2001,4,1
66,1,2001,4,JPTP,32,13,2002,1,1
66,1,2001,4,JPTP,62,12,2001,4,1
67,1,2002,2,JPTP,48,12,2002,3,1
67,1,2002,2,JPTP,50,12,2004,2,1
67,1,2002,2,JPTP,50,13,2004,2,1
67,1,2002,2,JPTP,52,12,2002,2,1
67,1,2002,2,JPTP,52,12,2003,2,1
67,1,2002,2,JPTP,52,13,2002,2,1
67,1,2002,2,JPTP,52,13,2002,3,1
67,1,2002,2,JPTP,54,12,2002,4,1
67,1,2002,2,JPTP,54,13,2002,2,1
67,1,2002,2,JPTP,54,13,2002,3,1
68,1,2003,1,JPTP,40,13,2003,2,1
68,1,2003,1,JPTP,48,13,2003,2,1
68,1,2003,1,JPTP,50,12,2003,2,1
68,1,2003,1,JPTP,50,13,2003,2,1
68,1,2003,1,JPTP,52,12,2003,2,1
68,1,2003,1,JPTP,54,12,2003,2,1
68,1,2003,1,JPTP,54,13,2003,2,2
68,1,2003,1,JPTP,56,13,2003,2,3
68,1,2003,1,JPTP,58,13,2003,2,1
68,1,2003,1,JPTP,70,13,2003,2,1
69,1,2003,2,JPTP,50,12,2003,2,1
69,1,2003,2,JPTP,50,13,2003,2,1
69,1,2003,2,JPTP,52,1,2005,1,1
69,1,2003,2,JPTP,54,1,2004,1,1
69,1,2003,2,JPTP,54,12,2003,2,1
69,1,2003,2,JPTP,54,13,2003,2,5
69,1,2003,2,JPTP,54,13,2004,4,1
69,1,2003,2,JPTP,56,12,2003,3,1
69,1,2003,2,JPTP,56,13,2003,2,1
69,1,2003,2,JPTP,58,13,2003,2,1
69,1,2003,2,JPTP,60,13,2003,2,1
69,1,2003,2,JPTP,98,1,2003,4,1
70,1,2003,4,JPTP,38,12,2004,3,1
70,1,2003,4,JPTP,60,12,2003,4,1
70,1,2003,4,JPTP,62,12,2004,1,1
70,1,2003,4,JPTP,70,12,2004,3,1
71,1,2004,1,JPTP,50,1,2004,2,1
71,1,2004,1,JPTP,50,12,2004,2,1
71,1,2004,1,JPTP,50,12,2005,1,1
71,1,2004,1,JPTP,50,12,2005,2,1
72,1,2004,2,JPTP,42,1,2007,1,1
72,1,2004,2,JPTP,48,1,2010,1,1
72,1,2004,2,JPTP,50,1,2008,4,1
72,1,2004,2,JPTP,50,12,2004,2,1
72,1,2004,2,JPTP,52,1,2006,3,1
72,1,2004,2,JPTP,52,12,2004,2,1
72,1,2004,2,JPTP,52,12,2006,2,1
72,1,2004,2,JPTP,52,13,2005,2,1
72,1,2004,2,JPTP,56,12,2004,2,1
74,1,2004,4,JPTP,44,12,2005,3,1
74,1,2004,4,JPTP,48,13,2005,2,1
74,1,2004,4,JPTP,56,13,2005,2,1
74,1,2004,4,JPTP,120,1,2009,2,1
76,1,2005,2,JPTP,50,12,2005,3,1
76,1,2005,2,JPTP,52,12,2006,2,1
76,1,2005,2,JPTP,52,13,2005,4,1
76,1,2005,2,JPTP,54,12,2005,3,1
76,1,2005,2,JPTP,58,13,2006,2,1
76,1,2005,2,JPTP,60,12,2005,3,2
77,1,2005,3,JPTP,30,12,2006,1,1
77,1,2005,3,JPTP,54,12,2006,2,1
77,1,2005,3,JPTP,58,1,2006,4,1
78,1,2005,4,JPTP,34,12,2006,1,1
78,1,2005,4,JPTP,64,13,2005,4,1
78,1,2005,4,JPTP,66,13,2005,4,2
78,1,2005,4,JPTP,68,13,2005,4,1
78,1,2005,4,JPTP,72,13,2005,4,1
79,1,2006,2,JPTP,46,13,2007,2,1
79,1,2006,2,JPTP,50,12,2011,3,1
79,1,2006,2,JPTP,52,1,2008,2,1
79,1,2006,2,JPTP,52,4,2010,1,1
79,1,2006,2,JPTP,52,12,2006,3,1
79,1,2006,2,JPTP,120,13,2007,2,1
80,1,2006,3,JPTP,54,13,2006,4,1
80,1,2006,3,JPTP,56,12,2006,4,1
80,1,2006,3,JPTP,60,13,2007,2,1
80,1,2006,3,JPTP,64,13,2007,2,1
82,1,2007,2,JPTP,30,12,2007,2,1
82,1,2007,2,JPTP,48,12,2007,2,1
82,1,2007,2,JPTP,50,12,2007,2,4
82,1,2007,2,JPTP,50,12,2007,3,1
82,1,2007,2,JPTP,52,12,2007,2,3
82,1,2007,2,JPTP,54,1,2010,1,1
82,1,2007,2,JPTP,54,12,2007,2,5
82,1,2007,2,JPTP,56,12,2007,2,7
82,1,2007,2,JPTP,56,12,2008,2,1
82,1,2007,2,JPTP,58,12,2007,2,2
82,1,2007,2,JPTP,60,12,2007,2,1
82,1,2007,2,JPTP,70,12,2007,2,3
82,1,2007,2,JPTP,72,1,2008,2,1
82,1,2007,2,JPTP,72,12,2007,2,4
82,1,2007,2,JPTP,72,12,2007,3,1
82,1,2007,2,JPTP,74,12,2007,2,2
82,1,2007,2,JPTP,74,12,2007,3,1
82,1,2007,2,JPTP,76,12,2007,2,1
82,1,2007,2,JPTP,78,12,2007,2,1
82,1,2007,2,JPTP,80,12,2007,2,1
82,1,2007,2,JPTP,104,12,2007,2,1
83,1,2007,3,JPTP,50,12,2008,2,1
83,1,2007,3,JPTP,52,12,2007,3,1
83,1,2007,3,JPTP,54,1,2007,4,1
83,1,2007,3,JPTP,54,12,2007,3,3
83,1,2007,3,JPTP,54,12,2008,1,1
83,1,2007,3,JPTP,56,12,2007,3,3
83,1,2007,3,JPTP,58,12,2007,3,1
83,1,2007,3,JPTP,58,13,2007,3,1
83,1,2007,3,JPTP,60,12,2007,3,1
83,1,2007,3,JPTP,72,12,2007,3,1
84,1,2008,2,JPTP,46,13,2008,3,1
84,1,2008,2,JPTP,48,1,2009,3,1
84,1,2008,2,JPTP,48,13,2008,3,2
84,1,2008,2,JPTP,48,13,2009,3,1
84,1,2008,2,JPTP,54,13,2010,2,1
84,1,2008,2,JPTP,58,1,2011,1,1
85,1,2008,3,JPTP,34,13,2009,1,1
85,1,2008,3,JPTP,48,1,2009,4,1
85,1,2008,3,JPTP,50,12,2008,3,1
85,1,2008,3,JPTP,52,12,2008,3,1
85,1,2008,3,JPTP,54,1,2009,4,2
85,1,2008,3,JPTP,54,4,2009,3,1
85,1,2008,3,JPTP,54,12,2008,3,2
85,1,2008,3,JPTP,54,12,2008,4,1
85,1,2008,3,JPTP,54,12,2009,2,1
85,1,2008,3,JPTP,54,13,2009,2,1
85,1,2008,3,JPTP,56,1,2009,4,1
85,1,2008,3,JPTP,56,1,2010,1,1
85,1,2008,3,JPTP,56,1,2010,4,1
85,1,2008,3,JPTP,56,1,2014,4,1
85,1,2008,3,JPTP,56,4,2009,4,1
85,1,2008,3,JPTP,56,12,2008,3,9
85,1,2008,3,JPTP,56,12,2008,4,1
85,1,2008,3,JPTP,56,12,2009,3,1
85,1,2008,3,JPTP,56,12,2010,4,1
85,1,2008,3,JPTP,56,13,2008,3,4
85,1,2008,3,JPTP,58,1,2009,4,2
85,1,2008,3,JPTP,58,12,2008,3,3
85,1,2008,3,JPTP,58,13,2008,3,1
85,1,2008,3,JPTP,58,13,2009,2,1
85,1,2008,3,JPTP,58,13,2010,2,1
85,1,2008,3,JPTP,60,1,2008,4,1
85,1,2008,3,JPTP,60,1,2009,4,1
85,1,2008,3,JPTP,60,1,2010,3,1
85,1,2008,3,JPTP,60,1,2015,2,1
85,1,2008,3,JPTP,60,12,2008,3,3
85,1,2008,3,JPTP,60,13,2008,3,1
85,1,2008,3,JPTP,60,13,2009,3,1
85,1,2008,3,JPTP,62,1,2009,1,1
85,1,2008,3,JPTP,62,1,2010,4,1
85,1,2008,3,JPTP,62,1,2011,1,1
85,1,2008,3,JPTP,62,12,2008,3,3
85,1,2008,3,JPTP,62,13,2008,3,1
85,1,2008,3,JPTP,64,1,2009,2,1
85,1,2008,3,JPTP,64,1,2009,3,3
85,1,2008,3,JPTP,64,12,2008,3,2
85,1,2008,3,JPTP,66,12,2008,3,3
85,1,2008,3,JPTP,66,13,2009,2,1
85,1,2008,3,JPTP,68,9,2010,1,1
85,1,2008,3,JPTP,68,13,2008,3,1
85,1,2008,3,JPTP,76,1,2010,4,1
85,1,2008,3,JPTP,78,1,2009,1,1
85,1,2008,3,JPTP,78,12,2008,3,1
85,1,2008,3,JPTP,80,1,2009,4,1
85,1,2008,3,JPTP,82,1,2008,4,1
85,1,2008,3,JPTP,82,12,2008,4,1
86,1,2008,4,JPTP,136,2,2009,4,1
87,1,2009,2,JPTP,48,13,2009,2,1
87,1,2009,2,JPTP,50,2,2013,1,1
87,1,2009,2,JPTP,52,1,2010,4,1
87,1,2009,2,JPTP,54,1,2010,2,1
87,1,2009,2,JPTP,58,1,2011,4,1
87,1,2009,2,JPTP,62,2,2011,1,1
88,1,2009,3,JPTP,48,12,2009,4,1
88,1,2009,3,JPTP,48,13,2009,3,1
88,1,2009,3,JPTP,50,12,2009,3,2
88,1,2009,3,JPTP,50,12,2009,4,2
88,1,2009,3,JPTP,50,13,2009,3,1
88,1,2009,3,JPTP,52,1,2010,4,1
88,1,2009,3,JPTP,52,2,2011,4,1
88,1,2009,3,JPTP,52,12,2009,3,3
88,1,2009,3,JPTP,52,12,2010,4,1
88,1,2009,3,JPTP,52,13,2010,1,1
88,1,2009,3,JPTP,52,13,2010,2,1
88,1,2009,3,JPTP,52,13,2010,3,1
88,1,2009,3,JPTP,54,1,2011,4,1
88,1,2009,3,JPTP,54,2,2011,2,1
88,1,2009,3,JPTP,54,12,2009,3,6
88,1,2009,3,JPTP,54,12,2009,4,1
88,1,2009,3,JPTP,54,12,2010,1,1
88,1,2009,3,JPTP,54,13,2011,2,1
88,1,2009,3,JPTP,56,1,2010,2,1
88,1,2009,3,JPTP,56,1,2013,4,1
88,1,2009,3,JPTP,56,12,2009,3,4
88,1,2009,3,JPTP,56,13,2009,4,1
88,1,2009,3,JPTP,56,13,2010,2,1
88,1,2009,3,JPTP,58,13,2010,2,1
88,1,2009,3,JPTP,60,1,2011,1,1
88,1,2009,3,JPTP,64,12,2010,2,1
89,1,2010,2,JPTP,54,12,2011,2,1
89,1,2010,2,JPTP,56,12,2011,2,1
89,1,2010,2,JPTP,62,13,2011,3,1
89,1,2010,2,JPTP,68,1,2011,2,1
89,1,2010,2,JPTP,72,1,2010,4,1
90,1,2010,3,JPTP,50,12,2010,3,1
90,1,2010,3,JPTP,52,13,2011,3,1
90,1,2010,3,JPTP,54,1,2011,4,1
90,1,2010,3,JPTP,54,1,2013,1,1
90,1,2010,3,JPTP,54,12,2010,3,1
90,1,2010,3,JPTP,54,13,2010,3,1
90,1,2010,3,JPTP,54,13,2011,2,3
90,1,2010,3,JPTP,56,1,2011,1,1
90,1,2010,3,JPTP,56,12,2011,2,1
90,1,2010,3,JPTP,56,12,2011,3,1
90,1,2010,3,JPTP,56,13,2011,3,1
90,1,2010,3,JPTP,56,13,2012,1,1
90,1,2010,3,JPTP,56,13,2012,3,1
90,1,2010,3,JPTP,58,12,2012,2,1
90,1,2010,3,JPTP,58,13,2011,3,1
90,1,2010,3,JPTP,62,1,2012,1,1
90,1,2010,3,JPTP,66,1,2011,1,1
90,1,2010,3,JPTP,72,12,2010,3,1
90,1,2010,3,JPTP,76,1,2012,4,1
90,1,2010,3,JPTP,76,12,2011,2,1
90,1,2010,3,JPTP,76,12,2011,3,1
90,1,2010,3,JPTP,76,13,2011,2,1
92,1,2012,1,JPTP,42,12,2015,2,1
92,1,2012,1,JPTP,42,13,2012,2,1
92,1,2012,1,JPTP,46,13,2012,4,1
92,1,2012,1,JPTP,48,13,2012,2,2
93,1,2012,2,JPTP,46,13,2012,2,1
93,1,2012,2,JPTP,46,13,2012,3,1
93,1,2012,2,JPTP,46,13,2013,2,1
93,1,2012,2,JPTP,48,13,2013,2,2
93,1,2012,2,JPTP,50,12,2012,3,1
94,1,2014,2,JPTP,48,12,2014,3,1
94,1,2014,2,JPTP,54,12,2014,3,1
95,1,2017,1,JPTP,52,13,2017,3,1
98,3,2005,3,JPTP,34,27,2005,3,1
98,3,2005,3,JPTP,36,27,2005,3,1
98,3,2005,3,JPTP,38,27,2005,3,6
98,3,2005,3,JPTP,40,27,2005,3,2
98,3,2005,3,JPTP,42,27,2005,3,1
98,3,2005,3,JPTP,44,27,2005,3,1
98,3,2005,3,JPTP,54,27,2005,3,3
98,3,2005,3,JPTP,58,27,2005,3,1
98,3,2005,3,JPTP,60,27,2005,3,1
98,3,2005,3,JPTP,80,27,2005,3,1
