year,season,area,sb
1952,1,1,453400
1953,1,1,446980
1954,1,1,440620
1955,1,1,440800
1956,1,1,439950
1957,1,1,459070
1958,1,1,429990
1959,1,1,359510
1960,1,1,299780
1961,1,1,311700
1962,1,1,298430
1963,1,1,279380
1964,1,1,255580
1965,1,1,247250
1966,1,1,257670
1967,1,1,253090
1968,1,1,232140
1969,1,1,236970
1970,1,1,233430
1971,1,1,210820
1972,1,1,196270
1973,1,1,170230
1974,1,1,148070
1975,1,1,135310
1976,1,1,116000
1977,1,1,103100
1978,1,1,119790
1979,1,1,115510
1980,1,1,115680
1981,1,1,106710
1982,1,1,95810
1983,1,1,94238
1984,1,1,98434
1985,1,1,105370
1986,1,1,103040
1987,1,1,94418
1988,1,1,91861
1989,1,1,80740
1990,1,1,80174
1991,1,1,88819
1992,1,1,84770
1993,1,1,79917
1994,1,1,66039
1995,1,1,64639
1996,1,1,56319
1997,1,1,54097
1998,1,1,54899
1999,1,1,56239
2000,1,1,51647
2001,1,1,49377
2002,1,1,54681
2003,1,1,66355
2004,1,1,61713
2005,1,1,64941
2006,1,1,56969
2007,1,1,57669
2008,1,1,51095
2009,1,1,46247
2010,1,1,47165
2011,1,1,47843
2012,1,1,51260
2013,1,1,48559
2014,1,1,50008
2015,1,1,64920
2016,1,1,70401
2017,1,1,67666
2018,1,1,68836
2019,1,1,82067
2020,1,1,92687
2021,1,1,91064
2022,1,1,79636
2023,1,1,72337
2024,1,1,56199
1952,2,1,457750
1953,2,1,444600
1954,2,1,442800
1955,2,1,442600
1956,2,1,445040
1957,2,1,459180
1958,2,1,412490
1959,2,1,340200
1960,2,1,290080
1961,2,1,313210
1962,2,1,290380
1963,2,1,271830
1964,2,1,251360
1965,2,1,250840
1966,2,1,260070
1967,2,1,249000
1968,2,1,231340
1969,2,1,239870
1970,2,1,228260
1971,2,1,207070
1972,2,1,193710
1973,2,1,161460
1974,2,1,146570
1975,2,1,131520
1976,2,1,110890
1977,2,1,107950
1978,2,1,119780
1979,2,1,114770
1980,2,1,114460
1981,2,1,102890
1982,2,1,94699
1983,2,1,94389
1984,2,1,100530
1985,2,1,106380
1986,2,1,100120
1987,2,1,93368
1988,2,1,88006
1989,2,1,77353
1990,2,1,82472
1991,2,1,87042
1992,2,1,84142
1993,2,1,75093
1994,2,1,64064
1995,2,1,63212
1996,2,1,55189
1997,2,1,55721
1998,2,1,56145
1999,2,1,56721
2000,2,1,51737
2001,2,1,49623
2002,2,1,59602
2003,2,1,65777
2004,2,1,63491
2005,2,1,62123
2006,2,1,58107
2007,2,1,57133
2008,2,1,48981
2009,2,1,47323
2010,2,1,48164
2011,2,1,48765
2012,2,1,51291
2013,2,1,47604
2014,2,1,53814
2015,2,1,67340
2016,2,1,70747
2017,2,1,67293
2018,2,1,71016
2019,2,1,85910
2020,2,1,93274
2021,2,1,86032
2022,2,1,77418
2023,2,1,68650
2024,2,1,46664
1952,3,1,437140
1953,3,1,426380
1954,3,1,424230
1955,3,1,425220
1956,3,1,434380
1957,3,1,436970
1958,3,1,380820
1959,3,1,314370
1960,3,1,283470
1961,3,1,298520
1962,3,1,272840
1963,3,1,255680
1964,3,1,237450
1965,3,1,244140
1966,3,1,249600
1967,3,1,234320
1968,3,1,223110
1969,3,1,232040
1970,3,1,213930
1971,3,1,196030
1972,3,1,181440
1973,3,1,148830
1974,3,1,137880
1975,3,1,122510
1976,3,1,102440
1977,3,1,109220
1978,3,1,113540
1979,3,1,110370
1980,3,1,107880
1981,3,1,94842
1982,3,1,90469
1983,3,1,91240
1984,3,1,98806
1985,3,1,101580
1986,3,1,93187
1987,3,1,89016
1988,3,1,82482
1989,3,1,73667
1990,3,1,81961
1991,3,1,82823
1992,3,1,80744
1993,3,1,69173
1994,3,1,62032
1995,3,1,58897
1996,3,1,52359
1997,3,1,54459
1998,3,1,54448
1999,3,1,53025
2000,3,1,49321
2001,3,1,48183
2002,3,1,60236
2003,3,1,61786
2004,3,1,62232
2005,3,1,57936
2006,3,1,56316
2007,3,1,53720
2008,3,1,45766
2009,3,1,45603
2010,3,1,45938
2011,3,1,47453
2012,3,1,48654
2013,3,1,45815
2014,3,1,56045
2015,3,1,66114
2016,3,1,66299
2017,3,1,64720
2018,3,1,70435
2019,3,1,85152
2020,3,1,89043
2021,3,1,79811
2022,3,1,72446
2023,3,1,61764
2024,3,1,38466
1952,4,1,444720
1953,4,1,435050
1954,4,1,433530
1955,4,1,434410
1956,4,1,450850
1957,4,1,439180
1958,4,1,374670
1959,4,1,309600
1960,4,1,301080
1961,4,1,301160
1962,4,1,277660
1963,4,1,257980
1964,4,1,243140
1965,4,1,252610
1966,4,1,253330
1967,4,1,234900
1968,4,1,231020
1969,4,1,235910
1970,4,1,214690
1971,4,1,198140
1972,4,1,178770
1973,4,1,149190
1974,4,1,138150
1975,4,1,120880
1976,4,1,103000
1977,4,1,117410
1978,4,1,115780
1979,4,1,114620
1980,4,1,108800
1981,4,1,96382
1982,4,1,93390
1983,4,1,95843
1984,4,1,103650
1985,4,1,104190
1986,4,1,94870
1987,4,1,92472
1988,4,1,83193
1989,4,1,78037
1990,4,1,86865
1991,4,1,85034
1992,4,1,82328
1993,4,1,69034
1994,4,1,64377
1995,4,1,58969
1996,4,1,53791
1997,4,1,55791
1998,4,1,56827
1999,4,1,53188
2000,4,1,50321
2001,4,1,51789
2002,4,1,64647
2003,4,1,62399
2004,4,1,65815
2005,4,1,58379
2006,4,1,58995
2007,4,1,53616
2008,4,1,47206
2009,4,1,47506
2010,4,1,47184
2011,4,1,50388
2012,4,1,49779
2013,4,1,48406
2014,4,1,61809
2015,4,1,69925
2016,4,1,67930
2017,4,1,68132
2018,4,1,77487
2019,4,1,90995
2020,4,1,91953
2021,4,1,80650
2022,4,1,74009
2023,4,1,60050
2024,4,1,37135
1952,1,2,260470
1953,1,2,270150
1954,1,2,273660
1955,1,2,276970
1956,1,2,277760
1957,1,2,277680
1958,1,2,287470
1959,1,2,285030
1960,1,2,265040
1961,1,2,245430
1962,1,2,234930
1963,1,2,215440
1964,1,2,196840
1965,1,2,184880
1966,1,2,176170
1967,1,2,170740
1968,1,2,158280
1969,1,2,146200
1970,1,2,138640
1971,1,2,137090
1972,1,2,139810
1973,1,2,147570
1974,1,2,148770
1975,1,2,145860
1976,1,2,135720
1977,1,2,130350
1978,1,2,130550
1979,1,2,128600
1980,1,2,124440
1981,1,2,115690
1982,1,2,104790
1983,1,2,99983
1984,1,2,99460
1985,1,2,102920
1986,1,2,102040
1987,1,2,103410
1988,1,2,119140
1989,1,2,133320
1990,1,2,141470
1991,1,2,146750
1992,1,2,143110
1993,1,2,133160
1994,1,2,123730
1995,1,2,117830
1996,1,2,106470
1997,1,2,92626
1998,1,2,87959
1999,1,2,88980
2000,1,2,82617
2001,1,2,70712
2002,1,2,62652
2003,1,2,64174
2004,1,2,64103
2005,1,2,61460
2006,1,2,57999
2007,1,2,50460
2008,1,2,46437
2009,1,2,40001
2010,1,2,35645
2011,1,2,38830
2012,1,2,37674
2013,1,2,30278
2014,1,2,26791
2015,1,2,22359
2016,1,2,24682
2017,1,2,26019
2018,1,2,28873
2019,1,2,27851
2020,1,2,28700
2021,1,2,27514
2022,1,2,27300
2023,1,2,28906
2024,1,2,34251
1952,2,2,257740
1953,2,2,263570
1954,2,2,266360
1955,2,2,269830
1956,2,2,269140
1957,2,2,271740
1958,2,2,280060
1959,2,2,272950
1960,2,2,251090
1961,2,2,236490
1962,2,2,223470
1963,2,2,204590
1964,2,2,187450
1965,2,2,176370
1966,2,2,169970
1967,2,2,162700
1968,2,2,149730
1969,2,2,138800
1970,2,2,132760
1971,2,2,132320
1972,2,2,136290
1973,2,2,143300
1974,2,2,143690
1975,2,2,139220
1976,2,2,129270
1977,2,2,125400
1978,2,2,125890
1979,2,2,123520
1980,2,2,118200
1981,2,2,108460
1982,2,2,99303
1983,2,2,95526
1984,2,2,96435
1985,2,2,98837
1986,2,2,98046
1987,2,2,101340
1988,2,2,120210
1989,2,2,130990
1990,2,2,140020
1991,2,2,143030
1992,2,2,137120
1993,2,2,127360
1994,2,2,118440
1995,2,2,112500
1996,2,2,99333
1997,2,2,86783
1998,2,2,84332
1999,2,2,85388
2000,2,2,76140
2001,2,2,65437
2002,2,2,59518
2003,2,2,61094
2004,2,2,60600
2005,2,2,57345
2006,2,2,53775
2007,2,2,46420
2008,2,2,42025
2009,2,2,35608
2010,2,2,33208
2011,2,2,35830
2012,2,2,33523
2013,2,2,26910
2014,2,2,22451
2015,2,2,20073
2016,2,2,23279
2017,2,2,24907
2018,2,2,26215
2019,2,2,26017
2020,2,2,25856
2021,2,2,24983
2022,2,2,24624
2023,2,2,28003
2024,2,2,30296
1952,3,2,254340
1953,3,2,259290
1954,3,2,261500
1955,3,2,264830
1956,3,2,263110
1957,3,2,268530
1958,3,2,273440
1959,3,2,261770
1960,3,2,238600
1961,3,2,228880
1962,3,2,213410
1963,3,2,194840
1964,3,2,179470
1965,3,2,169310
1966,3,2,164910
1967,3,2,155580
1968,3,2,142260
1969,3,2,132630
1970,3,2,128260
1971,3,2,128590
1972,3,2,133900
1973,3,2,138930
1974,3,2,139040
1975,3,2,131940
1976,3,2,123000
1977,3,2,120330
1978,3,2,120750
1979,3,2,117750
1980,3,2,111810
1981,3,2,101310
1982,3,2,94069
1983,3,2,91137
1984,3,2,93056
1985,3,2,93960
1986,3,2,93893
1987,3,2,100600
1988,3,2,119680
1989,3,2,127920
1990,3,2,136370
1991,3,2,136650
1992,3,2,130270
1993,3,2,119590
1994,3,2,111410
1995,3,2,104900
1996,3,2,90438
1997,3,2,80519
1998,3,2,80117
1999,3,2,80073
2000,3,2,69336
2001,3,2,59508
2002,3,2,56585
2003,3,2,57684
2004,3,2,57265
2005,3,2,53960
2006,3,2,49070
2007,3,2,42718
2008,3,2,37743
2009,3,2,31985
2010,3,2,31412
2011,3,2,33390
2012,3,2,29625
2013,3,2,24007
2014,3,2,19229
2015,3,2,18594
2016,3,2,21601
2017,3,2,24141
2018,3,2,24382
2019,3,2,25095
2020,3,2,24079
2021,3,2,23441
2022,3,2,24172
2023,3,2,27562
2024,3,2,26131
1952,4,2,273370
1953,4,2,277880
1954,4,2,280330
1955,4,2,282650
1956,4,2,280840
1957,4,2,290240
1958,4,2,292230
1959,4,2,275460
1960,4,2,251650
1961,4,2,242390
1962,4,2,224010
1963,4,2,205270
1964,4,2,190970
1965,4,2,180980
1966,4,2,176700
1967,4,2,165070
1968,4,2,151950
1969,4,2,143400
1970,4,2,140270
1971,4,2,141790
1972,4,2,148910
1973,4,2,151340
1974,4,2,149930
1975,4,2,141070
1976,4,2,133730
1977,4,2,132850
1978,4,2,132240
1979,4,2,128550
1980,4,2,120890
1981,4,2,109220
1982,4,2,103090
1983,4,2,101360
1984,4,2,105000
1985,4,2,105070
1986,4,2,105310
1987,4,2,116320
1988,4,2,133280
1989,4,2,140680
1990,4,2,147550
1991,4,2,146100
1992,4,2,138010
1993,4,2,127390
1994,4,2,120860
1995,4,2,111160
1996,4,2,97566
1997,4,2,91051
1998,4,2,91632
1999,4,2,87576
2000,4,2,75345
2001,4,2,66338
2002,4,2,65830
2003,4,2,65709
2004,4,2,64474
2005,4,2,59961
2006,4,2,53341
2007,4,2,48710
2008,4,2,43264
2009,4,2,38067
2010,4,2,39358
2011,4,2,39624
2012,4,2,33237
2013,4,2,28758
2014,4,2,24509
2015,4,2,25757
2016,4,2,28202
2017,4,2,30137
2018,4,2,29536
2019,4,2,30646
2020,4,2,29273
2021,4,2,28954
2022,4,2,30357
2023,4,2,34642
2024,4,2,29377
1952,1,3,226900
1953,1,3,224060
1954,1,3,225510
1955,1,3,231330
1956,1,3,227860
1957,1,3,231890
1958,1,3,246670
1959,1,3,245750
1960,1,3,226730
1961,1,3,208350
1962,1,3,196220
1963,1,3,187030
1964,1,3,177880
1965,1,3,172870
1966,1,3,163660
1967,1,3,157250
1968,1,3,149960
1969,1,3,149060
1970,1,3,145270
1971,1,3,144520
1972,1,3,150280
1973,1,3,147590
1974,1,3,140970
1975,1,3,137220
1976,1,3,139900
1977,1,3,136300
1978,1,3,138410
1979,1,3,139830
1980,1,3,134610
1981,1,3,122170
1982,1,3,115670
1983,1,3,112860
1984,1,3,118400
1985,1,3,125950
1986,1,3,124730
1987,1,3,127530
1988,1,3,125610
1989,1,3,124630
1990,1,3,126250
1991,1,3,125620
1992,1,3,131240
1993,1,3,123740
1994,1,3,121500
1995,1,3,115770
1996,1,3,110520
1997,1,3,120960
1998,1,3,126730
1999,1,3,118240
2000,1,3,100630
2001,1,3,97289
2002,1,3,96448
2003,1,3,91632
2004,1,3,89197
2005,1,3,78622
2006,1,3,71669
2007,1,3,72239
2008,1,3,73715
2009,1,3,76620
2010,1,3,72537
2011,1,3,73686
2012,1,3,66636
2013,1,3,60681
2014,1,3,63161
2015,1,3,65357
2016,1,3,69888
2017,1,3,69741
2018,1,3,65230
2019,1,3,59025
2020,1,3,58216
2021,1,3,60987
2022,1,3,60860
2023,1,3,61793
2024,1,3,61985
1952,2,3,226190
1953,2,3,229520
1954,2,3,231940
1955,2,3,235760
1956,2,3,231580
1957,2,3,240590
1958,2,3,251630
1959,2,3,243600
1960,2,3,222660
1961,2,3,208360
1962,2,3,195420
1963,2,3,187910
1964,2,3,177590
1965,2,3,171870
1966,2,3,165970
1967,2,3,159620
1968,2,3,153020
1969,2,3,153970
1970,2,3,150870
1971,2,3,150530
1972,2,3,154980
1973,2,3,150190
1974,2,3,143130
1975,2,3,139030
1976,2,3,140900
1977,2,3,136170
1978,2,3,140420
1979,2,3,139340
1980,2,3,132520
1981,2,3,120670
1982,2,3,115800
1983,2,3,114150
1984,2,3,122200
1985,2,3,128090
1986,2,3,125780
1987,2,3,127720
1988,2,3,125070
1989,2,3,124630
1990,2,3,126210
1991,2,3,127530
1992,2,3,130050
1993,2,3,123800
1994,2,3,121350
1995,2,3,112520
1996,2,3,111690
1997,2,3,127870
1998,2,3,125560
1999,2,3,119040
2000,2,3,102970
2001,2,3,100150
2002,2,3,97353
2003,2,3,91195
2004,2,3,89038
2005,2,3,76726
2006,2,3,74322
2007,2,3,74450
2008,2,3,76042
2009,2,3,75575
2010,2,3,69999
2011,2,3,70801
2012,2,3,64968
2013,2,3,60328
2014,2,3,64049
2015,2,3,66409
2016,2,3,69540
2017,2,3,68530
2018,2,3,64512
2019,2,3,58392
2020,2,3,57879
2021,2,3,62989
2022,2,3,61962
2023,2,3,62469
2024,2,3,60590
1952,3,3,230590
1953,3,3,233350
1954,3,3,236490
1955,3,3,237840
1956,3,3,234740
1957,3,3,249190
1958,3,3,254840
1959,3,3,242830
1960,3,3,221320
1961,3,3,208680
1962,3,3,196500
1963,3,3,189960
1964,3,3,179870
1965,3,3,171830
1966,3,3,166340
1967,3,3,159130
1968,3,3,154240
1969,3,3,153590
1970,3,3,151330
1971,3,3,152040
1972,3,3,155820
1973,3,3,149660
1974,3,3,143850
1975,3,3,142290
1976,3,3,140950
1977,3,3,139850
1978,3,3,143250
1979,3,3,140010
1980,3,3,131200
1981,3,3,119940
1982,3,3,116360
1983,3,3,116600
1984,3,3,126610
1985,3,3,129730
1986,3,3,128210
1987,3,3,128360
1988,3,3,127150
1989,3,3,126760
1990,3,3,129460
1991,3,3,131830
1992,3,3,128490
1993,3,3,124180
1994,3,3,121640
1995,3,3,113070
1996,3,3,114460
1997,3,3,130410
1998,3,3,124250
1999,3,3,115120
2000,3,3,101850
2001,3,3,99487
2002,3,3,96889
2003,3,3,92957
2004,3,3,87822
2005,3,3,76313
2006,3,3,74973
2007,3,3,74573
2008,3,3,76914
2009,3,3,74405
2010,3,3,71210
2011,3,3,69242
2012,3,3,62393
2013,3,3,60527
2014,3,3,63998
2015,3,3,67085
2016,3,3,71239
2017,3,3,68132
2018,3,3,63216
2019,3,3,58036
2020,3,3,58738
2021,3,3,61583
2022,3,3,62116
2023,3,3,62779
2024,3,3,60967
1952,4,3,217610
1953,4,3,218480
1954,4,3,223240
1955,4,3,222550
1956,4,3,221870
1957,4,3,238010
1958,4,3,239190
1959,4,3,224750
1960,4,3,204490
1961,4,3,192910
1962,4,3,182110
1963,4,3,175210
1964,4,3,168010
1965,4,3,159000
1966,4,3,153720
1967,4,3,146760
1968,4,3,143980
1969,4,3,141360
1970,4,3,139900
1971,4,3,143050
1972,4,3,143960
1973,4,3,137930
1974,4,3,133160
1975,4,3,133630
1976,4,3,131320
1977,4,3,131360
1978,4,3,134210
1979,4,3,129110
1980,4,3,118720
1981,4,3,110960
1982,4,3,108440
1983,4,3,110340
1984,4,3,118680
1985,4,3,119780
1986,4,3,119960
1987,4,3,119220
1988,4,3,117810
1989,4,3,119420
1990,4,3,118850
1991,4,3,122620
1992,4,3,115590
1993,4,3,112300
1994,4,3,109660
1995,4,3,102940
1996,4,3,108230
1997,4,3,120370
1998,4,3,111830
1999,4,3,98815
2000,4,3,89570
2001,4,3,89108
2002,4,3,85217
2003,4,3,83038
2004,4,3,74694
2005,4,3,66206
2006,4,3,66700
2007,4,3,66200
2008,4,3,69007
2009,4,3,65956
2010,4,3,65907
2011,4,3,62460
2012,4,3,54586
2013,4,3,56023
2014,4,3,57020
2015,4,3,62454
2016,4,3,65191
2017,4,3,60521
2018,4,3,55561
2019,4,3,53305
2020,4,3,55275
2021,4,3,55104
2022,4,3,56053
2023,4,3,56271
2024,4,3,53248
1952,1,4,157820
1953,1,4,165260
1954,1,4,163470
1955,1,4,163900
1956,1,4,164570
1957,1,4,171780
1958,1,4,176480
1959,1,4,164880
1960,1,4,150530
1961,1,4,136990
1962,1,4,125240
1963,1,4,124990
1964,1,4,116420
1965,1,4,114300
1966,1,4,117910
1967,1,4,121690
1968,1,4,116850
1969,1,4,128420
1970,1,4,128450
1971,1,4,125980
1972,1,4,126280
1973,1,4,118210
1974,1,4,107410
1975,1,4,100070
1976,1,4,92052
1977,1,4,84913
1978,1,4,87321
1979,1,4,86783
1980,1,4,82392
1981,1,4,76426
1982,1,4,74486
1983,1,4,73345
1984,1,4,79903
1985,1,4,86485
1986,1,4,81685
1987,1,4,80334
1988,1,4,71189
1989,1,4,69082
1990,1,4,75399
1991,1,4,78788
1992,1,4,78450
1993,1,4,70593
1994,1,4,65350
1995,1,4,59371
1996,1,4,67986
1997,1,4,86187
1998,1,4,91889
1999,1,4,83942
2000,1,4,83339
2001,1,4,78735
2002,1,4,68372
2003,1,4,52470
2004,1,4,57022
2005,1,4,39044
2006,1,4,45766
2007,1,4,48744
2008,1,4,46623
2009,1,4,45399
2010,1,4,31934
2011,1,4,26124
2012,1,4,33574
2013,1,4,36206
2014,1,4,33068
2015,1,4,30623
2016,1,4,32248
2017,1,4,34331
2018,1,4,39232
2019,1,4,33928
2020,1,4,29831
2021,1,4,34876
2022,1,4,39864
2023,1,4,37505
2024,1,4,25690
1952,2,4,157310
1953,2,4,154540
1954,2,4,153410
1955,2,4,154400
1956,2,4,153630
1957,2,4,163270
1958,2,4,162260
1959,2,4,153220
1960,2,4,138940
1961,2,4,126680
1962,2,4,119400
1963,2,4,117540
1964,2,4,106910
1965,2,4,108580
1966,2,4,111770
1967,2,4,112300
1968,2,4,110280
1969,2,4,118760
1970,2,4,117530
1971,2,4,115670
1972,2,4,117800
1973,2,4,106480
1974,2,4,98072
1975,2,4,93145
1976,2,4,86148
1977,2,4,81071
1978,2,4,83902
1979,2,4,81938
1980,2,4,77400
1981,2,4,72999
1982,2,4,70862
1983,2,4,69900
1984,2,4,77029
1985,2,4,80128
1986,2,4,78202
1987,2,4,73887
1988,2,4,68156
1989,2,4,67504
1990,2,4,75136
1991,2,4,76390
1992,2,4,72016
1993,2,4,68090
1994,2,4,64843
1995,2,4,59060
1996,2,4,68837
1997,2,4,85877
1998,2,4,82175
1999,2,4,79283
2000,2,4,78230
2001,2,4,71813
2002,2,4,62064
2003,2,4,48525
2004,2,4,54985
2005,2,4,39115
2006,2,4,45711
2007,2,4,45495
2008,2,4,46756
2009,2,4,42608
2010,2,4,30009
2011,2,4,29756
2012,2,4,35046
2013,2,4,35662
2014,2,4,32039
2015,2,4,30875
2016,2,4,32995
2017,2,4,35197
2018,2,4,37221
2019,2,4,30513
2020,2,4,29905
2021,2,4,35841
2022,2,4,38550
2023,2,4,34195
2024,2,4,23863
1952,3,4,184340
1953,3,4,181490
1954,3,4,180520
1955,3,4,181640
1956,3,4,183360
1957,3,4,193980
1958,3,4,187380
1959,3,4,172670
1960,3,4,155710
1961,3,4,143390
1962,3,4,139220
1963,3,4,132190
1964,3,4,123500
1965,3,4,125220
1966,3,4,130090
1967,3,4,127710
1968,3,4,128890
1969,3,4,135320
1970,3,4,133160
1971,3,4,131250
1972,3,4,130690
1973,3,4,118190
1974,3,4,108130
1975,3,4,104470
1976,3,4,94170
1977,3,4,90834
1978,3,4,95760
1979,3,4,92406
1980,3,4,87001
1981,3,4,81334
1982,3,4,79323
1983,3,4,80321
1984,3,4,89385
1985,3,4,89175
1986,3,4,87673
1987,3,4,81838
1988,3,4,75881
1989,3,4,77302
1990,3,4,84755
1991,3,4,85009
1992,3,4,78680
1993,3,4,74573
1994,3,4,72674
1995,3,4,67393
1996,3,4,79776
1997,3,4,96238
1998,3,4,89207
1999,3,4,86098
2000,3,4,84394
2001,3,4,74499
2002,3,4,63800
2003,3,4,55859
2004,3,4,54368
2005,3,4,46086
2006,3,4,51476
2007,3,4,50008
2008,3,4,54437
2009,3,4,45093
2010,3,4,31779
2011,3,4,34554
2012,3,4,39364
2013,3,4,39129
2014,3,4,34695
2015,3,4,37167
2016,3,4,38614
2017,3,4,41943
2018,3,4,42227
2019,3,4,35530
2020,3,4,35814
2021,3,4,41850
2022,3,4,42581
2023,3,4,35928
2024,3,4,25611
1952,4,4,174950
1953,4,4,171630
1954,4,4,171170
1955,4,4,172150
1956,4,4,176480
1957,4,4,184440
1958,4,4,174300
1959,4,4,160370
1960,4,4,144640
1961,4,4,132040
1962,4,4,130670
1963,4,4,123400
1964,4,4,117680
1965,4,4,119950
1966,4,4,125350
1967,4,4,120310
1968,4,4,127910
1969,4,4,131110
1970,4,4,128080
1971,4,4,127640
1972,4,4,122830
1973,4,4,111740
1974,4,4,102920
1975,4,4,99372
1976,4,4,87932
1977,4,4,89403
1978,4,4,91502
1979,4,4,87376
1980,4,4,80569
1981,4,4,76655
1982,4,4,75641
1983,4,4,79888
1984,4,4,86929
1985,4,4,84452
1986,4,4,83217
1987,4,4,74298
1988,4,4,71919
1989,4,4,75019
1990,4,4,80545
1991,4,4,80910
1992,4,4,73631
1993,4,4,67700
1994,4,4,64400
1995,4,4,66754
1996,4,4,82279
1997,4,4,93248
1998,4,4,85607
1999,4,4,83078
2000,4,4,80085
2001,4,4,70055
2002,4,4,57126
2003,4,4,56609
2004,4,4,43826
2005,4,4,45664
2006,4,4,49766
2007,4,4,46506
2008,4,4,51426
2009,4,4,39399
2010,4,4,28872
2011,4,4,34379
2012,4,4,38157
2013,4,4,35653
2014,4,4,33293
2015,4,4,35130
2016,4,4,37844
2017,4,4,40992
2018,4,4,39260
2019,4,4,31423
2020,4,4,35227
2021,4,4,40990
2022,4,4,40527
2023,4,4,31269
2024,4,4,23290
1952,1,5,175850
1953,1,5,175180
1954,1,5,179650
1955,1,5,180360
1956,1,5,174980
1957,1,5,177300
1958,1,5,196220
1959,1,5,196400
1960,1,5,179390
1961,1,5,165390
1962,1,5,155700
1963,1,5,148510
1964,1,5,141220
1965,1,5,133900
1966,1,5,128080
1967,1,5,123320
1968,1,5,117490
1969,1,5,116660
1970,1,5,114440
1971,1,5,111190
1972,1,5,114600
1973,1,5,117080
1974,1,5,108890
1975,1,5,110460
1976,1,5,116240
1977,1,5,111340
1978,1,5,113780
1979,1,5,112030
1980,1,5,109140
1981,1,5,100830
1982,1,5,93054
1983,1,5,94639
1984,1,5,101080
1985,1,5,109400
1986,1,5,109870
1987,1,5,112200
1988,1,5,116080
1989,1,5,111730
1990,1,5,115460
1991,1,5,125030
1992,1,5,134770
1993,1,5,134680
1994,1,5,135680
1995,1,5,136780
1996,1,5,124710
1997,1,5,132240
1998,1,5,135320
1999,1,5,128800
2000,1,5,116830
2001,1,5,112860
2002,1,5,105260
2003,1,5,110290
2004,1,5,108730
2005,1,5,108120
2006,1,5,98550
2007,1,5,107210
2008,1,5,107450
2009,1,5,98972
2010,1,5,92970
2011,1,5,90035
2012,1,5,88691
2013,1,5,81546
2014,1,5,82040
2015,1,5,88240
2016,1,5,89486
2017,1,5,81482
2018,1,5,75149
2019,1,5,69854
2020,1,5,67203
2021,1,5,68768
2022,1,5,78441
2023,1,5,79352
2024,1,5,75429
1952,2,5,177710
1953,2,5,185010
1954,2,5,188550
1955,2,5,188590
1956,2,5,182550
1957,2,5,191950
1958,2,5,207720
1959,2,5,202710
1960,2,5,182770
1961,2,5,171550
1962,2,5,160280
1963,2,5,154800
1964,2,5,145580
1965,2,5,138960
1966,2,5,134120
1967,2,5,128600
1968,2,5,122620
1969,2,5,122620
1970,2,5,119830
1971,2,5,117050
1972,2,5,122620
1973,2,5,121190
1974,2,5,113280
1975,2,5,117840
1976,2,5,120880
1977,2,5,116400
1978,2,5,118990
1979,2,5,116550
1980,2,5,113400
1981,2,5,102780
1982,2,5,97135
1983,2,5,100230
1984,2,5,108240
1985,2,5,115280
1986,2,5,113840
1987,2,5,118790
1988,2,5,120130
1989,2,5,115120
1990,2,5,123470
1991,2,5,131710
1992,2,5,140690
1993,2,5,136750
1994,2,5,141250
1995,2,5,137220
1996,2,5,127210
1997,2,5,139620
1998,2,5,139170
1999,2,5,129670
2000,2,5,119660
2001,2,5,113460
2002,2,5,110090
2003,2,5,113190
2004,2,5,112880
2005,2,5,107890
2006,2,5,102120
2007,2,5,110930
2008,2,5,107760
2009,2,5,99809
2010,2,5,94362
2011,2,5,92331
2012,2,5,89613
2013,2,5,82611
2014,2,5,85418
2015,2,5,91701
2016,2,5,90208
2017,2,5,81908
2018,2,5,76308
2019,2,5,70702
2020,2,5,69063
2021,2,5,73093
2022,2,5,81737
2023,2,5,80106
2024,2,5,76311
1952,3,5,173710
1953,3,5,180210
1954,3,5,183000
1955,3,5,181400
1956,3,5,175940
1957,3,5,191420
1958,3,5,202570
1959,3,5,193120
1960,3,5,173280
1961,3,5,164550
1962,3,5,153460
1963,3,5,148610
1964,3,5,139460
1965,3,5,132880
1966,3,5,128650
1967,3,5,122930
1968,3,5,117560
1969,3,5,117580
1970,3,5,114460
1971,3,5,113160
1972,3,5,119440
1973,3,5,114440
1974,3,5,109140
1975,3,5,116260
1976,3,5,116650
1977,3,5,114060
1978,3,5,115560
1979,3,5,112390
1980,3,5,108640
1981,3,5,97726
1982,3,5,94636
1983,3,5,99128
1984,3,5,107800
1985,3,5,112600
1986,3,5,111020
1987,3,5,117520
1988,3,5,116790
1989,3,5,112530
1990,3,5,123780
1991,3,5,132330
1992,3,5,139570
1993,3,5,134480
1994,3,5,140710
1995,3,5,132460
1996,3,5,126440
1997,3,5,138260
1998,3,5,135400
1999,3,5,123850
2000,3,5,117490
2001,3,5,108880
2002,3,5,110190
2003,3,5,110650
2004,3,5,112320
2005,3,5,103950
2006,3,5,104040
2007,3,5,111120
2008,3,5,104520
2009,3,5,97459
2010,3,5,92837
2011,3,5,91792
2012,3,5,86910
2013,3,5,81589
2014,3,5,86543
2015,3,5,91907
2016,3,5,87576
2017,3,5,79300
2018,3,5,73946
2019,3,5,69181
2020,3,5,68168
2021,3,5,74969
2022,3,5,81774
2023,3,5,78409
2024,3,5,74704
1952,4,5,174920
1953,4,5,180670
1954,4,5,182490
1955,4,5,178450
1956,4,5,175900
1957,4,5,195160
1958,4,5,201040
1959,4,5,186900
1960,4,5,169120
1961,4,5,160380
1962,4,5,150760
1963,4,5,145640
1964,4,5,136800
1965,4,5,130360
1966,4,5,126360
1967,4,5,120270
1968,4,5,117160
1969,4,5,116270
1970,4,5,113060
1971,4,5,113480
1972,4,5,119080
1973,4,5,111390
1974,4,5,109670
1975,4,5,117500
1976,4,5,114390
1977,4,5,114620
1978,4,5,114160
1979,4,5,111030
1980,4,5,105120
1981,4,5,94968
1982,4,5,94643
1983,4,5,100570
1984,4,5,109470
1985,4,5,112040
1986,4,5,111990
1987,4,5,118100
1988,4,5,115220
1989,4,5,114130
1990,4,5,126150
1991,4,5,136360
1992,4,5,140570
1993,4,5,137470
1994,4,5,142830
1995,4,5,131240
1996,4,5,131730
1997,4,5,139590
1998,4,5,134970
1999,4,5,122250
2000,4,5,118740
2001,4,5,108280
2002,4,5,113020
2003,4,5,111890
2004,4,5,113560
2005,4,5,103150
2006,4,5,109520
2007,4,5,113550
2008,4,5,104620
2009,4,5,97711
2010,4,5,93498
2011,4,5,92944
2012,4,5,86479
2013,4,5,83750
2014,4,5,89962
2015,4,5,93591
2016,4,5,86081
2017,4,5,78677
2018,4,5,73347
2019,4,5,69639
2020,4,5,69324
2021,4,5,79177
2022,4,5,83304
2023,4,5,78963
2024,4,5,74183
