year,season,fishery,area,obs,pred
1952,1,29,1,3.3002558639596,3.58586597509859
1952,2,29,1,2.21399815289058,3.40757195152415
1952,3,29,1,4.45487944522022,3.4487091444549
1952,4,29,1,4.2545968066862,3.48336924758137
1953,1,29,1,3.90789943211649,3.47293479933683
1953,2,29,1,2.05463866423746,3.30355777050167
1953,3,29,1,2.99816369622704,3.35683981450295
1953,4,29,1,3.38042012801557,3.42807884238525
1954,1,29,1,2.53349557668051,3.4487091444549
1954,2,29,1,2.3921678379646,3.32011692273655
1954,3,29,1,2.86623694371646,3.44526215909037
1954,4,29,1,3.85742553069697,3.56798139393553
1955,1,29,1,3.1740234175276,3.532479385886
1955,2,29,1,2.22799037045991,3.34678438574415
1955,3,29,1,2.90664646757544,3.54663760098212
1955,4,29,1,3.95507672292058,3.76218535499991
1956,1,29,1,3.20271856274687,3.84202664687367
1956,2,29,1,1.95599692592812,3.69507185218999
1956,3,29,1,2.69015819383038,3.75466850364688
1956,4,29,1,4.41938258641007,3.73220794169251
1957,1,29,1,4.2545968066862,3.56441519593778
1957,2,29,1,1.86974115219633,3.20913040958191
1957,3,29,1,2.16929016253559,3.11428627255346
1957,4,29,1,3.43150863583854,3.00116335950493
1958,1,29,1,3.41098122782972,2.81229253647249
1958,2,29,1,3.07099004549651,2.50603043186124
1958,3,29,1,2.88060401618483,2.42443861834487
1958,4,29,1,4.09186149596232,2.32867631268408
1959,1,29,1,2.75385018563101,2.22531838552695
1959,2,29,1,1.64905104793089,2.01093542623704
1959,3,29,1,1.62579999621134,2.07591080594578
1959,4,29,1,2.98321029240836,2.32890919195912
1960,1,29,1,2.87197515390135,2.58596824321076
1960,2,29,1,1.54759172988878,2.589850106245
1960,3,29,1,1.31916637103496,2.64454757095292
1960,4,29,1,2.75660541320083,2.61744853060756
1961,1,29,1,2.83204764644607,2.49952321578503
1961,2,29,1,1.5502248733674,2.2896523641628
1961,3,29,1,1.42575286425691,2.3233265117943
1961,4,29,1,3.42122953628967,2.34456527284949
1962,1,29,1,2.19613720235647,2.30573615831604
1962,2,29,1,1.52135289273708,2.17319840118771
1962,3,29,1,1.51028745460899,2.20317609762993
1962,4,29,1,1.9744699843835,2.19109189112311
1963,1,29,1,2.12038992784506,2.08506493781339
1963,2,29,1,1.36902663236571,1.9012280129478
1963,3,29,1,1.10329372358233,1.93769670063374
1963,4,29,1,1.80669642852305,1.96914610589588
1964,1,29,1,1.95677948119911,1.97269376081805
1964,2,29,1,0.992435754002095,1.91803265142525
1964,3,29,1,0.760332075260882,1.99730745296085
1964,4,29,1,1.76455758692668,2.07031340665918
1965,1,29,1,1.5920141888871,2.1210261402505
1965,2,29,1,0.966349218755296,2.06969240579197
1965,3,29,1,0.917410730724568,2.14105778721009
1965,4,29,1,1.63084779624721,2.15135956908579
1966,1,29,1,2.21090072418254,2.10875979542368
1966,2,29,1,0.835604386326364,1.9897320869507
1966,3,29,1,1.61526656696743,2.01053327936782
1966,4,29,1,1.9654082803534,2.00150620575946
1967,1,29,1,2.01475983558526,1.90541531892398
1967,2,29,1,0.917346514221021,1.74211518758255
1967,3,29,1,0.994749830569319,1.78086642233781
1967,4,29,1,1.52470355347648,1.84153598896482
1968,1,29,1,1.34675769995941,1.90332051442686
1968,2,29,1,0.632610734117827,1.89174559867377
1968,3,29,1,0.631915244899496,1.97328565772639
1968,4,29,1,1.61220047420071,1.99670835059481
1969,1,29,1,1.62905484997257,1.96285490963951
1969,2,29,1,0.638776915872352,1.83491837825085
1969,3,29,1,1.06802377337,1.80416882325964
1969,4,29,1,1.6151050483868,1.7561080057275
1970,1,29,1,1.22531750724423,1.71549213733879
1970,2,29,1,0.658164749379638,1.61591280283278
1970,3,29,1,0.755708166860373,1.59631843531494
1970,4,29,1,1.27175775169503,1.55830703812548
1971,1,29,1,0.94674073344592,1.54110547529269
1971,2,29,1,0.58978335761285,1.47816285127766
1971,3,29,1,0.795726297204485,1.48631514521746
1971,4,29,1,1.68051450583104,1.44051400814922
1972,1,29,1,1.44339791911518,1.35472705687431
1972,2,29,1,0.75472638454023,1.21579720812217
1972,3,29,1,0.943244265187335,1.15419138589737
1972,4,29,1,1.64328945792726,1.10804810117987
1973,1,29,1,1.34635373324746,1.1010452985595
1973,2,29,1,0.893597347108516,1.07020476572351
1973,3,29,1,0.545146888745014,1.1029958744884
1973,4,29,1,0.946314795958992,1.11204426311975
1974,1,29,1,0.923568784234585,1.09450258523309
1974,2,29,1,0.756918267749906,1.01989532552922
1974,3,29,1,0.80573530187348,1.00959574676122
1974,4,29,1,1.17915726367394,0.988773492880488
1975,1,29,1,1.15893328482975,0.961423769488148
1975,2,29,1,0.670722358745004,0.891722761683194
1975,3,29,1,0.70687601232472,0.870750321947705
1975,4,29,1,1.56784176240151,0.857014877978537
1976,1,29,1,1.17468496881387,0.842316032205083
1976,2,29,1,0.966474852319739,0.832768155737091
1976,3,29,1,0.971387322409804,0.95466956844696
1976,4,29,1,1.31271826657439,1.09723129250101
1977,1,29,1,1.31903446099347,1.18435698663574
1977,2,29,1,1.14213577904212,1.14751645187987
1977,3,29,1,1.3984996732267,1.14625487777577
1977,4,29,1,2.47613778129326,1.12659521480091
1978,1,29,1,1.40466662914256,1.11004438387742
1978,2,29,1,0.820780140627725,1.05809487147793
1978,3,29,1,0.933252016930361,1.06595381575776
1978,4,29,1,1.57019528974934,1.0743115093702
1979,1,29,1,1.19279584373334,1.0919007664727
1979,2,29,1,0.869532124434209,1.05014683788846
1979,3,29,1,1.05594911756592,1.05191256737358
1979,4,29,1,1.46301591454498,1.01345977811494
1980,1,29,1,0.986472332534943,0.957164510503675
1980,2,29,1,0.795885458379513,0.876779275137797
1980,3,29,1,0.83318464392833,0.871011586231972
1980,4,29,1,1.3682054627618,0.852484714662391
1981,1,29,1,0.947507904102182,0.839289146153075
1981,2,29,1,0.520898538476974,0.81066530844784
1981,3,29,1,0.959167076282916,0.842484512258968
1981,4,29,1,1.35581127214809,0.850781449066418
1982,1,29,1,0.995691309158198,0.846707483450388
1982,2,29,1,0.750736916132124,0.809936037891214
1982,3,29,1,0.999508121012153,0.836691378420365
1982,4,29,1,1.51210088739658,0.865541462221766
1983,1,29,1,0.977067050820469,0.899064950161073
1983,2,29,1,0.74378742802018,0.895386330189486
1983,3,29,1,0.975544014498392,0.948389496329842
1983,4,29,1,1.33937086502667,0.990078545610667
1984,1,29,1,1.05653004932217,1.015265342996
1984,2,29,1,0.760408112270195,0.978279365443215
1984,3,29,1,1.04512866265943,0.987883997070052
1984,4,29,1,1.18471234703312,0.986038380185146
1985,1,29,1,1.06371766152839,0.982888100504281
1985,2,29,1,0.510328828126757,0.922461166397121
1985,3,29,1,0.900324522586266,0.906657970288291
1985,4,29,1,1.26187662771258,0.877832041801628
1986,1,29,1,1.06672157886665,0.860105691665819
1986,2,29,1,0.920489210246676,0.827869289484474
1986,3,29,1,1.06021317882213,0.859074183864282
1986,4,29,1,1.43261292898938,0.877744262986462
1987,1,29,1,1.27685497034281,0.889407293915296
1987,2,29,1,0.767666411670536,0.854362245561367
1987,3,29,1,0.795328533505094,0.869271303921912
1987,4,29,1,1.53587461417965,0.851547497040458
1988,1,29,1,1.21385348797995,0.80412544166656
1988,2,29,1,0.776157356780157,0.739929771992727
1988,3,29,1,0.793580734015767,0.740596008549
1988,4,29,1,1.30787018347266,0.747440930187743
1989,1,29,1,0.979287512296122,0.775769375105269
1989,2,29,1,0.635209762495079,0.791915963095603
1989,3,29,1,0.871272928907283,0.847978497697934
1989,4,29,1,1.57696166678002,0.878446739349931
1990,1,29,1,1.14522371247976,0.899694515948504
1990,2,29,1,0.715982180429135,0.874152878876572
1990,3,29,1,1.03627235477806,0.891811938418125
1990,4,29,1,1.9417701393187,0.885148368502627
1991,1,29,1,1.33776458395004,0.864589890073953
1991,2,29,1,0.857872321506827,0.815217769168074
1991,3,29,1,1.05793616915018,0.824976811760033
1991,4,29,1,1.31232451016084,0.821026411608713
1992,1,29,1,1.2090077719211,0.807267654220787
1992,2,29,1,0.840380931549822,0.752164672211534
1992,3,29,1,1.15765915911406,0.736533911508706
1992,4,29,1,1.91515775915636,0.697955452423008
1993,1,29,1,1.48156653857554,0.649599019192221
1993,2,29,1,0.75608611542307,0.597142201790067
1993,3,29,1,0.863639364080014,0.602962664755605
1993,4,29,1,1.42775031615695,0.608352983811176
1994,1,29,1,1.17750759853983,0.62319238730053
1994,2,29,1,0.729205276639818,0.613546023325118
1994,3,29,1,1.03087710693398,0.625377382166582
1994,4,29,1,1.46976129022161,0.610485949767537
1995,1,29,1,1.25244795472531,0.583681395893533
1995,2,29,1,0.802037431108198,0.526660052632928
1995,3,29,1,0.79723961436522,0.516851334491699
1995,4,29,1,0.971076528196359,0.511862113389067
1996,1,29,1,0.905036504166599,0.5263441513812
1996,2,29,1,0.563493207331491,0.535314957338239
1996,3,29,1,0.842905859843215,0.572638873025215
1996,4,29,1,1.78033224254209,0.585259465097194
1997,1,29,1,1.17538999128075,0.583156318957293
1997,2,29,1,0.595412997962309,0.554105598160884
1997,3,29,1,0.868141985442871,0.568815016798703
1997,4,29,1,1.61381348104391,0.581583920589137
1998,1,29,1,1.2837686372832,0.602902371503842
1998,2,29,1,0.758888815848509,0.587781499284581
1998,3,29,1,0.79723961436522,0.592739658995412
1998,4,29,1,1.15569281041352,0.573498475875715
1999,1,29,1,0.957336815622561,0.555381507770241
1999,2,29,1,0.553662490948872,0.519338184562679
1999,3,29,1,0.689147467269304,0.515251576261172
1999,4,29,1,1.24907090631446,0.506870364199452
2000,1,29,1,1.00751207512237,0.502328997724975
2000,2,29,1,0.584557574957388,0.476113027598585
2000,3,29,1,0.602721527920285,0.473454246180283
2000,4,29,1,0.894223084233935,0.47592262047151
2001,1,29,1,0.704547166193592,0.512681748303566
2001,2,29,1,0.43037429303366,0.557273018642989
2001,3,29,1,0.407668881102961,0.632863829027081
2001,4,29,1,1.13031912007401,0.684751007157711
2002,1,29,1,0.84857229044954,0.72643955478819
2002,2,29,1,0.594223361998893,0.716841874759085
2002,3,29,1,0.643071090630356,0.728403591842989
2002,4,29,1,1.4298935486537,0.712767499075024
2003,1,29,1,0.930856638626407,0.691079784158857
2003,2,29,1,0.610791269065884,0.643907626678795
2003,3,29,1,0.697955452423008,0.67146055927548
2003,4,29,1,1.06231448051838,0.718851844653082
2004,1,29,1,0.629015110196677,0.755481488413782
2004,2,29,1,0.488947576879257,0.712910066831139
2004,3,29,1,0.822916945636134,0.689974940614738
2004,4,29,1,1.24707399082276,0.655799616076161
2005,1,29,1,0.862086211481359,0.614467032944631
2005,2,29,1,0.441975866090661,0.570866441207577
2005,3,29,1,0.732054730041165,0.609205274452754
2005,4,29,1,1.04573501310841,0.660274249978504
2006,1,29,1,0.684477161527626,0.689767979178321
2006,2,29,1,0.599355720420902,0.645325782857295
2006,3,29,1,0.621760691890599,0.619340547541239
2006,4,29,1,1.06377084874114,0.582049373882101
2007,1,29,1,0.872668081417911,0.564056982379365
2007,2,29,1,0.377494228179754,0.547769883963366
2007,3,29,1,0.577931459223236,0.558053747251596
2007,4,29,1,1.20021415095358,0.542862073283432
2008,1,29,1,0.832934726024712,0.520429940692978
2008,2,29,1,0.387980576957408,0.479889216824747
2008,3,29,1,0.334539606948608,0.480465429543422
2008,4,29,1,0.749461747575076,0.486460292204281
2009,1,29,1,0.531687164104419,0.504443216266456
2009,2,29,1,0.329558961075189,0.493466650450487
2009,3,29,1,0.534512586830556,0.497181563840437
2009,4,29,1,1.03969770226368,0.482246444478522
2010,1,29,1,0.750511728837068,0.482680661646969
2010,2,29,1,0.34472785476722,0.483018656394482
2010,3,29,1,0.367879441171442,0.51540617492269
2010,4,29,1,1.23170575332688,0.545692308298084
2011,1,29,1,0.852229007605969,0.571037726831498
2011,2,29,1,0.399436689770467,0.553441070239587
2011,3,29,1,0.40276581103691,0.556103973231145
2011,4,29,1,0.77136006813024,0.549031204659249
2012,1,29,1,0.642749635455531,0.541344185512804
2012,2,29,1,0.313799823858839,0.508139125400639
2012,3,29,1,0.495890570792674,0.509512954874409
2012,4,29,1,0.882761691371703,0.499074447985136
2013,1,29,1,0.579204308053859,0.499973590977434
2013,2,29,1,0.36312795998046,0.509411062473014
2013,3,29,1,0.355937544613435,0.575912234819952
2013,4,29,1,0.979747885606154,0.648041850895557
2014,1,29,1,0.757524044642555,0.712696225888835
2014,2,29,1,0.483405225926793,0.724191079106307
2014,3,29,1,0.740077772746708,0.753595143606228
2014,4,29,1,1.42817870550698,0.76383765946925
2015,1,29,1,1.04583959183857,0.768972554477199
2015,2,29,1,0.447087926559356,0.734327620864863
2015,3,29,1,0.492628469800135,0.741188722409772
2015,4,29,1,1.06241009312413,0.73008084820966
2016,1,29,1,0.712411204406576,0.710703467619858
2016,2,29,1,0.471894422292842,0.668646338926159
2016,3,29,1,0.285075848224454,0.679974487430758
2016,4,29,1,0.83660771346584,0.691356271366275
2017,1,29,1,0.587311462125086,0.702998866182459
2017,2,29,1,0.259240260645892,0.692948220830517
2017,3,29,1,0.375123490208043,0.738082257917586
2017,4,29,1,0.851632656048041,0.794374711672446
2018,1,29,1,0.56225488492946,0.858988280741123
2018,2,29,1,0.30059242547541,0.871272928907283
2018,3,29,1,0.367144417557721,0.926491877647957
2018,4,29,1,0.97620761002516,0.973448847978305
2019,1,29,1,0.796681741913302,0.999358006166284
2019,2,29,1,0.33487431388113,0.968274168390257
2019,3,29,1,0.39376539153247,0.992500264422671
2019,4,29,1,0.928179628252451,0.995162737421251
2020,1,29,1,0.79025468452612,0.965798556654214
2020,2,29,1,0.243655484548335,0.882673419616227
2020,3,29,1,0.36240242983249,0.86088013523565
2020,4,29,1,0.953076600765887,0.838114963468123
2021,1,29,1,0.737934656226664,0.795249004628254
2021,2,29,1,0.259759259993531,0.722021761472427
2021,3,29,1,0.351340303345998,0.720795367208405
2021,4,29,1,0.775149007785199,0.723901460602227
2022,1,29,1,0.513246008512919,0.710064122247574
2022,2,29,1,0.243655484548335,0.648949744864299
2022,3,29,1,0.257947294451826,0.632041640587623
2022,4,29,1,0.807590625872499,0.611830497317029
2023,1,29,1,0.610424904224888,0.576892118284101
2023,2,29,1,0.207421982077768,0.503989421610043
2023,3,29,1,0.443924844509631,0.47066909041659
2023,4,29,1,0.960799047094754,0.441004587982929
2024,1,29,1,0.812450735375924,0.39297864775543
2024,2,29,1,0.477925698997871,0.33420523455572
2024,3,29,1,0.473975332395957,0.330879836909992
2024,4,29,1,0.70772477269388,0.336552878364737
1952,1,30,2,2.5155714639823,2.4446452001893
1952,2,30,2,1.7601517026095,2.38786580884402
1952,3,30,2,2.44293454734752,2.56331155829508
1952,4,30,2,3.14873252862758,2.5130571498849
1953,1,30,2,2.3615070600595,2.4212888959042
1953,2,30,2,2.26301953735222,2.36670809463191
1953,3,30,2,3.81522637074637,2.54288687349944
1953,4,30,2,3.52542148736538,2.49328221225051
1954,1,30,2,2.60023025312354,2.40223607137391
1954,2,30,2,2.22331649996361,2.37952288714277
1954,3,30,2,3.03435839443568,2.65037198010991
1954,4,30,2,2.74834798929016,2.55870174756446
1955,1,30,2,2.53450917761785,2.29102656780116
1955,2,30,2,1.8356524924152,2.1636573339633
1955,3,30,2,2.24005406111039,2.47415766322106
1955,4,30,2,2.53603033942733,2.47886303146548
1956,1,30,2,2.57229886736545,2.2832503046092
1956,2,30,2,2.1216625435483,2.32123645859871
1956,3,30,2,2.65886675483695,2.8405565463536
1956,4,30,2,2.58493406276335,2.78152684012137
1957,1,30,2,1.84079952187248,2.41814326544233
1957,2,30,2,2.10097180085537,2.26460420559754
1957,3,30,2,3.56441519593778,2.63451735965445
1957,4,30,2,2.78709546056585,2.63847210100843
1958,1,30,2,2.36954984905711,2.42880653780607
1958,2,30,2,2.00691757457551,2.30251038626171
1958,3,30,2,3.34009750608129,2.51381118012874
1958,4,30,2,2.98321029240836,2.3487892908163
1959,1,30,2,3.62915558498502,2.07632602962795
1959,2,30,2,1.98416862958235,1.83804039245407
1959,3,30,2,1.4028417489538,1.86974115219633
1959,4,30,2,2.06328629393762,1.75347581835298
1960,1,30,2,1.94099358658387,1.68371051864282
1960,2,30,2,1.29071973900802,1.88080523193448
1960,3,30,2,3.27723474084562,2.09677405639736
1960,4,30,2,1.23961394938225,1.78728909533313
1961,1,30,2,1.43777963001555,1.45965484465358
1961,2,30,2,1.24197145480702,1.31692569331989
1961,3,30,2,0.942056525846122,1.49765417405221
1961,4,30,2,1.2891718042678,1.51134502593399
1962,1,30,2,1.36697463180233,1.45848758774287
1962,2,30,2,1.5136137445865,1.47653776610197
1962,3,30,2,1.81339358741218,1.6498757796206
1962,4,30,2,1.30317031565009,1.48201107521427
1963,1,30,2,1.38085103345108,1.2836402668381
1963,2,30,2,0.998334388672754,1.20466316891976
1963,3,30,2,1.24408460194634,1.41086077944823
1963,4,30,2,1.21555407299487,1.37602650268788
1964,1,30,2,1.09507187457981,1.24420901662717
1964,2,30,2,1.30682430573276,1.16264781141401
1964,3,30,2,1.40480710282904,1.27570631784066
1964,4,30,2,1.20033417836994,1.17656596916297
1965,1,30,2,1.49257079649926,1.14694283706958
1965,2,30,2,1.09247962726349,1.32233617256578
1965,3,30,2,1.50455925275793,1.59312898895382
1965,4,30,2,1.20273724899629,1.43835485690527
1966,1,30,2,1.32869864390938,1.24445788331633
1966,2,30,2,1.19172281041141,1.16555806724658
1966,3,30,2,1.41100187258072,1.28299860713298
1966,4,30,2,1.12760960690221,1.20021415095358
1967,1,30,2,1.33843363349046,1.09988980773485
1967,2,30,2,0.977418858280308,1.05468273860419
1967,3,30,2,1.16148574473278,1.20586843462109
1967,4,30,2,1.1175066519323,1.14327848607946
1968,1,30,2,1.13382854614619,1.02251982755638
1968,2,30,2,0.908700247421629,0.949708674346063
1968,3,30,2,1.35784651510692,1.01754208636491
1968,4,30,2,1.25948133836539,0.888429483786156
1969,1,30,2,1.02881741310051,0.8218478486704
1969,2,30,2,0.914644329685905,0.905127012342349
1969,3,30,2,1.39027281824159,1.11393634618198
1969,4,30,2,1.13780389886679,1.04135213653698
1970,1,30,2,1.2837686372832,1.01468680664902
1970,2,30,2,0.970542582954252,1.0628989141872
1970,3,30,2,1.34460461057031,1.2351593622323
1970,4,30,2,0.923892089884256,1.13054520650592
1971,1,30,2,1.3969621693683,1.05072457751313
1971,2,30,2,1.06771409138178,1.14373588894836
1971,3,30,2,1.02559199298307,1.4165155245165
1971,4,30,2,1.20165527243468,1.35202031040927
1972,1,30,2,1.51300842016162,1.43562457726417
1972,2,30,2,1.10738347172793,1.45659278576694
1972,3,30,2,1.10705130651369,1.49272006104201
1972,4,30,2,1.83895964244364,1.3682054627618
1973,1,30,2,1.99371553324308,1.35757497295902
1973,2,30,2,1.51285712688439,1.56658799056719
1973,3,30,2,1.62742660937859,1.79624791920527
1973,4,30,2,1.62433743446626,1.60512237535102
1974,1,30,2,1.08815108099275,1.36533524607233
1974,2,30,2,1.12839920995586,1.21859675995132
1974,3,30,2,1.25019557615566,1.31127507038459
1974,4,30,2,1.2116705169649,1.21957202741425
1975,1,30,2,1.33990672053664,1.19267657011275
1975,2,30,2,1.32260066624878,1.14900919333903
1975,3,30,2,1.13996778131199,1.20888687718874
1975,4,30,2,1.51740251293508,1.13928400579637
1976,1,30,2,1.44383100345031,1.16136960196554
1976,2,30,2,1.35920504077165,1.15096417022724
1976,3,30,2,1.13734886831942,1.30787018347266
1976,4,30,2,1.27685497034281,1.25621094024552
1977,1,30,2,1.27137628159289,1.15696477195557
1977,2,30,2,1.26845547635884,1.03986406720488
1977,3,30,2,1.36042887595157,1.14510919583444
1977,4,30,2,1.52013629712602,1.11907225691278
1978,1,30,2,1.30695499469767,1.20165527243468
1978,2,30,2,1.10705130651369,1.25032060196446
1978,3,30,2,1.35418527441527,1.38596964586834
1978,4,30,2,1.40382408195451,1.25194707572589
1979,1,30,2,1.29537470397803,1.15904918395309
1979,2,30,2,1.28299860713298,1.06845106833265
1979,3,30,2,0.902126973481516,1.14545278012825
1979,4,30,2,1.09147500820204,1.00092722961183
1980,1,30,2,1.25144639703802,0.905271844250567
1980,2,30,2,0.821765667994635,0.860277730007413
1980,3,30,2,1.00450009515342,0.972699580870219
1980,4,30,2,0.988140880302663,0.89341864550985
1981,1,30,2,0.973828567069427,0.805090971398535
1981,2,30,2,0.817748865424707,0.746693862853478
1981,3,30,2,0.840380931549822,0.873279162928479
1981,4,30,2,1.05052495880778,0.773909761034516
1982,1,30,2,0.848742021880207,0.693988423118441
1982,2,30,2,0.828449000862423,0.657441166199031
1982,3,30,2,0.843833566434124,0.818485170691258
1982,4,30,2,0.825802201197729,0.828366160104444
1983,1,30,2,0.718492508572262,0.849846104006542
1983,2,30,2,0.97552450381321,0.849081586597375
1983,3,30,2,1.03136173305245,1.07254035698229
1983,4,30,2,0.914086566779778,1.04181043229473
1984,1,30,2,0.979767480759817,0.957432554090967
1984,2,30,2,1.14820516834528,0.899154861151563
1984,3,30,2,0.934045618377586,1.09285113348924
1984,4,30,2,0.66001019309341,1.05646665942093
1985,1,30,2,0.620766670212974,0.994466367263047
1985,2,30,2,0.715123517113649,0.925232705125751
1985,3,30,2,0.916053967095836,1.05594911756592
1985,4,30,2,0.922950200397874,0.963358174690782
1986,1,30,2,0.997913180441921,0.920121088191896
1986,2,30,2,0.918402069540353,0.89646143872182
1986,3,30,2,0.961289179581933,1.12603205799444
1986,4,30,2,1.31390024482474,1.3237915426624
1987,1,30,2,1.62141625693272,1.58867446702574
1987,2,30,2,1.78264817949025,1.62498729940437
1987,3,30,2,1.99251966272017,1.63967819496562
1987,4,30,2,1.36342511413218,1.51709906277852
1988,1,30,2,1.51391649760971,1.48557217340328
1988,2,30,2,1.14545278012825,1.47358764167756
1988,3,30,2,0.859847698659206,1.62970660225433
1988,4,30,2,1.50621517852816,1.67246736479204
1989,1,30,2,1.84356279309058,1.89155643357231
1989,2,30,2,1.85335961453809,2.01697729078117
1989,3,30,2,1.29252801213847,2.10139203723778
1989,4,30,2,2.02182384982354,1.82887312775201
1990,1,30,2,2.00410985583282,1.7285795467443
1990,2,30,2,1.4515036222481,1.70659473152855
1990,3,30,2,1.15188530997019,1.76085590412145
1990,4,30,2,1.61575121963179,1.69181175654891
1991,1,30,2,1.10971142050926,1.71823912176005
1991,2,30,2,1.29887694157191,1.65053586194011
1991,3,30,2,1.20647151959708,1.68387889811352
1991,4,30,2,1.59855484624676,1.53449294886954
1992,1,30,2,1.82905602420946,1.42632327947805
1992,2,30,2,1.70301464300097,1.2991367429395
1992,3,30,2,1.19363109312714,1.30957152034053
1992,4,30,2,1.15580838547322,1.21908429615604
1993,1,30,2,1.36002080850196,1.18625347460014
1993,2,30,2,1.44383100345031,1.11594323726522
1993,3,30,2,0.955710725604135,1.2302285928964
1993,4,30,2,1.02359403723671,1.26351813407657
1994,1,30,2,1.35757497295902,1.27035958729956
1994,2,30,2,1.22887608545968,1.14407906118831
1994,3,30,2,1.33002800712411,1.15107927239928
1994,4,30,2,0.98318301116882,1.08238831244381
1995,1,30,2,1.20081440808083,1.04450177354738
1995,2,30,2,0.964264157120023,0.977946806997103
1995,3,30,2,0.930009944389564,1.04744095114156
1995,4,30,2,0.601998695872749,0.95572984000979
1996,1,30,2,0.830854989962923,0.871447200919685
1996,2,30,2,0.997697654472589,0.77833364275767
1996,3,30,2,1.00769848209838,0.905869520879365
1996,4,30,2,1.17762535518742,0.819713819703683
1997,1,30,2,1.2131253943371,0.786863884826667
1997,2,30,2,1.47978972503059,0.815870204322674
1997,3,30,2,0.844171167376385,1.09097304515862
1997,4,30,2,0.851547497040458,1.09669378086879
1998,1,30,2,1.21409628295623,1.05305977718778
1998,2,30,2,1.80200511915384,0.983989551874475
1998,3,30,2,1.27303014553761,1.08349291177239
1998,4,30,2,0.79247049833446,1.0032994311798
1999,1,30,2,1.65947286378266,0.948854321055801
1999,2,30,2,1.05536850523429,0.917355687732031
1999,3,30,2,1.56941038834617,1.05343894695403
1999,4,30,2,1.96167754993695,1.01053510754077
2000,1,30,2,1.32485099962281,0.926408497131148
2000,2,30,2,0.769895875424341,0.788596890981077
2000,3,30,2,1.54728224249257,0.769357136892029
2000,4,30,2,1.13678033603018,0.68749549650572
2001,1,30,2,0.915669305214305,0.666710073485162
2001,2,30,2,0.648171472227437,0.658164749379638
2001,3,30,2,0.631094288818197,0.83443535869579
2001,4,30,2,0.966445858509079,0.822587844682459
2002,1,30,2,1.47005527187683,0.819467942441205
2002,2,30,2,1.33082626338132,0.76444897409007
2002,3,30,2,0.508139125400639,0.840717151161881
2002,4,30,2,1.10539197436415,0.819795795184359
2003,1,30,2,0.991320882889537,0.87467752798289
2003,2,30,2,0.926241758608582,0.901856375981127
2003,3,30,2,0.99350319608497,0.998093819074884
2003,4,30,2,0.630085345326123,0.933709422473864
2004,1,30,2,0.870663251269116,0.889941098416982
2004,2,30,2,0.728622145701982,0.825141823623021
2004,3,30,2,0.345072755043384,0.866147553352468
2004,4,30,2,0.655406254326841,0.833101329629722
2005,1,30,2,0.864935795206398,0.905588744850425
2005,2,30,2,0.979297305220209,0.901315424457224
2005,3,30,2,0.46361537671567,0.879501508171872
2005,4,30,2,0.612136489057248,0.75088707853109
2006,1,30,2,1.06315404054054,0.666776747826172
2006,2,30,2,0.723684322736355,0.615512515308859
2006,3,30,2,0.961741091687363,0.676718430678921
2006,4,30,2,0.818157842093066,0.657704195267817
2007,1,30,2,0.588604969678355,0.679770525680321
2007,2,30,2,0.477400269768031,0.687770549711296
2007,3,30,2,0.332538378994459,0.750061556864863
2007,4,30,2,0.452530551949934,0.672804824210878
2008,1,30,2,0.847215660378292,0.58602079716044
2008,2,30,2,0.641786233734277,0.503989421610043
2008,3,30,2,0.918346967069271,0.554549060000497
2008,4,30,2,0.597978786345119,0.519026675114122
2009,1,30,2,0.447266797501784,0.491103686179464
2009,2,30,2,0.446283892139617,0.466592030257681
2009,3,30,2,0.510481949742289,0.59143706512426
2009,4,30,2,0.33154225878488,0.603203898064953
2010,1,30,2,0.43456923625893,0.614159876223738
2010,2,30,2,0.290834762367852,0.578856889704954
2010,3,30,2,0.310056729455975,0.654293010220082
2010,4,30,2,0.347496738372415,0.607076783025002
2011,1,30,2,0.671259151320401,0.541723259102941
2011,2,30,2,0.722093967258803,0.494059165869177
2011,3,30,2,0.754500000584159,0.572123729888676
2011,4,30,2,0.264741870843845,0.545255929026428
2012,1,30,2,0.634004009774154,0.515097023972296
2012,2,30,2,0.388912848620611,0.465752920028983
2012,3,30,2,0.365678773130537,0.506414386092599
2012,4,30,2,0.645906837497233,0.465846079928668
2013,1,30,2,0.582340471337342,0.427799778542471
2013,2,30,2,0.382701487385759,0.394711563424256
2013,3,30,2,0.398957653222156,0.514170683285876
2013,4,30,2,0.648690216875412,0.496088966697527
2014,1,30,2,0.781687683440981,0.448162226227036
2014,2,30,2,0.783330952404718,0.408811953524632
2014,3,30,2,0.915367184196294,0.524452719057158
2014,4,30,2,0.952905062416663,0.505554212990537
2015,1,30,2,0.467245716573695,0.487873074596017
2015,2,30,2,0.412260437288989,0.465892666865969
2015,3,30,2,0.498625483046477,0.576142645793002
2015,4,30,2,0.358079589589914,0.550460543126177
2016,1,30,2,0.561187614875716,0.513194686478212
2016,2,30,2,0.350989138654261,0.460197285463483
2016,3,30,2,0.40276581103691,0.556270829450296
2016,4,30,2,0.50808831402871,0.496535647743874
2017,1,30,2,0.343008517418707,0.453481864637744
2017,2,30,2,0.348192427306198,0.426816969715229
2017,3,30,2,0.365678773130537,0.51043090409964
2017,4,30,2,0.367144417557721,0.523195541747637
2018,1,30,2,0.461164715208658,0.535368491510636
2018,2,30,2,0.333871196368094,0.512015695059183
2018,3,30,2,0.396491767915676,0.614958803252882
2018,4,30,2,0.524977434090005,0.631031182544682
2019,1,30,2,0.582573454119327,0.576776751397518
2019,2,30,2,0.457810470675808,0.487336709268975
2019,3,30,2,0.455754951943601,0.523247863917877
2019,4,30,2,0.536333022612924,0.467853530999016
2020,1,30,2,0.480609590795392,0.409343754660057
2020,2,30,2,0.382854598600915,0.368837172229342
2020,3,30,2,0.431063443075529,0.46799390811383
2020,4,30,2,0.377569734575778,0.419958240512139
2021,1,30,2,0.379158862293186,0.374186852767156
2021,2,30,2,0.371242422443549,0.367511745608694
2021,3,30,2,0.392900059884928,0.475446935733048
2021,4,30,2,0.476208259727,0.478786739960452
2022,1,30,2,0.604774268797231,0.440828221423399
2022,2,30,2,0.25846370527942,0.381784105115102
2022,3,30,2,0.400156323287919,0.451987840979302
2022,4,30,2,0.479697299524036,0.508393258491318
2023,1,30,2,0.406244534080411,0.544166506953589
2023,2,30,2,0.438234992464949,0.484857619105046
2023,3,30,2,0.357006960569147,0.551066382874388
2023,4,30,2,0.379234701649327,0.530784063778216
2024,1,30,2,0.576027428785928,0.471564211784399
2024,2,30,2,0.538105845135873,0.389808377636027
2024,3,30,2,0.5777003328679,0.463569017495998
2024,4,30,2,0.553939391413694,0.413333709074652
1952,1,31,3,2.92706437214141,1.70080216238906
1952,2,31,3,1.2718849338292,1.71600686218486
1952,3,31,3,1.5320397232552,1.60127470070664
1952,4,31,3,1.30264915176356,1.65864333475031
1953,1,31,3,1.60432001477021,1.68826267969514
1953,2,31,3,2.00511216131622,1.70063209067655
1953,3,31,3,2.01133765354367,1.58043480149429
1953,4,31,3,2.19021562963064,1.64066229708371
1954,1,31,3,1.36029283986589,1.68118684609246
1954,2,31,3,1.21798761387055,1.70710678675245
1954,3,31,3,1.30604044633065,1.60031422405802
1954,4,31,3,1.08853200052813,1.66113316665952
1955,1,31,3,1.4744720595614,1.67766005813911
1955,2,31,3,1.30787018347266,1.67280189171658
1955,3,31,3,1.1947058446766,1.56220767949091
1955,4,31,3,1.26554138125721,1.61575121963179
1956,1,31,3,1.27443124916342,1.64954583745999
1956,2,31,3,1.71052441681681,1.67096282130986
1956,3,31,3,2.3487892908163,1.6088184056198
1956,4,31,3,1.59281039501649,1.72030224633333
1957,1,31,3,1.60271649664812,1.7917629080072
1957,2,31,3,2.03094255885526,1.83583606684301
1957,3,31,3,1.93769670063374,1.80020401473698
1957,4,31,3,2.13592540983718,1.98694841105677
1958,1,31,3,2.20758685911642,2.10475695571429
1958,2,31,3,2.07840339416673,2.15028415817638
1958,3,31,3,2.13421735282321,1.99032909612369
1958,4,31,3,2.22442843617448,2.009126398538
1959,1,31,3,1.80705780394509,1.87498376365335
1959,2,31,3,1.69045884837909,1.73620205396823
1959,3,31,3,1.69876242388207,1.5020036748849
1959,4,31,3,1.30108691031378,1.4602388233794
1960,1,31,3,1.1468281485204,1.3714930994584
1960,2,31,3,1.10449696939087,1.30682430573276
1960,3,31,3,1.36533524607233,1.16044087782316
1960,4,31,3,1.25269846936688,1.14797555027418
1961,1,31,3,1.18459388172178,1.12221005009256
1961,2,31,3,1.35594686005459,1.12998007519726
1961,3,31,3,1.25207227669341,1.09943894534679
1961,4,31,3,1.2184749063681,1.20876599454526
1962,1,31,3,1.14510919583444,1.2903325811629
1962,2,31,3,1.08436005291201,1.32365917012687
1962,3,31,3,1.04685454841701,1.22666609809118
1962,4,31,3,1.11182187650653,1.25282374547752
1963,1,31,3,1.11728317295056,1.25307433528476
1963,2,31,3,1.18471234703312,1.25621094024552
1963,3,31,3,1.03250718018169,1.18779660693581
1963,4,31,3,1.13450904740384,1.2557085563529
1964,1,31,3,1.30356132539332,1.2872394961548
1964,2,31,3,0.954545469469671,1.27749355746146
1964,3,31,3,0.942819900757159,1.16136960196554
1964,4,31,3,0.845776617288844,1.17998296271946
1965,1,31,3,1.26276025058391,1.18957963878579
1965,2,31,3,1.25985923944923,1.20129482992203
1965,3,31,3,1.51300842016162,1.13201587099918
1965,4,31,3,1.20864512398943,1.17210350253658
1966,1,31,3,1.13882838332462,1.20466316891976
1966,2,31,3,1.00630982359167,1.17480244318437
1966,3,31,3,0.92001068028592,1.07311968517959
1966,4,31,3,1.08933781232211,1.11137723668982
1967,1,31,3,0.893507991841643,1.16987862018931
1967,2,31,3,0.953610473132626,1.15015877722852
1967,3,31,3,0.956714748885998,1.04186252411863
1967,4,31,3,1.0183258954992,1.05372341387101
1968,1,31,3,1.16625761192935,1.0993839747738
1968,2,31,3,1.07943742214881,1.07360269770759
1968,3,31,3,0.860707976425058,0.968167664089578
1968,4,31,3,1.03284796377735,0.989861742150023
1969,1,31,3,1.49855303618832,1.07587039097482
1969,2,31,3,1.23072078276497,1.10517091807565
1969,3,31,3,1.20997536512431,1.05274390663757
1969,4,31,3,0.947905941003803,1.10372409205092
1970,1,31,3,0.795646728553263,1.18483082419158
1970,2,31,3,0.90284896381793,1.14889429816455
1970,3,31,3,0.730226878981892,1.03829505736396
1970,4,31,3,0.621947248080196,1.05003132808944
1971,1,31,3,0.70772477269388,1.12187343757194
1971,2,31,3,0.801957231375141,1.14935394780762
1971,3,31,3,0.822012234678187,1.10380135544155
1971,4,31,3,0.828366160104444,1.16439309176416
1972,1,31,3,1.09638674959653,1.22568515764121
1972,2,31,3,1.15951289636297,1.22042602669832
1972,3,31,3,1.31075066524445,1.14122243580489
1972,4,31,3,1.27583389485119,1.19315373616764
1973,1,31,3,1.23306137511082,1.25007056284881
1973,2,31,3,0.85427681360848,1.23109005438777
1973,3,31,3,0.726149037073691,1.09407581245095
1973,4,31,3,0.698653756969512,1.05543182924431
1974,1,31,3,0.664978878822402,1.0184379175088
1974,2,31,3,0.924113850596049,0.996803120934798
1974,3,31,3,0.96736441832149,0.923467197255706
1974,4,31,3,1.048268756433,0.963782145554396
1975,1,31,3,1.03237296297258,1.01415930667144
1975,2,31,3,1.13020609381341,1.05684705588558
1975,3,31,3,1.11549694923387,1.02012992843239
1975,4,31,3,1.19327305750723,1.11237792644568
1976,1,31,3,0.904746938818192,1.16590778712211
1976,2,31,3,1.25207227669341,1.19889464125092
1976,3,31,3,1.19041263604796,1.13212907824654
1976,4,31,3,1.27366681976567,1.20394058781441
1977,1,31,3,1.14476571460045,1.21494644787731
1977,2,31,3,1.19375046220481,1.19817552022405
1977,3,31,3,1.43060867419451,1.09179158185538
1977,4,31,3,1.63280598828294,1.14202157117471
1978,1,31,3,1.17480244318437,1.21264024121645
1978,2,31,3,1.05972559291323,1.29615216201451
1978,3,31,3,1.08369879498391,1.24919581965065
1978,4,31,3,1.02069115421597,1.30264915176356
1979,1,31,3,0.981689708189619,1.30212819630089
1979,2,31,3,1.31982611914376,1.26503526593452
1979,3,31,3,1.42247740089592,1.10937855701513
1979,4,31,3,1.23010557618805,1.09120217355574
1980,1,31,3,1.09492952448907,1.06109352105204
1980,2,31,3,1.17868569508847,1.04756665159758
1980,3,31,3,0.846199611337188,0.959896320338531
1980,4,31,3,0.717056959582623,0.98533854140738
1981,1,31,3,0.885413952848838,0.993194264632318
1981,2,31,3,0.776312603775695,0.974374063791812
1981,3,31,3,0.58578643571699,0.873279162928479
1981,4,31,3,0.72216618026612,0.879325625459095
1982,1,31,3,0.792153573524314,0.878446739349931
1982,2,31,3,0.764907781102864,0.887364007819051
1982,3,31,3,0.73146932045219,0.847893704087916
1982,4,31,3,1.07621472459037,0.930102950034207
1983,1,31,3,1.02104845864457,1.01046437255899
1983,2,31,3,1.08543410093044,1.07773325766628
1983,3,31,3,0.925852818753053,1.05382879148119
1983,4,31,3,1.03404676258422,1.14866454228128
1984,1,31,3,0.900594660461697,1.2080409524829
1984,2,31,3,0.806864121285317,1.23899429733348
1984,3,31,3,0.902939253228707,1.16439309176416
1984,4,31,3,1.02453617706884,1.23973791697547
1985,1,31,3,1.00574745359734,1.29407997674556
1985,2,31,3,0.948247248574241,1.30317031565009
1985,3,31,3,0.952543027283977,1.18317322163025
1985,4,31,3,1.24147476556956,1.20695420473551
1986,1,31,3,1.05643496589655,1.21945007630917
1986,2,31,3,0.984875541106512,1.21227650370744
1986,3,31,3,1.12907645263432,1.09692411074657
1986,4,31,3,1.41057863550768,1.12299587213325
1987,1,31,3,1.4602388233794,1.10716201717978
1987,2,31,3,1.36601808439072,1.10274221460927
1987,3,31,3,1.45557352759888,1.03345752387853
1987,4,31,3,1.2557085563529,1.11215547310647
1988,1,31,3,1.01042395479245,1.12693324406721
1988,2,31,3,0.864676353386054,1.14797555027418
1988,3,31,3,1.00109660082748,1.06766070701184
1988,4,31,3,0.943225400490679,1.11873658558892
1989,1,31,3,0.891633593865491,1.13871450618024
1989,2,31,3,1.11627807045887,1.18317322163025
1989,3,31,3,1.07939424551546,1.10849140907601
1989,4,31,3,1.32763611006445,1.13450904740384
1990,1,31,3,1.28030713709066,1.1171714502195
1990,2,31,3,1.1985350268034,1.13178949046378
1990,3,31,3,1.40396447138206,1.07379596358659
1990,4,31,3,1.2537010291128,1.20105459498034
1991,1,31,3,1.27239378956709,1.28402541668774
1991,2,31,3,1.14167901608918,1.3148202969768
1991,3,31,3,1.21021738439846,1.19219959488611
1991,4,31,3,1.02363498181708,1.24458233532716
1992,1,31,3,1.19279584373334,1.20792015442766
1992,2,31,3,1.45805010709193,1.14866454228128
1992,3,31,3,1.17656596916297,0.991065155092056
1992,4,31,3,1.18625347460014,1.06203831465657
1993,1,31,3,1.01343950912207,1.0758596323247
1993,2,31,3,1.14270698972241,1.07749618242883
1993,3,31,3,0.99409351229,0.945359500520478
1993,4,31,3,1.04943298077762,1.01056542404874
1994,1,31,3,0.87467752798289,1.00360548417702
1994,2,31,3,1.09693508004252,0.9909977649528
1994,3,31,3,1.11415915573143,0.888518331176831
1994,4,31,3,1.22238027131983,0.98533854140738
1995,1,31,3,1.04410493827691,1.00556040196731
1995,2,31,3,0.95694438798132,1.0124063278348
1995,3,31,3,0.884352093348543,0.904566007524161
1995,4,31,3,0.90977314659961,0.975631817410769
1996,1,31,3,0.886122567419152,1.02958931558758
1996,2,31,3,1.04319696200755,1.0416958394499
1996,3,31,3,1.07060081475138,0.95538583919125
1996,4,31,3,1.04150835107326,1.06690293695006
1997,1,31,3,1.04017607322361,1.17868569508847
1997,2,31,3,1.05328094296258,1.24819686263102
1997,3,31,3,1.1948253212348,1.20610963242699
1997,4,31,3,1.97822504353037,1.34191808876648
1998,1,31,3,1.55908638646539,1.36711133610061
1998,2,31,3,1.19661890406748,1.26718765489886
1998,3,31,3,1.01239620382214,1.06065856188113
1998,4,31,3,0.824317094232821,1.06527182357645
1999,1,31,3,0.82374027417743,1.08023650146408
1999,2,31,3,0.803482398564763,1.03831582347277
1999,3,31,3,1.00611059397098,0.8684024671088
1999,4,31,3,0.980218277476262,0.848487437463215
2000,1,31,3,0.856672140579396,0.864157703184643
2000,2,31,3,0.914214547857594,0.79318404282982
2000,3,31,3,1.00341983433558,0.665045380035289
2000,4,31,3,0.977594809509934,0.733080324411768
2001,1,31,3,0.901856375981127,0.867187554292255
2001,2,31,3,1.15142464798474,0.925676923428075
2001,3,31,3,1.16777473273972,0.850526252913035
2001,4,31,3,1.14065196721602,0.92245194183158
2002,1,31,3,1.12041594967549,0.934372591560987
2002,2,31,3,1.41128410117715,0.886211184106655
2002,3,31,3,1.2109437327118,0.767282674407011
2002,4,31,3,1.09136586615841,0.848826900326246
2003,1,31,3,1.05466164516035,0.897089181413234
2003,2,31,3,0.798196876144654,0.93870876716025
2003,3,31,3,0.855302561110221,0.866667397822225
2003,4,31,3,1.01390579853461,0.945038132925888
2004,1,31,3,0.941830459408977,0.944546840843778
2004,2,31,3,1.02910552230958,0.882496902584595
2004,3,31,3,0.99403585653832,0.721083743026607
2004,4,31,3,0.953925216518562,0.746022140697222
2005,1,31,3,0.715481168277546,0.751337745964919
2005,2,31,3,0.61305538278884,0.740892306208001
2005,3,31,3,0.686877028911029,0.638010843308772
2005,4,31,3,0.780281911185376,0.698095057473533
2006,1,31,3,0.697118408207075,0.734915318009069
2006,2,31,3,0.828531849904893,0.706663981327262
2006,3,31,3,0.821601331295254,0.600195406072298
2006,4,31,3,0.908491270398001,0.677124583571012
2007,1,31,3,0.778722906886972,0.749911559553721
2007,2,31,3,0.673275952463476,0.764601879174887
2007,3,31,3,0.717702601341458,0.679091094926637
2007,4,31,3,0.736312984475965,0.774374246222759
2008,1,31,3,0.655013128523779,0.815217769168074
2008,2,31,3,0.723829074075554,0.788360347397094
2008,3,31,3,0.719786959744245,0.680178510378899
2008,4,31,3,0.938070662178862,0.76094058429225
2009,1,31,3,0.960145925829127,0.77926820375343
2009,2,31,3,0.834185065634017,0.748113929829323
2009,3,31,3,0.796283500610968,0.638713041374543
2009,4,31,3,0.804929969305001,0.699422698942729
2010,1,31,3,0.740966399143206,0.683929798772698
2010,2,31,3,0.611585814058016,0.684477161527626
2010,3,31,3,0.543079261547503,0.641914603817604
2010,4,31,3,0.573900065348746,0.754047436366651
2011,1,31,3,0.665777332453353,0.752841925134626
2011,2,31,3,0.745052942029944,0.723250242379842
2011,3,31,3,0.770666156376051,0.626253523657556
2011,4,31,3,0.8560726799167,0.684066598411961
2012,1,31,3,0.757751335947939,0.684135008492249
2012,2,31,3,0.87354118597885,0.658362228424827
2012,3,31,3,0.72723907795558,0.56332418472395
2012,4,31,3,0.684614070650387,0.638266098693769
2013,1,31,3,0.623753512917752,0.66119928129931
2013,2,31,3,0.575797063890464,0.646294497886218
2013,3,31,3,0.745201967520403,0.580712198663146
2013,4,31,3,0.874327726936571,0.668846962919932
2014,1,31,3,0.916521273772128,0.696073514460992
2014,2,31,3,1.06617768956499,0.705604779954901
2014,3,31,3,1.19065074238501,0.647912255485351
2014,4,31,3,1.12783515137728,0.769434076452632
2015,1,31,3,1.09185709131555,0.809531171097401
2015,2,31,3,1.01763366927385,0.823163857754791
2015,3,31,3,0.920075083287619,0.75088707853109
2015,4,31,3,1.1216490853204,0.847554614428734
2016,1,31,3,0.755103842089024,0.848063299787738
2016,2,31,3,0.546129036812837,0.853252296265497
2016,3,31,3,0.632357740426291,0.772286255813464
2016,4,31,3,0.603143580691065,0.814077262831957
2017,1,31,3,0.696143125292922,0.773213555589029
2017,2,31,3,0.641786233734277,0.726294281405055
2017,3,31,3,0.645196730606378,0.612748931716598
2017,4,31,3,0.620828749983932,0.634574870231623
2018,1,31,3,0.727093644683801,0.632990414451007
2018,2,31,3,0.716411898639964,0.61637483631415
2018,3,31,3,0.71134338866199,0.548976304283848
2018,4,31,3,0.831935803826672,0.594282787306309
2019,1,31,3,0.756237347768885,0.595353459639479
2019,2,31,3,0.647199943847542,0.586959180942734
2019,3,31,3,0.671124912914425,0.532272341773647
2019,4,31,3,0.66093485447568,0.592798935925109
2020,1,31,3,0.689630039376925,0.622009445914843
2020,2,31,3,0.504039823072235,0.651941790118789
2020,3,31,3,0.484809135767343,0.616683100792004
2020,4,31,3,0.631220520298688,0.692809645044392
2021,1,31,3,0.463569017495998,0.70694670346045
2021,2,31,3,0.716626854451316,0.679634585169689
2021,3,31,3,0.64687642476213,0.578741129903378
2021,4,31,3,0.621822871068695,0.64146542082732
2022,1,31,3,0.675433886364164,0.669114555219992
2022,2,31,3,0.600315457158221,0.659548347623018
2022,3,31,3,0.584031709814736,0.580073766446711
2022,4,31,3,0.520117776387218,0.652855147826169
2023,1,31,3,0.626880090412377,0.66001019309341
2023,2,31,3,0.784663747578722,0.649793928132858
2023,3,31,3,0.939882886791089,0.568473830154853
2023,4,31,3,0.788123874765543,0.61631320191229
2024,1,31,3,0.895565425364444,0.588016658913085
2024,2,31,3,0.765902807845548,0.58555216799937
2024,3,31,3,0.776312603775695,0.530518738083278
2024,4,31,3,0.781140693531376,0.578509679744535
1952,1,32,4,NA,NA
1952,2,32,4,NA,NA
1952,3,32,4,2.16950710239865,1.82321239971773
1952,4,32,4,1.67096282130986,1.71052441681681
1953,1,32,4,1.17339352577207,1.58550029332345
1953,2,32,4,2.90955456785081,1.88249871859791
1953,3,32,4,1.89704990891892,1.7650870336158
1953,4,32,4,1.31521480223872,1.66695731906405
1954,1,32,4,1.68623797954256,1.55939823492649
1954,2,32,4,1.72685183119931,1.86227712559278
1954,3,32,4,1.85039661019041,1.75645926245315
1954,4,32,4,1.63836697696678,1.67883483130244
1955,1,32,4,1.67481045888591,1.57522796265865
1955,2,32,4,2.46255640651316,1.88739958362999
1955,3,32,4,1.5609584131205,1.80597389446808
1955,4,32,4,2.20471886080238,1.74037394316228
1956,1,32,4,0.878622446267907,1.63150026585093
1956,2,32,4,1.99990564110608,1.9744699843835
1956,3,32,4,2.80106583469908,1.9065589111587
1956,4,32,4,3.13302815962437,1.8617185262492
1957,1,32,4,1.55146554947037,1.77162995257587
1957,2,32,4,2.07715672616803,2.13763483384348
1957,3,32,4,1.78336138139291,2.04889372264918
1957,4,32,4,1.84669951529729,1.96108913493864
1958,1,32,4,3.94322927281256,1.81756919276865
1958,2,32,4,1.57806592639254,2.06328629393762
1958,3,32,4,1.29718949862344,1.88268697788258
1958,4,32,4,1.24060603732402,1.71703677524519
1959,1,32,4,1.1040442184537,1.56330160769676
1959,2,32,4,1.48319715844448,1.70284435005146
1959,3,32,4,1.8552139011414,1.53066150779425
1959,4,32,4,1.78068834459961,1.39570546901586
1960,1,32,4,1.05724873408084,1.27506862411846
1960,2,32,4,1.09605788290412,1.43118103212815
1960,3,32,4,0.967374092014042,1.30944056973614
1960,4,32,4,0.781765856117894,1.23072078276497
1961,1,32,4,0.965373698764876,1.14740170597207
1961,2,32,4,1.61720605030506,1.36793184903154
1961,3,32,4,0.472602795073046,1.31193087185649
1961,4,32,4,0.710419243081508,1.27328477702902
1962,1,32,4,0.707583241892893,1.22030399019758
1962,2,32,4,2.87197515390135,1.45644713377109
1962,3,32,4,1.68522654021697,1.37382662065851
1962,4,32,4,1.51406789682931,1.30747788126589
1963,1,32,4,1.44310926839739,1.23219853417781
1963,2,32,4,2.046845853032,1.41750743251096
1963,3,32,4,1.61203926221402,1.34178390366697
1963,4,32,4,1.6571512272981,1.28556717205598
1964,1,32,4,1.4688796979516,1.18957963878579
1964,2,32,4,1.45135847914315,1.36519871937417
1964,3,32,4,1.24184726387119,1.30773940299345
1964,4,32,4,1.56846902455054,1.26301282789091
1965,1,32,4,1.72754271009836,1.20490412564841
1965,2,32,4,1.99371553324308,1.43662986627836
1965,3,32,4,1.24832168855847,1.41396808995129
1965,4,32,4,1.11538540511625,1.39835983025164
1966,1,32,4,1.28505304801882,1.30617105690571
1966,2,32,4,1.8124871172549,1.52714503182387
1966,3,32,4,1.19160364408878,1.47565210916596
1966,4,32,4,1.8716118285308,1.45790430937123
1967,1,32,4,1.63722052138917,1.32299750597163
1967,2,32,4,1.90732168726821,1.51892067440224
1967,3,32,4,1.51603746503714,1.45193913865897
1967,4,32,4,1.6951987659424,1.41935139048622
1968,1,32,4,1.65615723478929,1.31679400733496
1968,2,32,4,1.71995822028781,1.53326584541727
1968,3,32,4,1.27443124916342,1.52546609587293
1968,4,32,4,1.27570631784066,1.53479987815122
1969,1,32,4,1.79517049371372,1.43175361905075
1969,2,32,4,1.52852008103184,1.6781634316588
1969,3,32,4,1.4004589439387,1.66945963130764
1969,4,32,4,2.00190654703341,1.65119620834536
1970,1,32,4,2.08277262738367,1.47653776610197
1970,2,32,4,1.56002211898895,1.65731695070686
1970,3,32,4,1.29965650158147,1.59265112194077
1970,4,32,4,1.67732455967844,1.54589031493569
1971,1,32,4,1.57932888424944,1.39682248013595
1971,2,32,4,1.52104865258356,1.57901305005706
1971,3,32,4,1.22629815345621,1.53879554995687
1971,4,32,4,1.22691145584576,1.52577121960346
1972,1,32,4,1.35689635514113,1.4031223453623
1972,2,32,4,1.62401259946395,1.56392705342065
1972,3,32,4,1.06622033752553,1.48156653857554
1972,4,32,4,1.0934523669367,1.41920946244369
1973,1,32,4,1.26845547635884,1.2708678327768
1973,2,32,4,1.25809667060008,1.36793184903154
1973,3,32,4,1.10217995946707,1.27099492591463
1973,4,32,4,1.01232533856819,1.18317322163025
1974,1,32,4,0.884440532979785,1.05922763891292
1974,2,32,4,0.967461159600306,1.16707427805749
1974,3,32,4,0.751488028541869,1.10948950041791
1974,4,32,4,0.912606945358539,1.08359043052272
1975,1,32,4,1.11638970384749,1.02623831951013
1975,2,32,4,1.45324647209557,1.16625761192935
1975,3,32,4,1.54650879474938,1.13666666368028
1975,4,32,4,1.6919809461839,1.08930513267794
1976,1,32,4,1.80904666120037,1.02246870284314
1976,2,32,4,1.63133712398157,1.15280718691978
1976,3,32,4,1.22899897921281,1.11226669421474
1976,4,32,4,1.21397487939822,1.08468540972897
1977,1,32,4,1.18400173283048,1.03234199224825
1977,2,32,4,1.0051361450022,1.15557724691075
1977,3,32,4,0.783722715813611,1.12434427606036
1977,4,32,4,1.33937086502667,1.11382495811686
1978,1,32,4,1.08569463637767,1.07681757361812
1978,2,32,4,1.46096912535136,1.25922946728567
1978,3,32,4,1.24744816914395,1.2168919181551
1978,4,32,4,1.13178949046378,1.15916509466693
1979,1,32,4,1.21409628295623,1.07521431016132
1979,2,32,4,1.43734836082016,1.19315373616764
1979,3,32,4,1.22494996712583,1.1175066519323
1979,4,32,4,1.73602844244355,1.03876239528292
1980,1,32,4,1.51376511352928,0.95466956844696
1980,2,32,4,1.37575132490604,1.07218647705788
1980,3,32,4,1.29654106599579,1.0205176514679
1980,4,32,4,1.42361583813081,0.967122607444529
1981,1,32,4,0.831187398436171,0.901676022741855
1981,2,32,4,1.04299877341328,1.00216333664336
1981,3,32,4,1.45571909222975,0.947280529491242
1981,4,32,4,1.00698226312363,0.898615530050383
1982,1,32,4,0.760104009849826,0.846538158886719
1982,2,32,4,1.03951057351937,0.968090213774505
1982,3,32,4,0.883203182580993,0.963088472161985
1982,4,32,4,0.871708674299006,0.962539668156853
1983,1,32,4,1.36478922118616,0.936973761316247
1983,2,32,4,1.68085064234473,1.09478719290264
1983,3,32,4,0.864762825344919,1.12232227670881
1983,4,32,4,0.763379494336853,1.14866454228128
1984,1,32,4,1.21385348797995,1.11482785181363
1984,2,32,4,1.9061776375051,1.29226953238488
1984,3,32,4,1.1255817352418,1.28107555187429
1984,4,32,4,0.591614522861127,1.26782140715117
1985,1,32,4,1.22777059452831,1.17821431509272
1985,2,32,4,1.17998296271946,1.29770847821188
1985,3,32,4,1.16381104074316,1.22519498161989
1985,4,32,4,1.22225803940439,1.16474246209461
1986,1,32,4,0.969737366821322,1.08169580554969
1986,2,32,4,1.38610824976301,1.19065074238501
1986,3,32,4,1.11840101495136,1.11594323726522
1986,4,32,4,1.20514513057323,1.04484651601203
1987,1,32,4,1.02611517830041,0.953591401113885
1987,2,32,4,1.11549694923387,1.03713281787532
1987,3,32,4,1.09972483663684,0.966784173761273
1987,4,32,4,0.761321149717824,0.908573038291837
1988,1,32,4,0.672939398632714,0.871098691745798
1988,2,32,4,1.00956444977818,0.974812630790692
1988,3,32,4,0.830190571773664,0.930754250027634
1988,4,32,4,0.697257845832015,0.895654986384957
1989,1,32,4,0.544819898718585,0.87976539820585
1989,2,32,4,1.05527352634293,1.01859069465443
1989,3,32,4,0.819222138930843,1.0066550470636
1989,4,32,4,0.641529570576837,1.00079651705136
1990,1,32,4,0.928773853346279,0.989812250300223
1990,2,32,4,1.52943746826911,1.13678033603018
1990,3,32,4,1.11427057721799,1.11326818484272
1990,4,32,4,0.856158291465198,1.09957088593651
1991,1,32,4,1.51968032463617,1.06242071727819
1991,2,32,4,1.33870134698761,1.18270004698284
1991,3,32,4,0.887364007819051,1.10705130651369
1991,4,32,4,0.776545532494389,1.04037372545389
1992,1,32,4,0.932365848510924,0.953715376054226
1992,2,32,4,1.11996787291695,1.01060584747416
1992,3,32,4,0.816931525297457,0.928300299447581
1992,4,32,4,0.702155773499821,0.875727771036273
1993,1,32,4,0.704688089718713,0.845945789528962
1993,2,32,4,0.914415697183737,0.940005079508726
1993,3,32,4,0.895117754578785,0.872319083989482
1993,4,32,4,0.794771998341673,0.829194940585724
1994,1,32,4,0.914077425959815,0.821519175269994
1994,2,32,4,1.18400173283048,0.9451420928382
1994,3,32,4,0.783644347460512,0.891811938418125
1994,4,32,4,0.775924544496712,0.847300386180549
1995,1,32,4,0.782156836782974,0.844508903386034
1995,2,32,4,1.50531172048556,1.00510800158415
1995,3,32,4,1.05762941214305,1.01135397257344
1995,4,32,4,1.07088991599827,1.04488831070856
1996,1,32,4,1.12591946041862,1.05035688826037
1996,2,32,4,1.84079952187248,1.2326915121805
1996,3,32,4,1.65384023693753,1.29395057521807
1996,4,32,4,1.24682460096441,1.33883522381604
1997,1,32,4,1.29343309849023,1.30395245245706
1997,2,32,4,1.66196394091911,1.50636580757734
1997,3,32,4,1.32962905856725,1.51467364512962
1997,4,32,4,1.27392157860466,1.50470971620625
1998,1,32,4,1.30173761643191,1.34702707843635
1998,2,32,4,1.49257079649926,1.40326266461268
1998,3,32,4,1.26947064675394,1.35459159094203
1998,4,32,4,1.25834831509781,1.30852428207542
1999,1,32,4,0.994245620233341,1.21579720812217
1999,2,32,4,1.19829534376715,1.35567569779971
1999,3,32,4,1.15939695087071,1.3385674835462
1999,4,32,4,0.923550313043613,1.32035415519159
2000,1,32,4,1.10330475657473,1.16649088677844
2000,2,32,4,1.46594487435757,1.23244499853025
2000,3,32,4,1.35621807654734,1.16987862018931
2000,4,32,4,1.03553686253681,1.14465124375262
2001,1,32,4,1.03647962997585,1.04107100941398
2001,2,32,4,1.19088889634809,1.1079373019098
2001,3,32,4,1.64625004267845,1.02497682235692
2001,4,32,4,0.846538158886719,0.963724320360436
2002,1,32,4,0.86148296229517,0.863207652334904
2002,2,32,4,1.01738946649873,0.896640748939988
2002,3,32,4,0.857700764198828,0.82522434193123
2002,4,32,4,0.706734651258833,0.772749766606284
2003,1,32,4,0.758964708524664,0.739485947290257
2003,2,32,4,1.07241165986143,0.864676353386054
2003,3,32,4,0.666376801773291,0.892614930454916
2003,4,32,4,0.697536804758413,0.911977463762367
2004,1,32,4,0.704547166193592,0.865368371238997
2004,2,32,4,1.20864512398943,0.901585859647811
2004,3,32,4,0.956953957473047,0.78670652778593
2004,4,32,4,0.727093644683801,0.720146943212484
2005,1,32,4,0.763608542540667,0.699352760169832
2005,2,32,4,1.06583656728681,0.825389403305203
2005,3,32,4,0.738156069833912,0.833934847648901
2005,4,32,4,0.982043180105694,0.83318464392833
2006,1,32,4,0.629644439919291,0.780047861721196
2006,2,32,4,0.874415164081049,0.872493565253825
2006,3,32,4,0.543568252895995,0.864762825344919
2006,4,32,4,0.622880868992946,0.875990528779274
2007,1,32,4,0.790491796496495,0.813344922897811
2007,2,32,4,0.78670652778593,0.904113837572307
2007,3,32,4,0.724046255373342,0.876253365361424
2007,4,32,4,0.936355562661775,0.856586477648556
2008,1,32,4,0.68694572004842,0.798835689136697
2008,2,32,4,1.06114657705448,0.876866957449353
2008,3,32,4,0.736828584003879,0.834852680696944
2008,4,32,4,0.640311821620589,0.763455836103312
2009,1,32,4,0.523457204928855,0.680722870902379
2009,2,32,4,0.756766899233712,0.712482449089192
2009,3,32,4,0.664114967943671,0.623628774689407
2009,4,32,4,0.608596373679429,0.518041460681501
2010,1,32,4,0.553441070239587,0.461995559231327
2010,2,32,4,0.72151652309346,0.488263529216718
2010,3,32,4,0.525818070314193,0.458176865590773
2010,4,32,4,0.385698231094357,0.448834974001067
2011,1,32,4,0.565581994071129,0.491103686179464
2011,2,32,4,0.963213681801816,0.58555216799937
2011,3,32,4,0.680859029091925,0.582806530113065
2011,4,32,4,0.456941456606318,0.599355720420902
2012,1,32,4,0.559282816976522,0.603807403665526
2012,2,32,4,0.82505931356623,0.687014418055268
2012,3,32,4,0.638776915872352,0.66119928129931
2012,4,32,4,0.417487781912371,0.635718133626414
2013,1,32,4,1.40888695635556,0.591673687271585
2013,2,32,4,0.829609641722662,0.64849563899849
2013,3,32,4,0.499723666668229,0.606045629222927
2013,4,32,4,0.416778655611257,0.566261099845986
2014,1,32,4,0.812044611547655,0.533071349392207
2014,2,32,4,0.85316697530199,0.578336152870944
2014,3,32,4,0.558332843893568,0.545092376781783
2014,4,32,4,0.589901326080827,0.531740335479354
2015,1,32,4,0.592088003846558,0.53424539734008
2015,2,32,4,0.785684473778853,0.628009490730468
2015,3,32,4,0.597381106448529,0.597918991456279
2015,4,32,4,0.567508245622987,0.56186144423032
2016,1,32,4,0.641144768286722,0.555325972396279
2016,2,32,4,0.730957471096048,0.647329396781174
2016,3,32,4,0.622880868992946,0.629518523623356
2016,4,32,4,0.492776280511574,0.598457360778445
2017,1,32,4,0.393214505694389,0.566317728787371
2017,2,32,4,0.549800386647531,0.646553067395827
2017,3,32,4,0.44601620211937,0.624003064229854
2017,4,32,4,0.349238573022081,0.600855984270379
2018,1,32,4,0.403773985257186,0.551507412368964
2018,2,32,4,0.627130892605637,0.610363864786488
2018,3,32,4,0.480033205186969,0.566657621382225
2018,4,32,4,0.383659438043613,0.509818754378011
2019,1,32,4,0.417237364375997,0.450859282662541
2019,2,32,4,0.452983308842601,0.517213257083972
2019,3,32,4,0.388524130163612,0.478116907516624
2019,4,32,4,0.312859835075429,0.452349575926772
2020,1,32,4,0.363491269564957,0.455253897127135
2020,2,32,4,0.413375044512297,0.552887905797665
2020,3,32,4,0.468321618534776,0.538698087238962
2020,4,32,4,0.390042332842152,0.555270442575577
2021,1,32,4,0.495246331896656,0.551011278991341
2021,2,32,4,0.616066725930008,0.649728951988906
2021,3,32,4,0.613914261399488,0.639799777008446
2021,4,32,4,0.39137073377571,0.635209762495079
2022,1,32,4,0.544983369207548,0.593688801561374
2022,2,32,4,0.653965945487969,0.646941115639096
2022,3,32,4,0.574531702757514,0.592561863768331
2022,4,32,4,0.534940367989669,0.551341984960605
2023,1,32,4,0.534512586830556,0.500173620417045
2023,2,32,4,0.523561906839683,0.518507907865862
2023,3,32,4,0.488898684566226,0.443702937568734
2023,4,32,4,0.360234525470291,0.367989821560024
2024,1,32,4,0.490269519155825,0.330549122457868
2024,2,32,4,0.551783235025066,0.353808313427004
2024,3,32,4,0.458818762425542,0.32206560885008
2024,4,32,4,0.384235359033436,0.303309967902223
1952,1,33,5,4.98782528430484,1.48943968664265
1952,2,33,5,1.85967176179715,1.45717553942421
1952,3,33,5,2.70094037659499,1.46946736735683
1952,4,33,5,1.45775852622957,1.46932042796718
1953,1,33,5,2.29308941985637,1.54914009567253
1953,2,33,5,1.76455758692668,1.51043849090614
1953,3,33,5,1.9477989666048,1.51649234450516
1953,4,33,5,2.07902700872249,1.50531172048556
1954,1,33,5,1.54326453394651,1.5766463059838
1954,2,33,5,0.749461747575076,1.53020237821479
1954,3,33,5,1.01606771951397,1.52577121960346
1954,4,33,5,1.04641496182632,1.50576338174751
1955,1,33,5,1.42176633997551,1.56423987011196
1955,2,33,5,1.53541392090284,1.49421352771194
1955,3,33,5,1.1356441238949,1.46009280679801
1955,4,33,5,1.28646738411388,1.42247740089592
1956,1,33,5,1.72391867697376,1.47831067495385
1956,2,33,5,1.30800097703058,1.44080213976305
1956,3,33,5,2.42153103690063,1.46697139500993
1956,4,33,5,1.26162427762289,1.50923062332486
1957,1,33,5,1.84743834285907,1.67112992594708
1957,2,33,5,2.19965383443569,1.71995822028781
1957,3,33,5,1.80398841539786,1.77003620291348
1957,4,33,5,1.57790812768997,1.73481364776159
1958,1,33,5,1.95091793946427,1.7723387463062
1958,2,33,5,1.64378251872006,1.69350441449337
1958,3,33,5,1.91841629631875,1.65798001009018
1958,4,33,5,1.46404038420771,1.58835676390371
1959,1,33,5,1.43418967025998,1.61075014651928
1959,2,33,5,1.59967422637647,1.52059240642813
1959,3,33,5,1.46243082520483,1.46946736735683
1959,4,33,5,1.83638690028395,1.39975888949493
1960,1,33,5,1.30643231724225,1.42148201514095
1960,2,33,5,1.4759472691028,1.36042887595157
1960,3,33,5,1.64000616340037,1.36151765450568
1960,4,33,5,2.13592540983718,1.370259310957
1961,1,33,5,1.67615084333531,1.45601026516452
1961,2,33,5,2.09656438947524,1.41694054292343
1961,3,33,5,1.85465742044734,1.3775409646422
1961,4,33,5,1.3901337979109,1.30891689824952
1962,1,33,5,1.35053390574027,1.32989501097332
1962,2,33,5,1.40916876192645,1.27583389485119
1962,3,33,5,1.60111458124267,1.26276025058391
1962,4,33,5,1.61413627601854,1.24408460194634
1963,1,33,5,1.67967445860743,1.30512653792348
1963,2,33,5,1.65119620834536,1.26137197799817
1963,3,33,5,1.63836697696678,1.2233585668029
1963,4,33,5,1.41609063359597,1.16322928067492
1964,1,33,5,1.71635009787972,1.18128165812998
1964,2,33,5,1.47108467081474,1.13201587099918
1964,3,33,5,1.38416905596573,1.12209783469842
1964,4,33,5,1.34299205276582,1.10660857454338
1965,1,33,5,1.40298204014314,1.15084907956485
1965,2,33,5,1.3458152994481,1.09897727794668
1965,3,33,5,1.38791136225688,1.07520355807198
1965,4,33,5,1.18364658558538,1.05736503783818
1966,1,33,5,1.57113768961488,1.11862471752386
1966,2,33,5,1.50380716117011,1.08658527108982
1966,3,33,5,1.25244795472531,1.06270760960057
1966,4,33,5,1.23219853417781,1.02110972339002
1967,1,33,5,1.4570298291559,1.04942248650028
1967,2,33,5,1.49286934051197,1.00318004565107
1967,3,33,5,1.16625761192935,0.982161032358301
1967,4,33,5,0.963733957651826,0.950649351492023
1968,1,33,5,1.16276408200859,0.990984882065595
1968,2,33,5,1.24707399082276,0.965132385505599
1968,3,33,5,1.15280718691978,0.982111925534364
1968,4,33,5,1.20225625030284,0.989723171206315
1969,1,33,5,1.46550515685618,1.04655100461395
1969,2,33,5,1.42675124065286,0.989139406762748
1969,3,33,5,1.40916876192645,0.958908136130813
1969,4,33,5,1.38638549913697,0.928049692200231
1970,1,33,5,1.16544151726745,0.970358197380675
1970,2,33,5,0.995845653272478,0.932533689468889
1970,3,33,5,0.784349944844422,0.922083034841164
1970,4,33,5,0.776157356780157,0.907501554406473
1971,1,33,5,1.08828166695747,0.964958677310415
1971,2,33,5,0.978925242940536,0.946191783031531
1971,3,33,5,0.974305859994507,0.958908136130813
1971,4,33,5,0.814077262831957,0.974958863652501
1972,1,33,5,1.07263688995833,1.05842293173481
1972,2,33,5,1.3800227713345,1.03587864609264
1972,3,33,5,1.00317001390077,1.01439259013855
1972,4,33,5,0.828366160104444,0.966958210575393
1973,1,33,5,1.03868968446016,0.974832127238272
1973,2,33,5,1.03383997391126,0.906367886153736
1973,3,33,5,1.01957920697921,0.882055764427033
1973,4,33,5,0.749162022824993,0.867014134123991
1974,1,33,5,0.67726002203112,0.918861385394518
1974,2,33,5,0.855302561110221,0.906295379623143
1974,3,33,5,0.844677822058016,0.928244603100522
1974,4,33,5,0.804929969305001,0.955232989685265
1975,1,33,5,1.11059954484804,1.04050898282974
1975,2,33,5,1.86432675752183,1.04032170806806
1975,3,33,5,1.63803933633654,1.04365606966711
1975,4,33,5,1.29369181098032,1.01661654425185
1976,1,33,5,1.40326266461268,1.03814970623074
1976,2,33,5,1.18791539253569,0.977252711197302
1976,3,33,5,0.852484714662391,0.939197022654599
1976,4,33,5,0.865022293110741,0.908745683569894
1977,1,33,5,1.03774490678634,0.959781139691068
1977,2,33,5,1.21203407265062,0.963059579941206
1977,3,33,5,1.26351813407657,0.990859034977032
1977,4,33,5,1.64608542590516,0.995745077940637
1978,1,33,5,1.60592513721244,1.03330251687576
1978,2,33,5,1.26630093392898,0.979718493610468
1978,3,33,5,1.33389068652281,0.944461835453402
1978,4,33,5,1.15870152134991,0.915293957750655
1979,1,33,5,1.0061317225153,0.950725406482302
1979,2,33,5,1.33535877357783,0.921189047951105
1979,3,33,5,1.3901337979109,0.91364791051365
1979,4,33,5,1.50020235148523,0.909955119425606
1980,1,33,5,0.939788903201668,0.956867835492421
1980,2,33,5,1.13009307885487,0.909227446438069
1980,3,33,5,0.975875755856157,0.863898494756896
1980,4,33,5,0.814484403239992,0.811151853581853
1981,1,33,5,0.953705838948151,0.821683495536527
1981,2,33,5,0.862948728879664,0.785134687094996
1981,3,33,5,0.813588962978862,0.772595232106928
1981,4,33,5,0.728330755125702,0.76958797865763
1982,1,33,5,0.788596890981077,0.827703732182859
1982,2,33,5,1.17445005531224,0.824399530063967
1982,3,33,5,0.965817872818508,0.831353652540714
1982,4,33,5,1.29887694157191,0.832684883085219
1983,1,33,5,1.73065508727565,0.888518331176831
1983,2,33,5,1.95717087623355,0.882585156687485
1983,3,33,5,1.04804864310686,0.895207270829981
1983,4,33,5,0.858043913129718,0.896820095023787
1984,1,33,5,1.03423290775404,0.962154729282498
1984,2,33,5,1.05785153764196,0.959397304007446
1984,3,33,5,1.00608644760648,0.967103265185803
1984,4,33,5,0.910510361380034,0.948275696418414
1985,1,33,5,1.15754339898625,0.983124021957844
1985,2,33,5,1.03781755147235,0.948512794978604
1985,3,33,5,1.10074805645838,0.932869462032533
1985,4,33,5,1.18625347460014,0.903119859139342
1986,1,33,5,0.884617438776371,0.936617778927884
1986,2,33,5,1.0477342756714,0.916942970540884
1986,3,33,5,1.13996778131199,0.936702078321403
1986,4,33,5,1.12783515137728,0.959637183317112
1987,1,33,5,1.42205072168073,1.04610108442174
1987,2,33,5,1.37437626122756,1.04547361203163
1987,3,33,5,1.43447653687974,1.03998885838027
1987,4,33,5,1.18720285708218,1.0015702315245
1988,1,33,5,0.962068139253472,1.02865281548257
1988,2,33,5,0.850611309791099,0.9967682334361
1988,3,33,5,0.759876012848131,0.975739142813473
1988,4,33,5,0.696143125292922,0.930037845106404
1989,1,33,5,0.680178510378899,0.956456470772913
1989,2,33,5,0.736092123711393,0.945019232352235
1989,3,33,5,0.888962701425724,0.977389536154393
1989,4,33,5,0.722888707649867,1.01788810949487
1990,1,33,5,0.72462572413424,1.13860064042301
1990,2,33,5,1.17198629804665,1.16032483953738
1990,3,33,5,1.30904779648415,1.16497543388344
1990,4,33,5,1.02265276377463,1.12097629772567
1991,1,33,5,0.907447105946679,1.15835396302986
1991,2,33,5,1.4203452842818,1.16777473273972
1991,3,33,5,1.45848758774287,1.21591879392217
1991,4,33,5,1.06180469192678,1.20093449552591
1992,1,33,5,1.36902663236571,1.23466539728698
1992,2,33,5,1.30186779670246,1.22067013631381
1992,3,33,5,1.46184596985362,1.22691145584576
1992,4,33,5,1.24557839956799,1.15742765043387
1993,1,33,5,0.850101096084643,1.15742765043387
1993,2,33,5,1.56283268755599,1.1353034817566
1993,3,33,5,1.2198159662128,1.17868569508847
1993,4,33,5,1.3443357165385,1.20237648193935
1994,1,33,5,0.882938261366388,1.29382118663009
1994,2,33,5,1.24782245973547,1.30238864798445
1994,3,33,5,1.64246801857525,1.30304000513416
1994,4,33,5,1.81938767104902,1.21518946146743
1995,1,33,5,1.10616601963045,1.19148448968219
1995,2,33,5,1.01229496926357,1.12952817355354
1995,3,33,5,0.988555986638619,1.09631000521015
1995,4,33,5,0.912415318021589,1.04390657718353
1996,1,33,5,0.668445775110558,1.08741138978119
1996,2,33,5,0.969223542192461,1.10288558041575
1996,3,33,5,0.953696301937447,1.18175426530836
1996,4,33,5,0.806299514036009,1.23010557618805
1997,1,33,5,0.93348535910115,1.33135870036697
1997,2,33,5,1.3954263558343,1.29524517298429
1997,3,33,5,1.57035231712955,1.24657526097905
1997,4,33,5,2.03765573995608,1.1529224734027
1998,1,33,5,2.60023025312354,1.16555806724658
1998,2,33,5,1.67280189171658,1.13825911146278
1998,3,33,5,1.11048849044637,1.13871450618024
1998,4,33,5,0.810746379032147,1.07982608957672
1999,1,33,5,0.722599609990194,1.08132809149073
1999,2,33,5,0.939413062813476,1.01918164861741
1999,3,33,5,0.757221095618542,0.996050818608356
1999,4,33,5,0.916906293555607,0.955194781129854
2000,1,33,5,0.829609641722662,1.00926465365852
2000,2,33,5,0.92078381392803,1.0333128499526
2000,3,33,5,0.875640202637662,1.07296945893975
2000,4,33,5,0.693780257817862,1.01455490593789
2001,1,33,5,0.649663982342244,0.993450541810928
2001,2,33,5,0.909500255591328,0.929638014802684
2001,3,33,5,1.04307178588283,0.916228033885405
2001,4,33,5,0.717128668863986,0.906367886153736
2002,1,33,5,0.85521703513048,0.990088446445627
2002,2,33,5,1.18981757850672,1.02600231183856
2002,3,33,5,1.27074075234765,1.0734738731135
2002,4,33,5,1.23540641880958,1.04477337931572
2003,1,33,5,0.858301364919495,1.05735446424067
2003,2,33,5,0.56012237070987,1.01609820200279
2003,3,33,5,0.52681807435079,1.01334830367056
2003,4,33,5,0.685436100654526,0.974364320099893
2004,1,33,5,0.814973240518455,1.00913043038563
2004,2,33,5,1.2835119092294,1.01888612879175
2004,3,33,5,0.880645603633419,1.04753522506943
2004,4,33,5,0.914433985680565,0.986876869115615
2005,1,33,5,0.785448803788985,0.960011514808502
2005,2,33,5,0.888340645279777,0.90719305632562
2005,3,33,5,0.833601340415735,0.886388444068882
2005,4,33,5,0.933989577321732,0.841726617301824
2006,1,33,5,0.677192299415105,0.903661893648917
2006,2,33,5,0.788045066318555,0.970038032005732
2006,3,33,5,1.07246528178496,1.06665757749198
2006,4,33,5,1.07397852441763,1.04635217881212
2007,1,33,5,1.10982239720005,1.06073281057914
2007,2,33,5,0.939619756422758,1.04044655416364
2007,3,33,5,0.968380684407053,1.04445999431203
2007,4,33,5,0.710135132210237,0.964842889216562
2008,1,33,5,0.519961764457262,0.946750200900592
2008,2,33,5,0.707583241892893,0.908636640630573
2008,3,33,5,0.912853382501303,0.905679308253005
2008,4,33,5,0.959071164370964,0.851292071107151
2009,1,33,5,0.758206123172031,0.856843492142097
2009,2,33,5,0.772209031049185,0.8470462341894
2009,3,33,5,0.796681741913302,0.864416989386584
2009,4,33,5,0.767436146288569,0.834351919331958
2010,1,33,5,0.79318404282982,0.852911063598074
2010,2,33,5,0.693710883260866,0.850866531465373
2010,3,33,5,0.588310740756876,0.858988280741123
2010,4,33,5,0.498426072737979,0.823575542596302
2011,1,33,5,0.516334741496754,0.845861199179597
2011,2,33,5,0.641786233734277,0.848487437463215
2011,3,33,5,0.612932783972572,0.866320800187245
2011,4,33,5,0.550570646244747,0.820698066717426
2012,1,33,5,0.558556221703709,0.815951795422593
2012,2,33,5,0.685641762332432,0.778255813284933
2012,3,33,5,0.643199717710761,0.760180024051458
2012,4,33,5,0.651029710217527,0.708645413185044
2013,1,33,5,0.363854942640754,0.721300100601529
2013,2,33,5,0.415447095545671,0.728695011559784
2013,3,33,5,0.581235074900955,0.766439127501019
2013,4,33,5,0.85650082328358,0.761473429175205
2014,1,33,5,0.627570037913387,0.802037431108198
2014,2,33,5,0.714909012235856,0.821354887864228
2014,3,33,5,0.724191079106307,0.858215539074367
2014,4,33,5,1.08587922015503,0.838953497628794
2015,1,33,5,0.838617983337074,0.866580735415636
2015,2,33,5,0.777322466429106,0.864330552009586
2015,3,33,5,0.963155890714658,0.86562802069584
2015,4,33,5,1.17257243771838,0.807590625872499
2016,1,33,5,0.705816493144278,0.792629008284594
2016,2,33,5,0.435962085184676,0.750586783762635
2016,3,33,5,0.440519749646121,0.724553265184835
2016,4,33,5,0.660670533401629,0.677327751419737
2017,1,33,5,0.456119701785639,0.683451215437267
2017,2,33,5,0.49574182593428,0.670722358745004
2017,3,33,5,0.570923530706125,0.676853787900328
2017,4,33,5,0.585376528696183,0.652985731913707
2018,1,33,5,0.438191171156805,0.66797802679899
2018,2,33,5,0.415447095545671,0.648884853134453
2018,3,33,5,0.478212540461103,0.641593726741649
2018,4,33,5,0.712767499075024,0.606894687305818
2019,1,33,5,0.634447967948228,0.616128335683037
2019,2,33,5,0.605197758989664,0.612136489057248
2019,3,33,5,0.463290959511238,0.627946692921337
2019,4,33,5,0.389613522165137,0.614651400708296
2020,1,33,5,0.465566656116238,0.637309417236199
2020,2,33,5,0.466778704402124,0.627570037913387
2020,3,33,5,0.429471455329671,0.63533681715262
2020,4,33,5,0.659020919944121,0.632104847911996
2021,1,33,5,0.415239423920131,0.681199543728036
2021,2,33,5,0.543242209766978,0.71312397193535
2021,3,33,5,0.515457718117299,0.764372533014779
2021,4,33,5,0.500173620417045,0.749761592239041
2022,1,33,5,0.528982462419222,0.762616496405065
2022,2,33,5,0.496982730984124,0.749087110368395
2022,3,33,5,0.457856254012004,0.753821256064482
2022,4,33,5,0.515457718117299,0.703983753855621
2023,1,33,5,0.591496211788057,0.696282367841771
2023,2,33,5,0.594104529210169,0.676989172195886
2023,3,33,5,0.706734651258833,0.686053270830035
2023,4,33,5,0.632673998354398,0.664447108455852
2024,1,33,5,0.704406270850357,0.676244893534783
2024,2,33,5,0.479745271652555,0.66311954224767
2024,3,33,5,0.490809112348743,0.656324465680871
2024,4,33,5,0.486071279596308,0.613546023325118
