year,area,stage,f
1952,1,adult,0.0424677906867188
1953,1,adult,0.0333879038660877
1954,1,adult,0.0265737999838384
1955,1,adult,0.0441415152812679
1956,1,adult,0.0450988773471227
1957,1,adult,0.0532836050303308
1958,1,adult,0.0864497008011225
1959,1,adult,0.100241634574968
1960,1,adult,0.101270487753323
1961,1,adult,0.0711180421239015
1962,1,adult,0.0778170781927568
1963,1,adult,0.0950856614185313
1964,1,adult,0.0691317748671501
1965,1,adult,0.0480647750276043
1966,1,adult,0.0578544350072687
1967,1,adult,0.07764008707082
1968,1,adult,0.0518763369082999
1969,1,adult,0.0622459122673102
1970,1,adult,0.0769593263563546
1971,1,adult,0.070346216250349
1972,1,adult,0.0871668492187972
1973,1,adult,0.0885746306162814
1974,1,adult,0.109239038299519
1975,1,adult,0.128890589073902
1976,1,adult,0.160017907312115
1977,1,adult,0.139717745506437
1978,1,adult,0.147324191143472
1979,1,adult,0.134959920790007
1980,1,adult,0.127401926615689
1981,1,adult,0.160751936472756
1982,1,adult,0.144661646770882
1983,1,adult,0.126483851560066
1984,1,adult,0.128016619511791
1985,1,adult,0.123964940261732
1986,1,adult,0.164604130977871
1987,1,adult,0.196687987502502
1988,1,adult,0.23649227810076
1989,1,adult,0.218999672778117
1990,1,adult,0.168587623178687
1991,1,adult,0.211580608748031
1992,1,adult,0.197950229005394
1993,1,adult,0.259073898764788
1994,1,adult,0.20373865731057
1995,1,adult,0.255116951328057
1996,1,adult,0.222400564318827
1997,1,adult,0.237802043750986
1998,1,adult,0.231142891599085
1999,1,adult,0.260389474254414
2000,1,adult,0.20346718976978
2001,1,adult,0.181278522307695
2002,1,adult,0.198441645545394
2003,1,adult,0.285781543538098
2004,1,adult,0.257738532237565
2005,1,adult,0.302453866524169
2006,1,adult,0.299217456447015
2007,1,adult,0.302445329027411
2008,1,adult,0.332806129619766
2009,1,adult,0.229151763651029
2010,1,adult,0.202504245276975
2011,1,adult,0.26008637568773
2012,1,adult,0.274354818702651
2013,1,adult,0.226810907687022
2014,1,adult,0.195962304209784
2015,1,adult,0.202227512170777
2016,1,adult,0.21704896335702
2017,1,adult,0.225088782479131
2018,1,adult,0.205417833043376
2019,1,adult,0.19679085841684
2020,1,adult,0.194538802781432
2021,1,adult,0.225995923482861
2022,1,adult,0.209257853500675
2023,1,adult,0.274080526390376
2024,1,adult,0.569310418661902
1952,2,adult,0.00510331601619925
1953,2,adult,0.00488983837225508
1954,2,adult,0.00347792931191979
1955,2,adult,0.00303628903435785
1956,2,adult,0.00244491911272017
1957,2,adult,0.00284822877979765
1958,2,adult,0.0116699521927367
1959,2,adult,0.0129031559641838
1960,2,adult,0.0129850295410406
1961,2,adult,0.0186797591577031
1962,2,adult,0.021158610723842
1963,2,adult,0.0245448451733305
1964,2,adult,0.0214177653957444
1965,2,adult,0.0199862520612341
1966,2,adult,0.0234013568339868
1967,2,adult,0.0274673759793375
1968,2,adult,0.0396480892142806
1969,2,adult,0.0400237046788353
1970,2,adult,0.029277825685206
1971,2,adult,0.0304869052115598
1972,2,adult,0.0331354715020813
1973,2,adult,0.0438765431621463
1974,2,adult,0.0573403978438436
1975,2,adult,0.072171482021772
1976,2,adult,0.0582516299262908
1977,2,adult,0.0606138457553206
1978,2,adult,0.0658124962792052
1979,2,adult,0.0715256490988516
1980,2,adult,0.0661046278206118
1981,2,adult,0.0792245738643914
1982,2,adult,0.0650169599833561
1983,2,adult,0.0747499739857913
1984,2,adult,0.0753560411178228
1985,2,adult,0.085000537406564
1986,2,adult,0.0493587150924608
1987,2,adult,0.0602077722173417
1988,2,adult,0.059215149408193
1989,2,adult,0.0522765813495375
1990,2,adult,0.0792049048460763
1991,2,adult,0.0891117441585678
1992,2,adult,0.0882668311046045
1993,2,adult,0.0810378068482523
1994,2,adult,0.114140471964508
1995,2,adult,0.132379909723662
1996,2,adult,0.156260034493579
1997,2,adult,0.163681919117344
1998,2,adult,0.172316613540615
1999,2,adult,0.192402562587454
2000,2,adult,0.257066319589832
2001,2,adult,0.255179038645882
2002,2,adult,0.223467047364177
2003,2,adult,0.249299756243536
2004,2,adult,0.24348981591239
2005,2,adult,0.23635427197808
2006,2,adult,0.326318732009044
2007,2,adult,0.307458428183591
2008,2,adult,0.39863142222459
2009,2,adult,0.390081245349843
2010,2,adult,0.311234834897794
2011,2,adult,0.389295455577012
2012,2,adult,0.446722861979898
2013,2,adult,0.455110710193874
2014,2,adult,0.878257250225989
2015,2,adult,0.709466966825154
2016,2,adult,0.514616069048534
2017,2,adult,0.298588470063378
2018,2,adult,0.475646732894931
2019,2,adult,0.517841350925591
2020,2,adult,0.429582546870729
2021,2,adult,0.325425026038012
2022,2,adult,0.323046081288911
2023,2,adult,0.190493398151787
2024,2,adult,0.714841795387445
1952,3,adult,0.0141750165740616
1953,3,adult,0.0278496226512977
1954,3,adult,0.00746242234804825
1955,3,adult,0.0158061431418722
1956,3,adult,0.0163452679914425
1957,3,adult,0.0459885760356756
1958,3,adult,0.0411833327148625
1959,3,adult,0.0370613495928999
1960,3,adult,0.0360196158399017
1961,3,adult,0.0479347209803331
1962,3,adult,0.0359112651805279
1963,3,adult,0.0490965184574847
1964,3,adult,0.0314872734100372
1965,3,adult,0.0481407372338286
1966,3,adult,0.0498299944092242
1967,3,adult,0.0360193124583528
1968,3,adult,0.0379134242558549
1969,3,adult,0.0513958845458323
1970,3,adult,0.0273935564295889
1971,3,adult,0.0380200652730057
1972,3,adult,0.0819367543844126
1973,3,adult,0.0385089301692657
1974,3,adult,0.0571513853646892
1975,3,adult,0.070420492201064
1976,3,adult,0.0669385153309446
1977,3,adult,0.101452762110617
1978,3,adult,0.0581388101925816
1979,3,adult,0.0902582774295741
1980,3,adult,0.109921043071704
1981,3,adult,0.0726676672029663
1982,3,adult,0.113320680681828
1983,3,adult,0.0958791964328612
1984,3,adult,0.0916594991323459
1985,3,adult,0.0961493852046928
1986,3,adult,0.0794874218924783
1987,3,adult,0.124649044937381
1988,3,adult,0.0889580875278609
1989,3,adult,0.114282893547506
1990,3,adult,0.179285866116449
1991,3,adult,0.108700124552401
1992,3,adult,0.181164013185984
1993,3,adult,0.149504778228542
1994,3,adult,0.223340158296285
1995,3,adult,0.173374942188197
1996,3,adult,0.127301998119932
1997,3,adult,0.157842909329033
1998,3,adult,0.201724726899
1999,3,adult,0.250020687706401
2000,3,adult,0.202288279334168
2001,3,adult,0.188966306774323
2002,3,adult,0.295721597917542
2003,3,adult,0.226200555717324
2004,3,adult,0.317173741295853
2005,3,adult,0.270623526630595
2006,3,adult,0.27571572906562
2007,3,adult,0.276860987805278
2008,3,adult,0.190932925694545
2009,3,adult,0.251719756802322
2010,3,adult,0.214028018149053
2011,3,adult,0.293182205477983
2012,3,adult,0.288901907676756
2013,3,adult,0.226597580178374
2014,3,adult,0.303457859081233
2015,3,adult,0.263999529016647
2016,3,adult,0.196041249579454
2017,3,adult,0.212240001773709
2018,3,adult,0.262929777537994
2019,3,adult,0.250796196003115
2020,3,adult,0.213743394420191
2021,3,adult,0.220688614274201
2022,3,adult,0.198768542071775
2023,3,adult,0.187528024554973
2024,3,adult,0.274548373165502
1952,4,adult,0.0206933993911602
1953,4,adult,0.012000438098241
1954,4,adult,0.00518187278877654
1955,4,adult,0.0129647151237285
1956,4,adult,0.0218392745250415
1957,4,adult,0.0193049720191664
1958,4,adult,0.0485241916150296
1959,4,adult,0.0256095952741561
1960,4,adult,0.0410268303662675
1961,4,adult,0.0829961438787675
1962,4,adult,0.0558362597283133
1963,4,adult,0.0858520857635273
1964,4,adult,0.0819163854676292
1965,4,adult,0.060147305119613
1966,4,adult,0.0475322087865998
1967,4,adult,0.0521269506649268
1968,4,adult,0.0400131592975138
1969,4,adult,0.058787643457849
1970,4,adult,0.0443089419392285
1971,4,adult,0.0554556048161593
1972,4,adult,0.0730049282565098
1973,4,adult,0.0433548533694498
1974,4,adult,0.0445014310695419
1975,4,adult,0.130508385280512
1976,4,adult,0.139924413085541
1977,4,adult,0.150166084877072
1978,4,adult,0.0785549871520193
1979,4,adult,0.159884712748285
1980,4,adult,0.155645158255243
1981,4,adult,0.0762867244401585
1982,4,adult,0.157431558593017
1983,4,adult,0.126911510617079
1984,4,adult,0.169148440064059
1985,4,adult,0.202612737563796
1986,4,adult,0.0957431601076538
1987,4,adult,0.222990216598972
1988,4,adult,0.127187013150059
1989,4,adult,0.112761234901746
1990,4,adult,0.172590584959188
1991,4,adult,0.0853130123718211
1992,4,adult,0.176767889601637
1993,4,adult,0.178835619825858
1994,4,adult,0.324842955738566
1995,4,adult,0.185036677800183
1996,4,adult,0.127373815337935
1997,4,adult,0.190429332293802
1998,4,adult,0.319429745378587
1999,4,adult,0.194781059685028
2000,4,adult,0.269824879850819
2001,4,adult,0.172760943064546
2002,4,adult,0.444912112865705
2003,4,adult,0.242827173045788
2004,4,adult,0.843720416753109
2005,4,adult,0.392450276785191
2006,4,adult,0.46269454904341
2007,4,adult,0.448842619384097
2008,4,adult,0.421750631521313
2009,4,adult,0.464977315074169
2010,4,adult,0.535588159428572
2011,4,adult,0.465113163596275
2012,4,adult,0.426530933899694
2013,4,adult,0.36334753368292
2014,4,adult,0.50413847920647
2015,4,adult,0.464758607024189
2016,4,adult,0.352073933184483
2017,4,adult,0.186633319626906
2018,4,adult,0.318088510207329
2019,4,adult,0.398828954652847
2020,4,adult,0.23397456022395
2021,4,adult,0.212864435826896
2022,4,adult,0.290245985936559
2023,4,adult,0.451439991592171
2024,4,adult,0.450623305046971
1952,5,adult,0.000113493776835864
1953,5,adult,0.000976101291127786
1954,5,adult,0.00811345413501453
1955,5,adult,0.00665643074110154
1956,5,adult,0.00853397820793305
1957,5,adult,0.005559566891358
1958,5,adult,0.00847298495995643
1959,5,adult,0.010147848813741
1960,5,adult,0.00921405373872856
1961,5,adult,0.0115899660621925
1962,5,adult,0.0137355926018722
1963,5,adult,0.0168024340789079
1964,5,adult,0.0121118332988509
1965,5,adult,0.0194852391527852
1966,5,adult,0.0299004263800746
1967,5,adult,0.0212640118577744
1968,5,adult,0.0166015441223241
1969,5,adult,0.0203454439521529
1970,5,adult,0.0252693842320377
1971,5,adult,0.0232637960693332
1972,5,adult,0.0180621952668959
1973,5,adult,0.0358781497250634
1974,5,adult,0.0224224652517668
1975,5,adult,0.012290772834956
1976,5,adult,0.0248217951390648
1977,5,adult,0.0179684331240661
1978,5,adult,0.0198884956351308
1979,5,adult,0.0286163410178906
1980,5,adult,0.0321455086687788
1981,5,adult,0.0332610911648821
1982,5,adult,0.0233912849388017
1983,5,adult,0.0217953652224314
1984,5,adult,0.0177168689307353
1985,5,adult,0.0198095704222703
1986,5,adult,0.0183423361040754
1987,5,adult,0.012676177137607
1988,5,adult,0.0190605915629431
1989,5,adult,0.012677263157598
1990,5,adult,0.0170138153137609
1991,5,adult,0.0127640619302506
1992,5,adult,0.00853887950729838
1993,5,adult,0.0101841710295755
1994,5,adult,0.0159582437773572
1995,5,adult,0.0196356440970724
1996,5,adult,0.0211351363047286
1997,5,adult,0.0258747117709663
1998,5,adult,0.0307638397202986
1999,5,adult,0.026342179297308
2000,5,adult,0.0306140316433516
2001,5,adult,0.0435032745460606
2002,5,adult,0.0509449853461005
2003,5,adult,0.0636190058005997
2004,5,adult,0.060075923804087
2005,5,adult,0.0442728757841692
2006,5,adult,0.0449053044582213
2007,5,adult,0.0428769997702345
2008,5,adult,0.0534686546761552
2009,5,adult,0.0624540267350811
2010,5,adult,0.0594604891572167
2011,5,adult,0.0716779642995184
2012,5,adult,0.0645907726639681
2013,5,adult,0.0521333743443462
2014,5,adult,0.0499332773248552
2015,5,adult,0.0538994332211861
2016,5,adult,0.0537409955785626
2017,5,adult,0.06156324356885
2018,5,adult,0.0526283613945329
2019,5,adult,0.0624555912524986
2020,5,adult,0.0529524145364589
2021,5,adult,0.0435874798028874
2022,5,adult,0.0480407836981219
2023,5,adult,0.060695193976925
2024,5,adult,0.0477672643096724
1952,all,adult,0.0206699290385348
1953,all,adult,0.0187886777032851
1954,all,adult,0.0126522957288819
1955,all,adult,0.020564946283872
1956,all,adult,0.0218928004674535
1957,all,adult,0.0288240229579841
1958,all,adult,0.0428921571004018
1959,all,adult,0.04180159413951
1960,all,adult,0.0429257123947873
1961,all,adult,0.0444481613256582
1962,all,adult,0.0402934226306565
1963,all,adult,0.0518683979949125
1964,all,adult,0.0398730919436338
1965,all,adult,0.0376542027982976
1966,all,adult,0.0409219812815618
1967,all,adult,0.0431029764778179
1968,all,adult,0.0370597546579299
1969,all,adult,0.0468163245262959
1970,all,adult,0.0428464585443236
1971,all,adult,0.0446524238179332
1972,all,adult,0.0603455745536159
1973,all,adult,0.0515812250897205
1974,all,adult,0.0600648344199295
1975,all,adult,0.0814294225367016
1976,all,adult,0.0853593357898164
1977,all,adult,0.0877859358278844
1978,all,adult,0.0708753336742922
1979,all,adult,0.0914154964955366
1980,all,adult,0.0925023839850566
1981,all,adult,0.0828531378888284
1982,all,adult,0.0958062380631577
1983,all,adult,0.0840782887739216
1984,all,adult,0.0890411884196899
1985,all,adult,0.0956471813845818
1986,all,adult,0.0766089923595736
1987,all,adult,0.110542865169415
1988,all,adult,0.0936227779057465
1989,all,adult,0.0897623976201507
1990,all,adult,0.112354030110138
1991,all,adult,0.0918474704691481
1992,all,adult,0.115894029202682
1993,all,adult,0.115835965121522
1994,all,adult,0.150939509271237
1995,all,adult,0.132412132538717
1996,all,adult,0.117176763128024
1997,all,adult,0.139831744705333
1998,all,adult,0.167549655449155
1999,all,adult,0.167096222888171
2000,all,adult,0.174929088345351
2001,all,adult,0.157813366961944
2002,all,adult,0.218054717102486
2003,all,adult,0.192531592787984
2004,all,adult,0.272610945969075
2005,all,adult,0.205296960164236
2006,all,adult,0.232272056181127
2007,all,adult,0.226918968230129
2008,all,adult,0.224223566316153
2009,all,adult,0.227739867271054
2010,all,adult,0.203137934019244
2011,all,adult,0.237285399114122
2012,all,adult,0.241161018337181
2013,all,adult,0.207237264025934
2014,all,adult,0.272542632703642
2015,all,adult,0.229627227569737
2016,all,adult,0.191140310034719
2017,all,adult,0.169424096003604
2018,all,adult,0.213912951345177
2019,all,adult,0.221268853335667
2020,all,adult,0.1809321096015
2021,all,adult,0.181770987465179
2022,all,adult,0.182832512616531
2023,all,adult,0.206116154937719
2024,all,adult,0.347288002298952
1952,1,juvenile,0.0263083906707241
1953,1,juvenile,0.0223318076144978
1954,1,juvenile,0.0176385039371039
1955,1,juvenile,0.026423244673351
1956,1,juvenile,0.0348161283689445
1957,1,juvenile,0.0428920011432933
1958,1,juvenile,0.0548722034681971
1959,1,juvenile,0.0452852033030749
1960,1,juvenile,0.0489771730659367
1961,1,juvenile,0.0349286395752351
1962,1,juvenile,0.0344215648273578
1963,1,juvenile,0.045453842014946
1964,1,juvenile,0.0323391748712644
1965,1,juvenile,0.0259657067091592
1966,1,juvenile,0.02883816900298
1967,1,juvenile,0.0435943517712268
1968,1,juvenile,0.0328012772074617
1969,1,juvenile,0.0454700972884801
1970,1,juvenile,0.0503393691106302
1971,1,juvenile,0.0441730373954995
1972,1,juvenile,0.041528495026774
1973,1,juvenile,0.0414255304772664
1974,1,juvenile,0.0525097861469354
1975,1,juvenile,0.0636885472641049
1976,1,juvenile,0.0785743242104575
1977,1,juvenile,0.0801090710602297
1978,1,juvenile,0.0822129812966742
1979,1,juvenile,0.0776732191767922
1980,1,juvenile,0.0711286762087034
1981,1,juvenile,0.0844825329392655
1982,1,juvenile,0.0861408808836708
1983,1,juvenile,0.078543681668271
1984,1,juvenile,0.081334623967668
1985,1,juvenile,0.0992018732815686
1986,1,juvenile,0.0936158286234218
1987,1,juvenile,0.114443156319798
1988,1,juvenile,0.132962845012702
1989,1,juvenile,0.123525291796947
1990,1,juvenile,0.107716028700682
1991,1,juvenile,0.106792337115319
1992,1,juvenile,0.10722913318039
1993,1,juvenile,0.138742504994854
1994,1,juvenile,0.13104614534439
1995,1,juvenile,0.168829444930396
1996,1,juvenile,0.135573255147686
1997,1,juvenile,0.141718398386478
1998,1,juvenile,0.122223565383048
1999,1,juvenile,0.140070857820561
2000,1,juvenile,0.133699897145693
2001,1,juvenile,0.0936861229375254
2002,1,juvenile,0.116945882257236
2003,1,juvenile,0.132929366086405
2004,1,juvenile,0.17349547918777
2005,1,juvenile,0.137558286254591
2006,1,juvenile,0.200914549393173
2007,1,juvenile,0.176792558039799
2008,1,juvenile,0.158992574366795
2009,1,juvenile,0.12720832630043
2010,1,juvenile,0.117693989814965
2011,1,juvenile,0.148527068549164
2012,1,juvenile,0.148408874471973
2013,1,juvenile,0.110844571616354
2014,1,juvenile,0.113815705352811
2015,1,juvenile,0.0949899394623132
2016,1,juvenile,0.0967623227756217
2017,1,juvenile,0.100137095813935
2018,1,juvenile,0.0911950501907827
2019,1,juvenile,0.0814513330668039
2020,1,juvenile,0.0911258468151737
2021,1,juvenile,0.105391317431195
2022,1,juvenile,0.104551993903603
2023,1,juvenile,0.289492558191934
2024,1,juvenile,0.264357053135713
1952,2,juvenile,0.00482286561569828
1953,2,juvenile,0.00462111944498467
1954,2,juvenile,0.00328680131877281
1955,2,juvenile,0.00286943111840788
1956,2,juvenile,0.00231055971338004
1957,2,juvenile,0.00269170565738057
1958,2,juvenile,0.00663472172080593
1959,2,juvenile,0.00874232888173286
1960,2,juvenile,0.00694585553849297
1961,2,juvenile,0.0108131601422821
1962,2,juvenile,0.0133702020890048
1963,2,juvenile,0.012984560694176
1964,2,juvenile,0.009867269370409
1965,2,juvenile,0.0124465913778565
1966,2,juvenile,0.0151413300869723
1967,2,juvenile,0.0182590774190233
1968,2,juvenile,0.0230879450374134
1969,2,juvenile,0.0234248315574097
1970,2,juvenile,0.100828151497675
1971,2,juvenile,0.0869322276789204
1972,2,juvenile,0.102522530992996
1973,2,juvenile,0.155631755961772
1974,2,juvenile,0.199472156621125
1975,2,juvenile,0.179203261854179
1976,2,juvenile,0.172070362573882
1977,2,juvenile,0.220758469945751
1978,2,juvenile,0.211914720457052
1979,2,juvenile,0.319548805483189
1980,2,juvenile,0.30560198966175
1981,2,juvenile,0.409094636927547
1982,2,juvenile,0.264085159123407
1983,2,juvenile,0.341757234153579
1984,2,juvenile,0.429353554315191
1985,2,juvenile,0.495973950837299
1986,2,juvenile,0.167194133973043
1987,2,juvenile,0.233336001831825
1988,2,juvenile,0.213171069061046
1989,2,juvenile,0.260267719466036
1990,2,juvenile,0.29846147751169
1991,2,juvenile,0.428174206980824
1992,2,juvenile,0.356476230549853
1993,2,juvenile,0.259823553253444
1994,2,juvenile,0.41787445561209
1995,2,juvenile,0.685087072572552
1996,2,juvenile,0.538720724312691
1997,2,juvenile,0.414164681549387
1998,2,juvenile,0.580473227868635
1999,2,juvenile,0.534790546465297
2000,2,juvenile,0.829888185228599
2001,2,juvenile,0.618425927931557
2002,2,juvenile,0.49652461975549
2003,2,juvenile,0.622663709542055
2004,2,juvenile,0.697330825734743
2005,2,juvenile,0.738139015442808
2006,2,juvenile,0.620077513839343
2007,2,juvenile,0.773298979736806
2008,2,juvenile,0.942941890000906
2009,2,juvenile,0.658916070028926
2010,2,juvenile,0.764108257818909
2011,2,juvenile,0.595690128940597
2012,2,juvenile,0.840554590523109
2013,2,juvenile,0.781573778869676
2014,2,juvenile,0.911824864134601
2015,2,juvenile,0.835796666090439
2016,2,juvenile,1.27939635472468
2017,2,juvenile,0.562137502443664
2018,2,juvenile,0.769565615018373
2019,2,juvenile,1.27668946520804
2020,2,juvenile,1.24761055222599
2021,2,juvenile,0.827198414651213
2022,2,juvenile,0.768796838984648
2023,2,juvenile,1.02825693784669
2024,2,juvenile,1.63461644660415
1952,3,juvenile,0.00821796368612144
1953,3,juvenile,0.0162368026782563
1954,3,juvenile,0.00460799539696464
1955,3,juvenile,0.00907622530663544
1956,3,juvenile,0.00971086225513361
1957,3,juvenile,0.0267188278799159
1958,3,juvenile,0.0237306215178842
1959,3,juvenile,0.0211259339016337
1960,3,juvenile,0.0207873826519343
1961,3,juvenile,0.0277146515083612
1962,3,juvenile,0.0214247584438916
1963,3,juvenile,0.0280378299574444
1964,3,juvenile,0.0178985695549544
1965,3,juvenile,0.0273265238502497
1966,3,juvenile,0.0285736757068634
1967,3,juvenile,0.0206377940045177
1968,3,juvenile,0.0219998493249291
1969,3,juvenile,0.0289865781125463
1970,3,juvenile,0.0155751528796866
1971,3,juvenile,0.0224869406638748
1972,3,juvenile,0.0702054806695204
1973,3,juvenile,0.0354109200536116
1974,3,juvenile,0.0465723859443624
1975,3,juvenile,0.0505540025295937
1976,3,juvenile,0.0626275606652092
1977,3,juvenile,0.0848780425125097
1978,3,juvenile,0.0637668037794578
1979,3,juvenile,0.0799212561874346
1980,3,juvenile,0.105046146223973
1981,3,juvenile,0.144904924894287
1982,3,juvenile,0.225820221699184
1983,3,juvenile,0.262077366428519
1984,3,juvenile,0.308573322973887
1985,3,juvenile,0.207830352746269
1986,3,juvenile,0.315172819939582
1987,3,juvenile,0.437559636466166
1988,3,juvenile,0.275880421310512
1989,3,juvenile,0.348099589426037
1990,3,juvenile,0.581917094913927
1991,3,juvenile,0.576616803580212
1992,3,juvenile,0.730632406206534
1993,3,juvenile,0.625519852039391
1994,3,juvenile,0.752979229882644
1995,3,juvenile,0.498557330773343
1996,3,juvenile,0.385453519623691
1997,3,juvenile,0.546438480009701
1998,3,juvenile,0.804083483124515
1999,3,juvenile,1.42941221478145
2000,3,juvenile,0.636402664686021
2001,3,juvenile,0.445754296580057
2002,3,juvenile,0.833884045232818
2003,3,juvenile,0.84560296955045
2004,3,juvenile,1.53993119685691
2005,3,juvenile,1.23160616555637
2006,3,juvenile,1.32785804534361
2007,3,juvenile,1.40888889282161
2008,3,juvenile,0.717142929562807
2009,3,juvenile,0.741431053750088
2010,3,juvenile,0.582512160923517
2011,3,juvenile,1.21058927812485
2012,3,juvenile,0.798199260225054
2013,3,juvenile,0.679131539334726
2014,3,juvenile,0.614851606975428
2015,3,juvenile,0.533528632622721
2016,3,juvenile,0.657339460853743
2017,3,juvenile,0.662679591603649
2018,3,juvenile,0.607306180259921
2019,3,juvenile,0.446656384521205
2020,3,juvenile,0.725165090494007
2021,3,juvenile,1.33584853364794
2022,3,juvenile,0.87046349788551
2023,3,juvenile,0.507085050281926
2024,3,juvenile,0.524988162534796
1952,4,juvenile,0.00629770685452311
1953,4,juvenile,0.0036521422332871
1954,4,juvenile,0.00157702048922466
1955,4,juvenile,0.00394560457198672
1956,4,juvenile,0.00664643527798957
1957,4,juvenile,0.00587516077045849
1958,4,juvenile,0.0147675649614242
1959,4,juvenile,0.00779387248130249
1960,4,juvenile,0.0124858622798023
1961,4,juvenile,0.0252585541024478
1962,4,juvenile,0.0169928768812232
1963,4,juvenile,0.0261277156734578
1964,4,juvenile,0.0249299474685862
1965,4,juvenile,0.0183048746737975
1966,4,juvenile,0.014465670747773
1967,4,juvenile,0.0158640072271426
1968,4,juvenile,0.012177367835732
1969,4,juvenile,0.017891083390459
1970,4,juvenile,0.0134847209901572
1971,4,juvenile,0.0168770302411537
1972,4,juvenile,0.0222178874526492
1973,4,juvenile,0.0131943596689495
1974,4,juvenile,0.0135433018080493
1975,4,juvenile,0.0397181489543295
1976,4,juvenile,0.0425837670684484
1977,4,juvenile,0.0457006573912199
1978,4,juvenile,0.0239069594915903
1979,4,juvenile,0.0486583670742312
1980,4,juvenile,0.0473681249812254
1981,4,juvenile,0.0232166502600477
1982,4,juvenile,0.0517045738068045
1983,4,juvenile,0.0446755208604813
1984,4,juvenile,0.0514776347557141
1985,4,juvenile,0.0628283432465767
1986,4,juvenile,0.0295872108485982
1987,4,juvenile,0.0816316480077619
1988,4,juvenile,0.0387108779333265
1989,4,juvenile,0.0343170864706918
1990,4,juvenile,0.0553957644917783
1991,4,juvenile,0.0262467940064745
1992,4,juvenile,0.075411647549095
1993,4,juvenile,0.0560732802339113
1994,4,juvenile,0.103228896551498
1995,4,juvenile,0.056352526795757
1996,4,juvenile,0.0463891314434327
1997,4,juvenile,0.108514660768281
1998,4,juvenile,0.113682117038582
1999,4,juvenile,0.112950649432463
2000,4,juvenile,0.256503714270542
2001,4,juvenile,0.0872869802177199
2002,4,juvenile,0.179313472324919
2003,4,juvenile,0.0954707404969699
2004,4,juvenile,0.30120538952098
2005,4,juvenile,0.162632804863865
2006,4,juvenile,0.171040404619925
2007,4,juvenile,0.206093694907659
2008,4,juvenile,0.461513732221133
2009,4,juvenile,0.43470305442195
2010,4,juvenile,0.297704710548066
2011,4,juvenile,0.300110647656058
2012,4,juvenile,0.356430820010291
2013,4,juvenile,0.385911055280401
2014,4,juvenile,0.407260140228568
2015,4,juvenile,0.38364316532658
2016,4,juvenile,0.229894120359858
2017,4,juvenile,0.372590996039055
2018,4,juvenile,0.619774616193233
2019,4,juvenile,0.367199945940767
2020,4,juvenile,0.363134632005346
2021,4,juvenile,0.319664034839884
2022,4,juvenile,0.549268598700321
2023,4,juvenile,0.763495757466702
2024,4,juvenile,0.454794587792097
1952,5,juvenile,4.70271119157535e-05
1953,5,juvenile,0.000404456011021166
1954,5,juvenile,0.00336187985172877
1955,5,juvenile,0.00275814975976836
1956,5,juvenile,0.00353612784361096
1957,5,juvenile,0.00230365473605979
1958,5,juvenile,0.00351085469911499
1959,5,juvenile,0.00420484907605529
1960,5,juvenile,0.00381792307370141
1961,5,juvenile,0.00480240286373748
1962,5,juvenile,0.00569146185655975
1963,5,juvenile,0.00696223395447061
1964,5,juvenile,0.00501864302543082
1965,5,juvenile,0.00807387757165221
1966,5,juvenile,0.012389500624183
1967,5,juvenile,0.00881092738893555
1968,5,juvenile,0.00687899355735175
1969,5,juvenile,0.00843031109252603
1970,5,juvenile,0.0104705881144317
1971,5,juvenile,0.009639555314433
1972,5,juvenile,0.00748422710023897
1973,5,juvenile,0.0148664219107232
1974,5,juvenile,0.00929094281383039
1975,5,juvenile,0.00509278837818419
1976,5,juvenile,0.0102851260511523
1977,5,juvenile,0.00744537588628194
1978,5,juvenile,0.00824097049088697
1979,5,juvenile,0.0118574286328042
1980,5,juvenile,0.0133197696217096
1981,5,juvenile,0.0137820211358519
1982,5,juvenile,0.0096923815800333
1983,5,juvenile,0.00903109828482308
1984,5,juvenile,0.00734113810782014
1985,5,juvenile,0.00820826703061334
1986,5,juvenile,0.00760098081483277
1987,5,juvenile,0.00530551934897769
1988,5,juvenile,0.00793411409470862
1989,5,juvenile,0.00530112053198735
1990,5,juvenile,0.00706991824317456
1991,5,juvenile,0.00530520369348044
1992,5,juvenile,0.00356436126642266
1993,5,juvenile,0.00424234829948042
1994,5,juvenile,0.00673307513289523
1995,5,juvenile,0.00833973217497884
1996,5,juvenile,0.00907339786496769
1997,5,juvenile,0.0114572909809139
1998,5,juvenile,0.0136644952856665
1999,5,juvenile,0.0117454533551501
2000,5,juvenile,0.0135447032263137
2001,5,juvenile,0.0195845899873351
2002,5,juvenile,0.0223135047970768
2003,5,juvenile,0.0276227110980741
2004,5,juvenile,0.0259222241781851
2005,5,juvenile,0.0192685257802687
2006,5,juvenile,0.0192378493306974
2007,5,juvenile,0.018578333869445
2008,5,juvenile,0.0230310253355148
2009,5,juvenile,0.0265005832639419
2010,5,juvenile,0.0251572918841509
2011,5,juvenile,0.0301127186585303
2012,5,juvenile,0.0273429567233999
2013,5,juvenile,0.0221346286708826
2014,5,juvenile,0.0212179009798185
2015,5,juvenile,0.0231377351022361
2016,5,juvenile,0.02313349911652
2017,5,juvenile,0.0260357875895909
2018,5,juvenile,0.022298988177285
2019,5,juvenile,0.0263468487061592
2020,5,juvenile,0.0224196829394612
2021,5,juvenile,0.0185633648843116
2022,5,juvenile,0.0203424343736953
2023,5,juvenile,0.0254337421781233
2024,5,juvenile,0.0201965245119651
1952,all,juvenile,0.0143866601171198
1953,all,juvenile,0.0137043920526267
1954,all,juvenile,0.00952346916343748
1955,all,juvenile,0.0134443431560608
1956,all,juvenile,0.014592050651609
1957,all,juvenile,0.0204406945957947
1958,all,juvenile,0.0276364218906782
1959,all,juvenile,0.0229121244127749
1960,all,juvenile,0.0236386190896436
1961,all,juvenile,0.022213224425941
1962,all,juvenile,0.0200213481427195
1963,all,juvenile,0.0270656510946484
1964,all,juvenile,0.0206959402790091
1965,all,juvenile,0.0210258542395308
1966,all,juvenile,0.0218489978022273
1967,all,juvenile,0.0250312194840988
1968,all,juvenile,0.022600138946114
1969,all,juvenile,0.0290946956172688
1970,all,juvenile,0.0350388152322475
1971,all,juvenile,0.0385441299763289
1972,all,juvenile,0.0478322308205838
1973,all,juvenile,0.0375424649456606
1974,all,juvenile,0.0508757469080327
1975,all,juvenile,0.0605734281747923
1976,all,juvenile,0.0636418093875028
1977,all,juvenile,0.0782702336402906
1978,all,juvenile,0.0655377956661906
1979,all,juvenile,0.0878347220208054
1980,all,juvenile,0.084191223602682
1981,all,juvenile,0.106093436955357
1982,all,juvenile,0.121434303541881
1983,all,juvenile,0.138094859622263
1984,all,juvenile,0.171749215618485
1985,all,juvenile,0.139245400468387
1986,all,juvenile,0.143892387136026
1987,all,juvenile,0.197396122544387
1988,all,juvenile,0.146060698982806
1989,all,juvenile,0.151706450540556
1990,all,juvenile,0.175495063368266
1991,all,juvenile,0.204160542914194
1992,all,juvenile,0.261627627678293
1993,all,juvenile,0.216668691418184
1994,all,juvenile,0.264937761589921
1995,all,juvenile,0.218677492146391
1996,all,juvenile,0.246113674168038
1997,all,juvenile,0.29094113036324
1998,all,juvenile,0.331591091745027
1999,all,juvenile,0.452475949034636
2000,all,juvenile,0.330942016180355
2001,all,juvenile,0.270963458881065
2002,all,juvenile,0.295337080922718
2003,all,juvenile,0.306730377417848
2004,all,juvenile,0.353363198300828
2005,all,juvenile,0.29912664691178
2006,all,juvenile,0.317796535747343
2007,all,juvenile,0.374731734599546
2008,all,juvenile,0.38436069845878
2009,all,juvenile,0.357931083253756
2010,all,juvenile,0.28964592621719
2011,all,juvenile,0.441131310341631
2012,all,juvenile,0.356543164109134
2013,all,juvenile,0.328566069165536
2014,all,juvenile,0.386649509989101
2015,all,juvenile,0.356999259368971
2016,all,juvenile,0.420413893687634
2017,all,juvenile,0.314548637108961
2018,all,juvenile,0.356031594175178
2019,all,juvenile,0.287847587825717
2020,all,juvenile,0.385441786914791
2021,all,juvenile,0.394504624698622
2022,all,juvenile,0.421355422198071
2023,all,juvenile,0.477236821039371
2024,all,juvenile,0.446128580081027
