fishery,age,sel
1,1,0
1,2,0
1,3,0.0098
1,4,0.0185
1,5,0.0633
1,6,0.1986
1,7,0.4248
1,8,0.6696
1,9,0.8603
1,10,0.9669
1,11,1
1,12,0.9881
1,13,0.9565
1,14,0.9217
1,15,0.8924
1,16,0.8726
1,17,0.8635
1,18,0.8632
1,19,0.8683
1,20,0.8764
1,21,0.886
1,22,0.896
1,23,0.9058
1,24,0.915
1,25,0.9233
1,26,0.9307
1,27,0.937
1,28,0.9424
1,29,0.9469
1,30,0.9506
1,31,0.9536
1,32,0.9559
1,33,0.9577
1,34,0.9591
1,35,0.9601
1,36,0.9607
1,37,0.9612
1,38,0.9612
1,39,0.9612
1,40,0.9612
2,1,0
2,2,0
2,3,0.0041
2,4,0.007
2,5,0.0207
2,6,0.0603
2,7,0.1333
2,8,0.2355
2,9,0.3565
2,10,0.4853
2,11,0.6135
2,12,0.7308
2,13,0.8296
2,14,0.9055
2,15,0.9579
2,16,0.9883
2,17,1
2,18,0.998
2,19,0.9878
2,20,0.9734
2,21,0.9574
2,22,0.9414
2,23,0.9263
2,24,0.9127
2,25,0.9007
2,26,0.8903
2,27,0.8816
2,28,0.8743
2,29,0.8683
2,30,0.8634
2,31,0.8595
2,32,0.8565
2,33,0.8542
2,34,0.8524
2,35,0.8511
2,36,0.8503
2,37,0.8497
2,38,0.8497
2,39,0.8497
2,40,0.8497
3,1,0
3,2,0
3,3,0.0043
3,4,0.0074
3,5,0.022
3,6,0.066
3,7,0.1541
3,8,0.2847
3,9,0.4354
3,10,0.5728
3,11,0.6723
3,12,0.7338
3,13,0.7679
3,14,0.7864
3,15,0.7982
3,16,0.8094
3,17,0.8236
3,18,0.8408
3,19,0.8595
3,20,0.8781
3,21,0.896
3,22,0.9126
3,23,0.9275
3,24,0.9407
3,25,0.9522
3,26,0.962
3,27,0.9703
3,28,0.9771
3,29,0.9828
3,30,0.9873
3,31,0.9909
3,32,0.9938
3,33,0.9959
3,34,0.9975
3,35,0.9987
3,36,0.9995
3,37,1
3,38,1
3,39,1
3,40,1
4,1,0
4,2,0
4,3,0.0022
4,4,0.0076
4,5,0.068
4,6,0.3505
4,7,0.6045
4,8,0.5776
4,9,0.4767
4,10,0.4414
4,11,0.5005
4,12,0.6231
4,13,0.7762
4,14,0.9169
4,15,1
4,16,0.9974
4,17,0.9114
4,18,0.7807
4,19,0.6477
4,20,0.532
4,21,0.4388
4,22,0.3665
4,23,0.3113
4,24,0.2695
4,25,0.2378
4,26,0.2137
4,27,0.1953
4,28,0.1813
4,29,0.1705
4,30,0.1623
4,31,0.1561
4,32,0.1514
4,33,0.1479
4,34,0.1453
4,35,0.1435
4,36,0.1422
4,37,0.1414
4,38,0.1414
4,39,0.1414
4,40,0.1414
5,1,0
5,2,0
5,3,2e-04
5,4,2e-04
5,5,3e-04
5,6,6e-04
5,7,0.0016
5,8,0.0048
5,9,0.014
5,10,0.0388
5,11,0.0971
5,12,0.2109
5,13,0.3894
5,14,0.6108
5,15,0.8214
5,16,0.962
5,17,1
5,18,0.9524
5,19,0.862
5,20,0.7605
5,21,0.6649
5,22,0.5824
5,23,0.5142
5,24,0.4592
5,25,0.4155
5,26,0.381
5,27,0.3539
5,28,0.3327
5,29,0.3162
5,30,0.3033
5,31,0.2934
5,32,0.2859
5,33,0.2802
5,34,0.276
5,35,0.273
5,36,0.271
5,37,0.2697
5,38,0.2697
5,39,0.2697
5,40,0.2697
6,1,0
6,2,0
6,3,0.0015
6,4,0.0038
6,5,0.0218
6,6,0.101
6,7,0.2443
6,8,0.388
6,9,0.5069
6,10,0.6268
6,11,0.7751
6,12,0.9164
6,13,1
6,14,0.9928
6,15,0.8958
6,16,0.7396
6,17,0.5656
6,18,0.4118
6,19,0.2955
6,20,0.2137
6,21,0.1579
6,22,0.12
6,23,0.0942
6,24,0.0762
6,25,0.0636
6,26,0.0546
6,27,0.0481
6,28,0.0433
6,29,0.0398
6,30,0.0371
6,31,0.0352
6,32,0.0337
6,33,0.0326
6,34,0.0318
6,35,0.0313
6,36,0.0309
6,37,0.0307
6,38,0.0307
6,39,0.0307
6,40,0.0307
7,1,0
7,2,0
7,3,0.0025
7,4,0.005
7,5,0.0188
7,6,0.0576
7,7,0.1052
7,8,0.1445
7,9,0.184
7,10,0.2452
7,11,0.3534
7,12,0.5103
7,13,0.6954
7,14,0.8674
7,15,0.9789
7,16,1
7,17,0.9323
7,18,0.8133
7,19,0.6859
7,20,0.5716
7,21,0.4774
7,22,0.403
7,23,0.3455
7,24,0.3013
7,25,0.2676
7,26,0.2417
7,27,0.2219
7,28,0.2067
7,29,0.195
7,30,0.186
7,31,0.1792
7,32,0.174
7,33,0.1701
7,34,0.1673
7,35,0.1653
7,36,0.1639
7,37,0.1631
7,38,0.1631
7,39,0.1631
7,40,0.1631
8,1,0
8,2,0
8,3,0.0074
8,4,0.0105
8,5,0.0205
8,6,0.0382
8,7,0.0586
8,8,0.0818
8,9,0.1133
8,10,0.1634
8,11,0.2462
8,12,0.3671
8,13,0.5204
8,14,0.6874
8,15,0.8397
8,16,0.9495
8,17,1
8,18,0.9974
8,19,0.9624
8,20,0.912
8,21,0.8573
8,22,0.8046
8,23,0.757
8,24,0.7155
8,25,0.6804
8,26,0.6511
8,27,0.627
8,28,0.6074
8,29,0.5916
8,30,0.579
8,31,0.5691
8,32,0.5615
8,33,0.5556
8,34,0.5513
8,35,0.5481
8,36,0.546
8,37,0.5446
8,38,0.5446
8,39,0.5446
8,40,0.5446
9,1,0
9,2,0
9,3,9e-04
9,4,0.0015
9,5,0.0044
9,6,0.0117
9,7,0.023
9,8,0.0389
9,9,0.0641
9,10,0.1104
9,11,0.2001
9,12,0.35
9,13,0.5545
9,14,0.7728
9,15,0.9393
9,16,1
9,17,0.9446
9,18,0.8179
9,19,0.6763
9,20,0.5491
9,21,0.4458
9,22,0.3657
9,23,0.3052
9,24,0.2597
9,25,0.2256
9,26,0.2
9,27,0.1807
9,28,0.166
9,29,0.1548
9,30,0.1464
9,31,0.14
9,32,0.1351
9,33,0.1315
9,34,0.1289
9,35,0.1271
9,36,0.1258
9,37,0.125
9,38,0.125
9,39,0.125
9,40,0.125
10,1,0
10,2,0
10,3,0.0262
10,4,0.0374
10,5,0.0762
10,6,0.1522
10,7,0.2527
10,8,0.3628
10,9,0.4742
10,10,0.5838
10,11,0.6906
10,12,0.7881
10,13,0.8699
10,14,0.9323
10,15,0.974
10,16,0.9957
10,17,1
10,18,0.9916
10,19,0.9761
10,20,0.9574
10,21,0.9379
10,22,0.9192
10,23,0.902
10,24,0.8867
10,25,0.8734
10,26,0.8621
10,27,0.8525
10,28,0.8447
10,29,0.8382
10,30,0.833
10,31,0.8289
10,32,0.8256
10,33,0.8231
10,34,0.8213
10,35,0.82
10,36,0.819
10,37,0.8185
10,38,0.8185
10,39,0.8185
10,40,0.8185
11,1,0
11,2,0
11,3,5e-04
11,4,0.001
11,5,0.0052
11,6,0.0251
11,7,0.0794
11,8,0.1794
11,9,0.3213
11,10,0.4917
11,11,0.6727
11,12,0.8343
11,13,0.9483
11,14,1
11,15,0.9904
11,16,0.9319
11,17,0.8421
11,18,0.7418
11,19,0.6474
11,20,0.5657
11,21,0.4981
11,22,0.4435
11,23,0.4
11,24,0.3655
11,25,0.3382
11,26,0.3168
11,27,0.2999
11,28,0.2866
11,29,0.2763
11,30,0.2682
11,31,0.262
11,32,0.2572
11,33,0.2536
11,34,0.251
11,35,0.2491
11,36,0.2478
11,37,0.247
11,38,0.247
11,39,0.247
11,40,0.247
12,1,0
12,2,0
12,3,0.89
12,4,0.96
12,5,1
12,6,0.8411
12,7,0.5761
12,8,0.3717
12,9,0.2488
12,10,0.1813
12,11,0.1412
12,12,0.1137
12,13,0.0928
12,14,0.0759
12,15,0.0618
12,16,0.0504
12,17,0.0416
12,18,0.035
12,19,0.0302
12,20,0.0267
12,21,0.0242
12,22,0.0224
12,23,0.0211
12,24,0.0203
12,25,0.0198
12,26,0.0198
12,27,0.0198
12,28,0.0198
12,29,0.0198
12,30,0.0198
12,31,0.0198
12,32,0.0198
12,33,0.0198
12,34,0.0198
12,35,0.0198
12,36,0.0198
12,37,0.0198
12,38,0.0198
12,39,0.0198
12,40,0.0198
13,1,0
13,2,0.1872
13,3,0.3104
13,4,0.6897
13,5,1
13,6,0.8018
13,7,0.505
13,8,0.3251
13,9,0.2477
13,10,0.2227
13,11,0.2137
13,12,0.2048
13,13,0.1889
13,14,0.1647
13,15,0.1352
13,16,0.1059
13,17,0.0817
13,18,0.0634
13,19,0.0501
13,20,0.0407
13,21,0.0339
13,22,0.0291
13,23,0.0257
13,24,0.0232
13,25,0.0214
13,26,0.0201
13,27,0.0192
13,28,0.0187
13,29,0.0183
13,30,0.0181
13,31,0.0181
13,32,0.0181
13,33,0.0181
13,34,0.0181
13,35,0.0181
13,36,0.0181
13,37,0.0181
13,38,0.0181
13,39,0.0181
13,40,0.0181
14,1,0
14,2,0
14,3,0
14,4,0
14,5,0
14,6,0.0012
14,7,0.0033
14,8,0.0215
14,9,0.108
14,10,0.2669
14,11,0.4075
14,12,0.4849
14,13,0.5219
14,14,0.5502
14,15,0.5766
14,16,0.6029
14,17,0.63
14,18,0.6586
14,19,0.6889
14,20,0.7212
14,21,0.7543
14,22,0.787
14,23,0.818
14,24,0.8467
14,25,0.8727
14,26,0.8958
14,27,0.9159
14,28,0.9332
14,29,0.9479
14,30,0.9601
14,31,0.9703
14,32,0.9785
14,33,0.9852
14,34,0.9904
14,35,0.9945
14,36,0.9977
14,37,1
14,38,1
14,39,1
14,40,1
15,1,0
15,2,0
15,3,0
15,4,0
15,5,0
15,6,0.042
15,7,0.0742
15,8,0.1521
15,9,0.1379
15,10,0.0578
15,11,0.0246
15,12,0.0176
15,13,0.0256
15,14,0.0578
15,15,0.1449
15,16,0.33
15,17,0.6112
15,18,0.8771
15,19,1
15,20,0.9876
15,21,0.9014
15,22,0.7936
15,23,0.6925
15,24,0.609
15,25,0.5447
15,26,0.5447
15,27,0.5447
15,28,0.5447
15,29,0.5447
15,30,0.5447
15,31,0.5447
15,32,0.5447
15,33,0.5447
15,34,0.5447
15,35,0.5447
15,36,0.5447
15,37,0.5447
15,38,0.5447
15,39,0.5447
15,40,0.5447
16,1,0.1106
16,2,0.3426
16,3,1
16,4,0.2921
16,5,0.0121
16,6,7e-04
16,7,2e-04
16,8,6e-04
16,9,0.0058
16,10,0.0464
16,11,0.1629
16,12,0.1782
16,13,0.0547
16,14,0.006
16,15,4e-04
16,16,0
16,17,0
16,18,0
16,19,0
16,20,0
16,21,0
16,22,0
16,23,0
16,24,0
16,25,0
16,26,0
16,27,0
16,28,0
16,29,0
16,30,0
16,31,0
16,32,0
16,33,0
16,34,0
16,35,0
16,36,0
16,37,0
16,38,0
16,39,0
16,40,0
17,1,0.1043
17,2,0.3452
17,3,1
17,4,0.2212
17,5,0.0054
17,6,2e-04
17,7,0
17,8,1e-04
17,9,4e-04
17,10,0.0037
17,11,0.0184
17,12,0.0368
17,13,0.0262
17,14,0.0078
17,15,0.0015
17,16,3e-04
17,17,0
17,18,0
17,19,0
17,20,0
17,21,0
17,22,0
17,23,0
17,24,0
17,25,0
17,26,0
17,27,0
17,28,0
17,29,0
17,30,0
17,31,0
17,32,0
17,33,0
17,34,0
17,35,0
17,36,0
17,37,0
17,38,0
17,39,0
17,40,0
18,1,0.2541
18,2,0.4309
18,3,0.8995
18,4,1
18,5,0.5487
18,6,0.2396
18,7,0.115
18,8,0.0712
18,9,0.0536
18,10,0.0442
18,11,0.0373
18,12,0.0311
18,13,0.025
18,14,0.0196
18,15,0.0153
18,16,0.0121
18,17,0.0099
18,18,0.0083
18,19,0.0072
18,20,0.0064
18,21,0.0059
18,22,0.0056
18,23,0.0053
18,24,0.0052
18,25,0.0052
18,26,0.0052
18,27,0.0052
18,28,0.0052
18,29,0.0052
18,30,0.0052
18,31,0.0052
18,32,0.0052
18,33,0.0052
18,34,0.0052
18,35,0.0052
18,36,0.0052
18,37,0.0052
18,38,0.0052
18,39,0.0052
18,40,0.0052
19,1,0.097
19,2,0.2136
19,3,0.6906
19,4,1
19,5,0.5735
19,6,0.2497
19,7,0.1279
19,8,0.0946
19,9,0.0877
19,10,0.0833
19,11,0.0722
19,12,0.0541
19,13,0.0342
19,14,0.019
19,15,0.0102
19,16,0.0056
19,17,0.0032
19,18,0.002
19,19,0.0014
19,20,0.001
19,21,8e-04
19,22,7e-04
19,23,6e-04
19,24,6e-04
19,25,5e-04
19,26,5e-04
19,27,5e-04
19,28,5e-04
19,29,5e-04
19,30,5e-04
19,31,5e-04
19,32,5e-04
19,33,5e-04
19,34,5e-04
19,35,5e-04
19,36,5e-04
19,37,5e-04
19,38,5e-04
19,39,5e-04
19,40,5e-04
20,1,0.0037
20,2,0.0096
20,3,0.0526
20,4,0.1912
20,5,0.3048
20,6,0.3176
20,7,0.3055
20,8,0.332
20,9,0.4301
20,10,0.5895
20,11,0.7767
20,12,0.9335
20,13,1
20,14,0.9502
20,15,0.8065
20,16,0.6314
20,17,0.4761
20,18,0.3561
20,19,0.2689
20,20,0.2073
20,21,0.1639
20,22,0.1334
20,23,0.1116
20,24,0.0959
20,25,0.0844
20,26,0.0759
20,27,0.0697
20,28,0.065
20,29,0.0615
20,30,0.0589
20,31,0.057
20,32,0.0556
20,33,0.0546
20,34,0.0539
20,35,0.0535
20,36,0.0533
20,37,0.0532
20,38,0.0532
20,39,0.0532
20,40,0.0532
21,1,0.0572
21,2,0.4875
21,3,1
21,4,0.125
21,5,0.0799
21,6,0.298
21,7,0.4477
21,8,0.1106
21,9,0.0208
21,10,0.0101
21,11,0.0101
21,12,0.0101
21,13,0.0101
21,14,0.0101
21,15,0.0101
21,16,0.0101
21,17,0.0101
21,18,0.0101
21,19,0.0101
21,20,0.0101
21,21,0.0101
21,22,0.0101
21,23,0.0101
21,24,0.0101
21,25,0.0101
21,26,0.0101
21,27,0.0101
21,28,0.0101
21,29,0.0101
21,30,0.0101
21,31,0.0101
21,32,0.0101
21,33,0.0101
21,34,0.0101
21,35,0.0101
21,36,0.0101
21,37,0.0101
21,38,0.0101
21,39,0.0101
21,40,0.0101
22,1,0.5581
22,2,1
22,3,0.5936
22,4,0.4741
22,5,0.4956
22,6,0.1002
22,7,0.033
22,8,0.033
22,9,0.033
22,10,0.033
22,11,0.033
22,12,0.033
22,13,0.033
22,14,0.033
22,15,0.033
22,16,0.033
22,17,0.033
22,18,0.033
22,19,0.033
22,20,0.033
22,21,0.033
22,22,0.033
22,23,0.033
22,24,0.033
22,25,0.033
22,26,0.033
22,27,0.033
22,28,0.033
22,29,0.033
22,30,0.033
22,31,0.033
22,32,0.033
22,33,0.033
22,34,0.033
22,35,0.033
22,36,0.033
22,37,0.033
22,38,0.033
22,39,0.033
22,40,0.033
23,1,0.028
23,2,1
23,3,0.8358
23,4,0.3374
23,5,0.1465
23,6,0.0766
23,7,0.0766
23,8,0.0766
23,9,0.0766
23,10,0.0766
23,11,0.0766
23,12,0.0766
23,13,0.0766
23,14,0.0766
23,15,0.0766
23,16,0.0766
23,17,0.0766
23,18,0.0766
23,19,0.0766
23,20,0.0766
23,21,0.0766
23,22,0.0766
23,23,0.0766
23,24,0.0766
23,25,0.0766
23,26,0.0766
23,27,0.0766
23,28,0.0766
23,29,0.0766
23,30,0.0766
23,31,0.0766
23,32,0.0766
23,33,0.0766
23,34,0.0766
23,35,0.0766
23,36,0.0766
23,37,0.0766
23,38,0.0766
23,39,0.0766
23,40,0.0766
24,1,0.0186
24,2,0.1044
24,3,1
24,4,0.9242
24,5,0.0767
24,6,0.0041
24,7,5e-04
24,8,3e-04
24,9,3e-04
24,10,4e-04
24,11,4e-04
24,12,3e-04
24,13,1e-04
24,14,0
24,15,0
24,16,0
24,17,0
24,18,0
24,19,0
24,20,0
24,21,0
24,22,0
24,23,0
24,24,0
24,25,0
24,26,0
24,27,0
24,28,0
24,29,0
24,30,0
24,31,0
24,32,0
24,33,0
24,34,0
24,35,0
24,36,0
24,37,0
24,38,0
24,39,0
24,40,0
25,1,0.0299
25,2,0.1748
25,3,1
25,4,0.8837
25,5,0.5377
25,6,0.4426
25,7,0.3771
25,8,0.2743
25,9,0.1761
25,10,0.1087
25,11,0.0681
25,12,0.045
25,13,0.0323
25,14,0.0254
25,15,0.0219
25,16,0.0207
25,17,0.0207
25,18,0.0215
25,19,0.0226
25,20,0.0238
25,21,0.025
25,22,0.0259
25,23,0.0266
25,24,0.027
25,25,0.0271
25,26,0.0271
25,27,0.0271
25,28,0.0271
25,29,0.0271
25,30,0.0271
25,31,0.0271
25,32,0.0271
25,33,0.0271
25,34,0.0271
25,35,0.0271
25,36,0.0271
25,37,0.0271
25,38,0.0271
25,39,0.0271
25,40,0.0271
26,1,0.0329
26,2,0.1904
26,3,1
26,4,0.8121
26,5,0.5787
26,6,0.6676
26,7,0.6662
26,8,0.3963
26,9,0.1799
26,10,0.088
26,11,0.056
26,12,0.0461
26,13,0.043
26,14,0.042
26,15,0.0406
26,16,0.0379
26,17,0.0343
26,18,0.0309
26,19,0.0279
26,20,0.0256
26,21,0.0238
26,22,0.0226
26,23,0.0218
26,24,0.0214
26,25,0.0212
26,26,0.0212
26,27,0.0212
26,28,0.0212
26,29,0.0212
26,30,0.0212
26,31,0.0212
26,32,0.0212
26,33,0.0212
26,34,0.0212
26,35,0.0212
26,36,0.0212
26,37,0.0212
26,38,0.0212
26,39,0.0212
26,40,0.0212
27,1,0.0113
27,2,0.0387
27,3,0.3
27,4,1
27,5,0.9351
27,6,0.4985
27,7,0.2604
27,8,0.1809
27,9,0.1702
27,10,0.1829
27,11,0.1999
27,12,0.208
27,13,0.199
27,14,0.1729
27,15,0.1389
27,16,0.1077
27,17,0.083
27,18,0.0647
27,19,0.0516
27,20,0.0423
27,21,0.0357
27,22,0.031
27,23,0.0276
27,24,0.0252
27,25,0.0235
27,26,0.0223
27,27,0.0216
27,28,0.0211
27,29,0.0208
27,30,0.0207
27,31,0.0207
27,32,0.0207
27,33,0.0207
27,34,0.0207
27,35,0.0207
27,36,0.0207
27,37,0.0207
27,38,0.0207
27,39,0.0207
27,40,0.0207
28,1,0.0189
28,2,0.0542
28,3,0.294
28,4,0.6946
28,5,0.4692
28,6,0.193
28,7,0.0888
28,8,0.0642
28,9,0.0781
28,10,0.1265
28,11,0.2234
28,12,0.3823
28,13,0.5924
28,14,0.8048
28,15,0.9502
28,16,1
28,17,0.9785
28,18,0.9175
28,19,0.8413
28,20,0.7647
28,21,0.6951
28,22,0.635
28,23,0.5848
28,24,0.5436
28,25,0.5104
28,26,0.4837
28,27,0.4626
28,28,0.4459
28,29,0.4329
28,30,0.4229
28,31,0.4154
28,32,0.4098
28,33,0.4057
28,34,0.403
28,35,0.4013
28,36,0.4004
28,37,0.4001
28,38,0.4001
28,39,0.4001
28,40,0.4001
29,1,0
29,2,0
29,3,0.0065
29,4,0.0128
29,5,0.0464
29,6,0.1471
29,7,0.2991
29,8,0.447
29,9,0.566
29,10,0.6653
29,11,0.7607
29,12,0.8475
29,13,0.9181
29,14,0.9677
29,15,0.9947
29,16,1
29,17,0.9866
29,18,0.9606
29,19,0.929
29,20,0.8964
29,21,0.8652
29,22,0.8369
29,23,0.8119
29,24,0.7904
29,25,0.7722
29,26,0.7569
29,27,0.7443
29,28,0.7339
29,29,0.7256
29,30,0.7189
29,31,0.7136
29,32,0.7095
29,33,0.7063
29,34,0.704
29,35,0.7023
29,36,0.7012
29,37,0.7005
29,38,0.7005
29,39,0.7005
29,40,0.7005
30,1,0
30,2,0
30,3,0.0024
30,4,0.0079
30,5,0.0653
30,6,0.3106
30,7,0.5097
30,8,0.4776
30,9,0.3964
30,10,0.377
30,11,0.4452
30,12,0.5784
30,13,0.7469
30,14,0.9051
30,15,1
30,16,0.9977
30,17,0.9015
30,18,0.7571
30,19,0.6132
30,20,0.4912
30,21,0.3952
30,22,0.3225
30,23,0.2683
30,24,0.2279
30,25,0.1979
30,26,0.1754
30,27,0.1585
30,28,0.1457
30,29,0.136
30,30,0.1286
30,31,0.1231
30,32,0.1189
30,33,0.1158
30,34,0.1135
30,35,0.1119
30,36,0.1108
30,37,0.1101
30,38,0.1101
30,39,0.1101
30,40,0.1101
31,1,0
31,2,0
31,3,0.0012
31,4,0.0027
31,5,0.0125
31,6,0.0475
31,7,0.1007
31,8,0.1517
31,9,0.2036
31,10,0.2778
31,11,0.4016
31,12,0.5726
31,13,0.7617
31,14,0.9201
31,15,1
31,16,0.9804
31,17,0.8753
31,18,0.7314
31,19,0.592
31,20,0.4751
31,21,0.3836
31,22,0.3144
31,23,0.2627
31,24,0.2242
31,25,0.1954
31,26,0.1738
31,27,0.1575
31,28,0.1452
31,29,0.1358
31,30,0.1287
31,31,0.1233
31,32,0.1193
31,33,0.1163
31,34,0.1141
31,35,0.1125
31,36,0.1114
31,37,0.1108
31,38,0.1108
31,39,0.1108
31,40,0.1108
32,1,0
32,2,0
32,3,0.0047
32,4,0.0075
32,5,0.0188
32,6,0.0466
32,7,0.0925
32,8,0.1555
32,9,0.237
32,10,0.3423
32,11,0.4766
32,12,0.6289
32,13,0.778
32,14,0.9
32,15,0.9765
32,16,1
32,17,0.9741
32,18,0.9158
32,19,0.8451
32,20,0.7742
32,21,0.7094
32,22,0.653
32,23,0.6054
32,24,0.566
32,25,0.5338
32,26,0.5076
32,27,0.4865
32,28,0.4697
32,29,0.4563
32,30,0.4457
32,31,0.4375
32,32,0.4311
32,33,0.4263
32,34,0.4228
32,35,0.4202
32,36,0.4185
32,37,0.4174
32,38,0.4174
32,39,0.4174
32,40,0.4174
33,1,0
33,2,0
33,3,0.0015
33,4,0.0021
33,5,0.0046
33,6,0.0125
33,7,0.0359
33,8,0.0915
33,9,0.1873
33,10,0.295
33,11,0.3647
33,12,0.3904
33,13,0.3911
33,14,0.385
33,15,0.3831
33,16,0.3915
33,17,0.4135
33,18,0.448
33,19,0.4913
33,20,0.5401
33,21,0.5918
33,22,0.6441
33,23,0.6951
33,24,0.7434
33,25,0.7877
33,26,0.8276
33,27,0.8625
33,28,0.8926
33,29,0.918
33,30,0.939
33,31,0.956
33,32,0.9695
33,33,0.98
33,34,0.9879
33,35,0.9936
33,36,0.9975
33,37,1
33,38,1
33,39,1
33,40,1
